Zip,County,Month,ZORI
33647,Hillsborough,2015-01-31,1104.6405356875287
33647,Hillsborough,2015-02-28,1100.946598156728
33647,Hillsborough,2015-03-31,1103.0949605635046
33647,Hillsborough,2015-04-30,1106.491701900117
33647,Hillsborough,2015-05-31,1110.2593361150732
33647,Hillsborough,2015-06-30,1118.6470505696436
33647,Hillsborough,2015-07-31,1126.2277634148681
33647,Hillsborough,2015-08-31,1136.112617533902
33647,Hillsborough,2015-09-30,1133.39199276298
33647,Hillsborough,2015-10-31,1133.9653120177466
33647,Hillsborough,2015-11-30,1128.8955879481848
33647,Hillsborough,2015-12-31,1138.293877974976
33647,Hillsborough,2016-01-31,1141.408590588591
33647,Hillsborough,2016-02-29,1142.9516958808874
33647,Hillsborough,2016-03-31,1135.471450486404
33647,Hillsborough,2016-04-30,1141.2096930807074
33647,Hillsborough,2016-05-31,1147.3330553917256
33647,Hillsborough,2016-06-30,1162.7307984683455
33647,Hillsborough,2016-07-31,1170.2920833004464
33647,Hillsborough,2016-08-31,1178.9944462627004
33647,Hillsborough,2016-09-30,1182.0431066279027
33647,Hillsborough,2016-10-31,1173.9365933533034
33647,Hillsborough,2016-11-30,1165.765591743643
33647,Hillsborough,2016-12-31,1169.9653019634698
33647,Hillsborough,2017-01-31,1181.0871910222556
33647,Hillsborough,2017-02-28,1185.48727379211
33647,Hillsborough,2017-03-31,1190.7875312076476
33647,Hillsborough,2017-04-30,1195.816413711265
33647,Hillsborough,2017-05-31,1209.8099002769568
33647,Hillsborough,2017-06-30,1217.958991317704
33647,Hillsborough,2017-07-31,1223.8070395022085
33647,Hillsborough,2017-08-31,1226.8911643531508
33647,Hillsborough,2017-09-30,1226.4600389239947
33647,Hillsborough,2017-10-31,1229.1346117998808
33647,Hillsborough,2017-11-30,1230.573440234513
33647,Hillsborough,2017-12-31,1229.7652612042702
33647,Hillsborough,2018-01-31,1229.6350742382538
33647,Hillsborough,2018-02-28,1227.3883883144194
33647,Hillsborough,2018-03-31,1230.0650340588168
33647,Hillsborough,2018-04-30,1236.263545947244
33647,Hillsborough,2018-05-31,1249.7344892880667
33647,Hillsborough,2018-06-30,1259.033904421739
33647,Hillsborough,2018-07-31,1270.9405953245548
33647,Hillsborough,2018-08-31,1276.8258301110902
33647,Hillsborough,2018-09-30,1280.7139511808698
33647,Hillsborough,2018-10-31,1279.3764061007364
33647,Hillsborough,2018-11-30,1277.6228603550137
33647,Hillsborough,2018-12-31,1280.4995604274625
33647,Hillsborough,2019-01-31,1286.709466533814
33647,Hillsborough,2019-02-28,1287.3788176094013
33647,Hillsborough,2019-03-31,1283.8975503604013
33647,Hillsborough,2019-04-30,1279.0909079092644
33647,Hillsborough,2019-05-31,1289.5790861813857
33647,Hillsborough,2019-06-30,1299.0961570332315
33647,Hillsborough,2019-07-31,1304.071544162221
33647,Hillsborough,2019-08-31,1308.831359070979
33647,Hillsborough,2019-09-30,1309.4375984453761
33647,Hillsborough,2019-10-31,1314.633098452944
33647,Hillsborough,2019-11-30,1317.5533063375965
33647,Hillsborough,2019-12-31,1320.9316026807269
33647,Hillsborough,2020-01-31,1317.710033732942
33647,Hillsborough,2020-02-29,1314.8309674254697
33647,Hillsborough,2020-03-31,1315.563641400473
33647,Hillsborough,2020-04-30,1316.276526046353
33647,Hillsborough,2020-05-31,1323.2513530201027
33647,Hillsborough,2020-06-30,1330.5029226490979
33647,Hillsborough,2020-07-31,1349.633393881835
33647,Hillsborough,2020-08-31,1354.9063307089186
33647,Hillsborough,2020-09-30,1366.520815559762
33647,Hillsborough,2020-10-31,1374.1820813153263
33647,Hillsborough,2020-11-30,1377.6688311621078
33647,Hillsborough,2020-12-31,1380.5284371757425
33647,Hillsborough,2021-01-31,1376.9776461798326
33647,Hillsborough,2021-02-28,1397.1097656004297
33647,Hillsborough,2021-03-31,1415.1975899518372
33647,Hillsborough,2021-04-30,1450.2478690175533
33647,Hillsborough,2021-05-31,1490.6368162177478
33647,Hillsborough,2021-07-31,1620.6621671867633
33647,Hillsborough,2021-08-31,1692.4579421856547
33647,Hillsborough,2021-09-30,1735.41377947258
33647,Hillsborough,2021-10-31,1782.9636559030118
33647,Hillsborough,2021-11-30,1787.068458808608
33647,Hillsborough,2021-12-31,1799.8158279882439
33647,Hillsborough,2022-01-31,1791.642337320694
33647,Hillsborough,2022-02-28,1805.8859182662381
33647,Hillsborough,2022-03-31,1814.5577129700287
33647,Hillsborough,2022-04-30,1835.8706577038315
33647,Hillsborough,2022-05-31,1842.7861118082913
33647,Hillsborough,2022-06-30,1868.0061739021528
33647,Hillsborough,2022-07-31,1882.4925928627806
33647,Hillsborough,2022-08-31,1893.8157489230105
33647,Hillsborough,2022-09-30,1875.8104528298954
33647,Hillsborough,2022-10-31,1849.8567653535872
33647,Hillsborough,2022-11-30,1851.967107975833
33647,Hillsborough,2022-12-31,1865.3159699507946
33647,Hillsborough,2023-01-31,1869.379619287293
33647,Hillsborough,2023-02-28,1866.6067045423974
33647,Hillsborough,2023-03-31,1874.7506398284213
33647,Hillsborough,2023-04-30,1885.6842891836673
33647,Hillsborough,2023-05-31,1885.0493753783194
33647,Hillsborough,2023-06-30,1885.6136393423478
33647,Hillsborough,2023-07-31,1894.4681559928028
33647,Hillsborough,2023-08-31,1898.499760386977
33647,Hillsborough,2023-09-30,1881.2637201848925
33647,Hillsborough,2023-10-31,1864.7140396726402
33647,Hillsborough,2023-11-30,1846.612187721761
33647,Hillsborough,2023-12-31,1847.42667749719
33647,Hillsborough,2024-01-31,1847.58993311047
33647,Hillsborough,2024-02-29,1852.2757274782302
33647,Hillsborough,2024-03-31,1854.035755700726
33647,Hillsborough,2024-04-30,1852.0798234922975
33647,Hillsborough,2024-05-31,1853.768162189038
33647,Hillsborough,2024-06-30,1848.4454901316035
33647,Hillsborough,2024-07-31,1859.3362986593593
33647,Hillsborough,2024-08-31,1854.1763343272203
33647,Hillsborough,2024-09-30,1850.3923924790802
33647,Hillsborough,2024-10-31,1848.6991876971585
33647,Hillsborough,2024-11-30,1854.3550875020842
33647,Hillsborough,2024-12-31,1857.1254486041664
33647,Hillsborough,2025-01-31,1856.9957094447295
33647,Hillsborough,2025-02-28,1863.5806754129526
33647,Hillsborough,2025-03-31,1880.7269038278503
33647,Hillsborough,2025-04-30,1885.7700880038487
33647,Hillsborough,2025-05-31,1890.9602736367676
33647,Hillsborough,2025-06-30,1897.94355474075
33647,Hillsborough,2025-07-31,1909.0610812231823
33647,Hillsborough,2025-08-31,1908.4676094664917
33647,Hillsborough,2025-09-30,1891.3169637791977
33647,Hillsborough,2025-10-31,1874.2252584772746
33647,Hillsborough,2025-11-30,1868.7745950707479
33647,Hillsborough,2025-12-31,1884.6228790817495
33647,Hillsborough,2026-01-31,1883.7819477714536
33647,Hillsborough,2026-02-28,1878.4088861586556
33647,Hillsborough,2026-03-31,1856.2586193291054
33647,Hillsborough,2026-04-30,1848.0085544399592
33647,Hillsborough,2026-05-31,1854.7214555855478
33647,Hillsborough,2026-06-30,1862.08723649839
33511,Hillsborough,2015-01-31,924.9034139679242
33511,Hillsborough,2015-02-28,928.2866508818967
33511,Hillsborough,2015-03-31,930.1998861483917
33511,Hillsborough,2015-04-30,937.4999456731728
33511,Hillsborough,2015-05-31,942.2034121151019
33511,Hillsborough,2015-06-30,949.4024923911843
33511,Hillsborough,2015-07-31,950.8433306842608
33511,Hillsborough,2015-08-31,951.8647357235618
33511,Hillsborough,2015-09-30,953.8370636040308
33511,Hillsborough,2015-10-31,956.2709724999618
33511,Hillsborough,2015-11-30,965.3108053442458
33511,Hillsborough,2015-12-31,960.2958089601159
33511,Hillsborough,2016-01-31,963.7972308973059
33511,Hillsborough,2016-02-29,968.5490146392028
33511,Hillsborough,2016-03-31,972.0240049074085
33511,Hillsborough,2016-04-30,982.388027976496
33511,Hillsborough,2016-05-31,983.2215190920158
33511,Hillsborough,2016-06-30,994.657438165212
33511,Hillsborough,2016-07-31,992.6360100949245
33511,Hillsborough,2016-08-31,997.1595510343714
33511,Hillsborough,2016-09-30,1001.759171889266
33511,Hillsborough,2016-10-31,1001.1925024365913
33511,Hillsborough,2016-11-30,1005.2714088239743
33511,Hillsborough,2016-12-31,1003.3041844939305
33511,Hillsborough,2017-01-31,1006.8614280295492
33511,Hillsborough,2017-02-28,1006.3831873750631
33511,Hillsborough,2017-03-31,1014.9851677658097
33511,Hillsborough,2017-04-30,1023.2835877549747
33511,Hillsborough,2017-05-31,1030.5331495409998
33511,Hillsborough,2017-06-30,1028.6274319194972
33511,Hillsborough,2017-07-31,1031.074472366439
33511,Hillsborough,2017-08-31,1033.3663110200014
33511,Hillsborough,2017-09-30,1030.2047372385762
33511,Hillsborough,2017-10-31,1025.59292249083
33511,Hillsborough,2017-11-30,1023.2593017488767
33511,Hillsborough,2017-12-31,1037.0057004034988
33511,Hillsborough,2018-01-31,1050.7991972617067
33511,Hillsborough,2018-02-28,1060.4593347565017
33511,Hillsborough,2018-03-31,1063.493915320212
33511,Hillsborough,2018-04-30,1070.5010360817303
33511,Hillsborough,2018-05-31,1070.9848153010255
33511,Hillsborough,2018-06-30,1078.3008571860967
33511,Hillsborough,2018-07-31,1078.0895452310403
33511,Hillsborough,2018-08-31,1079.8756660975457
33511,Hillsborough,2018-09-30,1070.5174513033262
33511,Hillsborough,2018-10-31,1074.2673670008346
33511,Hillsborough,2018-11-30,1081.138080901575
33511,Hillsborough,2018-12-31,1085.487267797918
33511,Hillsborough,2019-01-31,1084.363126209174
33511,Hillsborough,2019-02-28,1087.535967956514
33511,Hillsborough,2019-03-31,1098.326095326677
33511,Hillsborough,2019-04-30,1114.1790701479792
33511,Hillsborough,2019-05-31,1129.632217378979
33511,Hillsborough,2019-06-30,1139.681474781707
33511,Hillsborough,2019-07-31,1139.3657259241136
33511,Hillsborough,2019-08-31,1134.9161601448372
33511,Hillsborough,2019-09-30,1140.552224961144
33511,Hillsborough,2019-10-31,1143.6651886251345
33511,Hillsborough,2019-11-30,1139.8339603894754
33511,Hillsborough,2019-12-31,1140.2944593603186
33511,Hillsborough,2020-01-31,1132.3806709425398
33511,Hillsborough,2020-02-29,1140.5668415222515
33511,Hillsborough,2020-03-31,1152.3176389032415
33511,Hillsborough,2020-04-30,1167.2051478570638
33511,Hillsborough,2020-05-31,1170.3190946964426
33511,Hillsborough,2020-06-30,1163.5137632118572
33511,Hillsborough,2020-07-31,1176.7696025802304
33511,Hillsborough,2020-08-31,1183.9058235278483
33511,Hillsborough,2020-09-30,1195.8288345060516
33511,Hillsborough,2020-10-31,1195.0551726082085
33511,Hillsborough,2020-11-30,1209.3402812124625
33511,Hillsborough,2020-12-31,1212.2050420110947
33511,Hillsborough,2021-01-31,1215.5802873912387
33511,Hillsborough,2021-02-28,1211.1662156784382
33511,Hillsborough,2021-03-31,1209.7325976063087
33511,Hillsborough,2021-04-30,1219.9107833688222
33511,Hillsborough,2021-05-31,1247.8040809871354
33511,Hillsborough,2021-06-30,1283.9532154127953
33511,Hillsborough,2021-07-31,1327.2434749237293
33511,Hillsborough,2021-08-31,1361.3001983406896
33511,Hillsborough,2021-09-30,1406.8854618375624
33511,Hillsborough,2021-10-31,1439.253262422117
33511,Hillsborough,2021-11-30,1457.7673405115074
33511,Hillsborough,2021-12-31,1464.2463235499195
33511,Hillsborough,2022-01-31,1437.6156672217994
33511,Hillsborough,2022-02-28,1461.871974621872
33511,Hillsborough,2022-03-31,1470.2143625745991
33511,Hillsborough,2022-04-30,1538.5540401297083
33511,Hillsborough,2022-05-31,1572.6671916721975
33511,Hillsborough,2022-06-30,1608.0163613304844
33511,Hillsborough,2022-07-31,1616.7935187826622
33511,Hillsborough,2022-08-31,1626.3422451222891
33511,Hillsborough,2022-09-30,1635.157307654904
33511,Hillsborough,2022-10-31,1640.8231149043622
33511,Hillsborough,2022-11-30,1639.2202731843872
33511,Hillsborough,2022-12-31,1633.2790719264133
33511,Hillsborough,2023-01-31,1608.0243503214501
33511,Hillsborough,2023-02-28,1587.5914293662493
33511,Hillsborough,2023-03-31,1600.298606620087
33511,Hillsborough,2023-04-30,1616.973430515551
33511,Hillsborough,2023-05-31,1647.6814743572584
33511,Hillsborough,2023-06-30,1656.0604222187735
33511,Hillsborough,2023-07-31,1665.4588681883433
33511,Hillsborough,2023-08-31,1670.3012664959265
33511,Hillsborough,2023-09-30,1658.8358390788826
33511,Hillsborough,2023-10-31,1697.7267129737602
33511,Hillsborough,2023-11-30,1712.0747473649883
33511,Hillsborough,2023-12-31,1711.9444665144974
33511,Hillsborough,2024-01-31,1670.9805549812152
33511,Hillsborough,2024-02-29,1640.7043977991127
33511,Hillsborough,2024-03-31,1647.1258696522239
33511,Hillsborough,2024-04-30,1648.7577519678748
33511,Hillsborough,2024-05-31,1652.985272965372
33511,Hillsborough,2024-06-30,1659.6555937901182
33511,Hillsborough,2024-07-31,1668.743696097533
33511,Hillsborough,2024-08-31,1669.5832249173473
33511,Hillsborough,2024-09-30,1670.2243166263925
33511,Hillsborough,2024-10-31,1676.6540530213847
33511,Hillsborough,2024-11-30,1694.6584741134993
33511,Hillsborough,2024-12-31,1696.1225871815682
33511,Hillsborough,2025-01-31,1695.8733397250894
33511,Hillsborough,2025-02-28,1695.3509766924476
33511,Hillsborough,2025-03-31,1692.14479782093
33511,Hillsborough,2025-04-30,1692.954775819602
33511,Hillsborough,2025-05-31,1690.0194830945836
33511,Hillsborough,2025-06-30,1709.2181778901247
33511,Hillsborough,2025-07-31,1716.8798318878855
33511,Hillsborough,2025-08-31,1711.2889363369766
33511,Hillsborough,2025-09-30,1684.3003048352555
33511,Hillsborough,2025-10-31,1673.9894748205893
33511,Hillsborough,2025-11-30,1671.8526868869767
33511,Hillsborough,2025-12-31,1667.802206516775
33511,Hillsborough,2026-01-31,1662.6263822644519
33511,Hillsborough,2026-02-28,1654.3259679741204
33511,Hillsborough,2026-03-31,1668.2986968595942
33511,Hillsborough,2026-04-30,1656.621012098517
33511,Hillsborough,2026-05-31,1647.4424783731436
33511,Hillsborough,2026-06-30,1630.4477616041706
33578,Hillsborough,2015-01-31,1132.8554261535737
33578,Hillsborough,2015-02-28,1136.6576073556876
33578,Hillsborough,2015-03-31,1145.0520779071442
33578,Hillsborough,2015-04-30,1143.998335740809
33578,Hillsborough,2015-05-31,1151.7287163366038
33578,Hillsborough,2015-06-30,1153.643180967357
33578,Hillsborough,2015-07-31,1161.487870651315
33578,Hillsborough,2015-08-31,1165.1214262149556
33578,Hillsborough,2015-09-30,1168.56683681599
33578,Hillsborough,2015-10-31,1169.553132194493
33578,Hillsborough,2015-11-30,1167.8777799162108
33578,Hillsborough,2015-12-31,1170.6893450546918
33578,Hillsborough,2016-01-31,1172.5036818377862
33578,Hillsborough,2016-02-29,1179.1989240501348
33578,Hillsborough,2016-03-31,1179.0738366094208
33578,Hillsborough,2016-04-30,1186.961084923983
33578,Hillsborough,2016-05-31,1193.2196043022957
33578,Hillsborough,2016-06-30,1207.4867630012634
33578,Hillsborough,2016-07-31,1207.7717954264428
33578,Hillsborough,2016-08-31,1213.0546081521923
33578,Hillsborough,2016-09-30,1211.0792360832982
33578,Hillsborough,2016-10-31,1215.5878891499112
33578,Hillsborough,2016-11-30,1218.651170093354
33578,Hillsborough,2016-12-31,1213.3212257611897
33578,Hillsborough,2017-01-31,1224.8114415446425
33578,Hillsborough,2017-02-28,1227.7000506773634
33578,Hillsborough,2017-03-31,1247.0591154796857
33578,Hillsborough,2017-04-30,1239.9323835719365
33578,Hillsborough,2017-05-31,1252.1262377971354
33578,Hillsborough,2017-06-30,1250.523476806448
33578,Hillsborough,2017-07-31,1259.5387285174083
33578,Hillsborough,2017-08-31,1263.4213153375897
33578,Hillsborough,2017-09-30,1268.374160617225
33578,Hillsborough,2017-10-31,1267.7205085384294
33578,Hillsborough,2017-11-30,1260.159774750502
33578,Hillsborough,2017-12-31,1264.718642689387
33578,Hillsborough,2018-01-31,1263.6536457201473
33578,Hillsborough,2018-02-28,1266.8698684108942
33578,Hillsborough,2018-03-31,1271.9094903162281
33578,Hillsborough,2018-04-30,1289.4022794052455
33578,Hillsborough,2018-05-31,1298.741019651584
33578,Hillsborough,2018-06-30,1306.8017262448514
33578,Hillsborough,2018-07-31,1302.0460843504904
33578,Hillsborough,2018-08-31,1308.7435011747955
33578,Hillsborough,2018-09-30,1300.303241779075
33578,Hillsborough,2018-10-31,1305.343358998657
33578,Hillsborough,2018-11-30,1301.9967156057467
33578,Hillsborough,2018-12-31,1293.5222411064974
33578,Hillsborough,2019-01-31,1297.3061394645338
33578,Hillsborough,2019-02-28,1304.0897892332193
33578,Hillsborough,2019-03-31,1331.3388682315124
33578,Hillsborough,2019-04-30,1340.6145334411406
33578,Hillsborough,2019-05-31,1349.0116824058737
33578,Hillsborough,2019-06-30,1354.691643736289
33578,Hillsborough,2019-07-31,1357.8359853354416
33578,Hillsborough,2019-08-31,1358.122001973661
33578,Hillsborough,2019-09-30,1355.0878854997834
33578,Hillsborough,2019-10-31,1343.042214333543
33578,Hillsborough,2019-11-30,1329.5457706458485
33578,Hillsborough,2019-12-31,1323.2337167588578
33578,Hillsborough,2020-01-31,1329.4346670774726
33578,Hillsborough,2020-02-29,1352.336696292983
33578,Hillsborough,2020-03-31,1371.052976719372
33578,Hillsborough,2020-04-30,1379.710795294883
33578,Hillsborough,2020-05-31,1384.6482807034843
33578,Hillsborough,2020-06-30,1388.4338894554592
33578,Hillsborough,2020-07-31,1412.0151292521923
33578,Hillsborough,2020-08-31,1417.9982369645165
33578,Hillsborough,2020-09-30,1426.8793093429615
33578,Hillsborough,2020-10-31,1438.7946430955
33578,Hillsborough,2020-11-30,1457.2338752625303
33578,Hillsborough,2020-12-31,1471.7967700710394
33578,Hillsborough,2021-01-31,1468.2432837395897
33578,Hillsborough,2021-02-28,1478.7552089909623
33578,Hillsborough,2021-03-31,1489.2731577667757
33578,Hillsborough,2021-04-30,1514.8764834174206
33578,Hillsborough,2021-05-31,1549.944673133216
33578,Hillsborough,2021-06-30,1606.4172239649888
33578,Hillsborough,2021-07-31,1677.151690015784
33578,Hillsborough,2021-08-31,1744.7982596675706
33578,Hillsborough,2021-09-30,1790.5495970151756
33578,Hillsborough,2021-10-31,1820.2231325676637
33578,Hillsborough,2021-11-30,1840.4465166313064
33578,Hillsborough,2021-12-31,1839.5670118790367
33578,Hillsborough,2022-01-31,1847.6515341984561
33578,Hillsborough,2022-02-28,1855.6341280776471
33578,Hillsborough,2022-03-31,1879.2160471700236
33578,Hillsborough,2022-04-30,1892.7560641060245
33578,Hillsborough,2022-05-31,1920.0356642365996
33578,Hillsborough,2022-06-30,1946.279170582714
33578,Hillsborough,2022-07-31,1974.1821011133934
33578,Hillsborough,2022-08-31,1972.037458579132
33578,Hillsborough,2022-09-30,1967.8081354041408
33578,Hillsborough,2022-10-31,1946.1145670651308
33578,Hillsborough,2022-11-30,1923.571753264094
33578,Hillsborough,2022-12-31,1933.5166444914023
33578,Hillsborough,2023-01-31,1939.4952189389983
33578,Hillsborough,2023-02-28,1951.0716417090339
33578,Hillsborough,2023-03-31,1947.7689994597022
33578,Hillsborough,2023-04-30,1950.76762458381
33578,Hillsborough,2023-05-31,1949.771538002836
33578,Hillsborough,2023-06-30,1961.0551708653336
33578,Hillsborough,2023-07-31,1981.6261784136311
33578,Hillsborough,2023-08-31,1987.8927829362533
33578,Hillsborough,2023-09-30,1964.0770061013786
33578,Hillsborough,2023-10-31,1943.0944908518252
33578,Hillsborough,2023-11-30,1929.4924197706418
33578,Hillsborough,2023-12-31,1932.7775580192088
33578,Hillsborough,2024-01-31,1920.2609679307222
33578,Hillsborough,2024-02-29,1931.6382409090054
33578,Hillsborough,2024-03-31,1938.6568774452574
33578,Hillsborough,2024-04-30,1951.407022702438
33578,Hillsborough,2024-05-31,1960.8854949072513
33578,Hillsborough,2024-06-30,1966.281811389969
33578,Hillsborough,2024-07-31,1974.6134872974421
33578,Hillsborough,2024-08-31,1965.1560348149471
33578,Hillsborough,2024-09-30,1961.476756146129
33578,Hillsborough,2024-10-31,1966.8372743380392
33578,Hillsborough,2024-11-30,1966.1059033901242
33578,Hillsborough,2024-12-31,1958.2399032502992
33578,Hillsborough,2025-01-31,1945.714556935471
33578,Hillsborough,2025-02-28,1952.5989520209437
33578,Hillsborough,2025-03-31,1971.3758263494879
33578,Hillsborough,2025-04-30,1980.1816719270153
33578,Hillsborough,2025-05-31,1984.0040693239948
33578,Hillsborough,2025-06-30,1985.2847845696647
33578,Hillsborough,2025-07-31,1989.5842400170193
33578,Hillsborough,2025-08-31,1999.5718081931057
33578,Hillsborough,2025-09-30,1991.3257592679304
33578,Hillsborough,2025-10-31,1971.7961629256124
33578,Hillsborough,2025-11-30,1946.6970119662858
33578,Hillsborough,2025-12-31,1946.5135170324274
33578,Hillsborough,2026-01-31,1952.81973613643
33578,Hillsborough,2026-02-28,1961.1106711993546
33578,Hillsborough,2026-03-31,1955.8945597678594
33578,Hillsborough,2026-04-30,1973.530119965358
33578,Hillsborough,2026-05-31,1981.1705557548426
33578,Hillsborough,2026-06-30,1985.342973674453
33612,Hillsborough,2016-05-31,838.2938442853895
33612,Hillsborough,2016-06-30,830.7824965380859
33612,Hillsborough,2016-07-31,838.4587174150703
33612,Hillsborough,2016-08-31,841.060202859325
33612,Hillsborough,2016-09-30,852.2961203380027
33612,Hillsborough,2016-10-31,854.1509961778578
33612,Hillsborough,2016-11-30,851.0476736401904
33612,Hillsborough,2016-12-31,849.8170211057875
33612,Hillsborough,2017-01-31,858.5690998264487
33612,Hillsborough,2017-02-28,872.6832386129025
33612,Hillsborough,2017-03-31,881.272449906263
33612,Hillsborough,2017-04-30,890.186748633006
33612,Hillsborough,2017-05-31,897.8585153087737
33612,Hillsborough,2017-06-30,908.2658460460098
33612,Hillsborough,2017-07-31,911.576598072468
33612,Hillsborough,2017-08-31,911.4832565173388
33612,Hillsborough,2017-09-30,905.8710923465294
33612,Hillsborough,2017-10-31,900.947559020433
33612,Hillsborough,2017-11-30,901.7832503786325
33612,Hillsborough,2017-12-31,908.6542748513652
33612,Hillsborough,2018-01-31,918.3029543302473
33612,Hillsborough,2018-02-28,920.955598121339
33612,Hillsborough,2018-03-31,924.2113918020867
33612,Hillsborough,2018-04-30,934.5603763926574
33612,Hillsborough,2018-05-31,937.6036626390849
33612,Hillsborough,2018-06-30,933.0733496480187
33612,Hillsborough,2018-07-31,939.122916041965
33612,Hillsborough,2018-08-31,949.9006441494911
33612,Hillsborough,2018-09-30,970.1202578765418
33612,Hillsborough,2018-10-31,950.4849096013872
33612,Hillsborough,2018-11-30,955.1180634534999
33612,Hillsborough,2018-12-31,964.5912677180056
33612,Hillsborough,2019-01-31,980.8402649669222
33612,Hillsborough,2019-02-28,993.6023826159301
33612,Hillsborough,2019-03-31,996.2420753493822
33612,Hillsborough,2019-04-30,1009.3426835885357
33612,Hillsborough,2019-05-31,1016.1624354888199
33612,Hillsborough,2019-06-30,1030.4938789859264
33612,Hillsborough,2019-07-31,1032.2663795385818
33612,Hillsborough,2019-08-31,1042.1597945781657
33612,Hillsborough,2019-09-30,1043.901617119456
33612,Hillsborough,2019-10-31,1040.7432302200243
33612,Hillsborough,2019-11-30,1032.6156597421598
33612,Hillsborough,2019-12-31,1036.3312367512408
33612,Hillsborough,2020-01-31,1046.7614341842575
33612,Hillsborough,2020-02-29,1056.2005511873076
33612,Hillsborough,2020-03-31,1065.4637759104726
33612,Hillsborough,2020-04-30,1065.3487103228717
33612,Hillsborough,2020-05-31,1062.5505756136781
33612,Hillsborough,2020-06-30,1046.800638769142
33612,Hillsborough,2020-07-31,1052.1915932827224
33612,Hillsborough,2020-08-31,1069.6351263653935
33612,Hillsborough,2020-09-30,1081.1352397983667
33612,Hillsborough,2020-10-31,1086.099579336601
33612,Hillsborough,2020-11-30,1075.9388770905055
33612,Hillsborough,2020-12-31,1085.3756791552955
33612,Hillsborough,2021-01-31,1089.208782803358
33612,Hillsborough,2021-02-28,1090.4298168445068
33612,Hillsborough,2021-03-31,1100.4596073674984
33612,Hillsborough,2021-04-30,1114.9137506465488
33612,Hillsborough,2021-05-31,1134.677133993045
33612,Hillsborough,2021-06-30,1178.8093319792229
33612,Hillsborough,2021-07-31,1231.744713575062
33612,Hillsborough,2021-08-31,1300.2319513418283
33612,Hillsborough,2021-09-30,1323.597144630314
33612,Hillsborough,2021-10-31,1327.8318233949665
33612,Hillsborough,2021-11-30,1338.7254182021863
33612,Hillsborough,2021-12-31,1358.9192752020224
33612,Hillsborough,2022-01-31,1401.175559138361
33612,Hillsborough,2022-02-28,1439.374010682483
33612,Hillsborough,2022-03-31,1460.2340001867997
33612,Hillsborough,2022-04-30,1474.443069911994
33612,Hillsborough,2022-05-31,1486.2334437523157
33612,Hillsborough,2022-06-30,1503.1074924051993
33612,Hillsborough,2022-07-31,1529.9040643767225
33612,Hillsborough,2022-08-31,1532.7405117405185
33612,Hillsborough,2022-09-30,1528.3324164037363
33612,Hillsborough,2022-10-31,1522.9805340934895
33612,Hillsborough,2022-11-30,1511.0106558783236
33612,Hillsborough,2022-12-31,1518.9475577852802
33612,Hillsborough,2023-01-31,1502.8917641904657
33612,Hillsborough,2023-02-28,1488.463503576931
33612,Hillsborough,2023-03-31,1477.0149161320255
33612,Hillsborough,2023-04-30,1478.7277900338588
33612,Hillsborough,2023-05-31,1509.0083415505565
33612,Hillsborough,2023-06-30,1508.159674510912
33612,Hillsborough,2023-07-31,1520.6158897612559
33612,Hillsborough,2023-08-31,1493.6364103061878
33612,Hillsborough,2023-09-30,1500.944593537955
33612,Hillsborough,2023-10-31,1472.7640156028601
33612,Hillsborough,2023-11-30,1476.3460959342376
33612,Hillsborough,2023-12-31,1468.300242623918
33612,Hillsborough,2024-01-31,1486.9496642551183
33612,Hillsborough,2024-02-29,1484.8015781779877
33612,Hillsborough,2024-03-31,1492.2090308844947
33612,Hillsborough,2024-04-30,1503.1568538239842
33612,Hillsborough,2024-05-31,1539.135918078845
33612,Hillsborough,2024-06-30,1555.4570259460522
33612,Hillsborough,2024-07-31,1547.8148897584701
33612,Hillsborough,2024-08-31,1531.3297987236601
33612,Hillsborough,2024-09-30,1530.8232695915785
33612,Hillsborough,2024-10-31,1537.8816456149632
33612,Hillsborough,2024-11-30,1541.0522166281387
33612,Hillsborough,2024-12-31,1538.766401960864
33612,Hillsborough,2025-01-31,1531.9761845657217
33612,Hillsborough,2025-02-28,1531.3515225285698
33612,Hillsborough,2025-03-31,1536.644371312063
33612,Hillsborough,2025-04-30,1539.32023321701
33612,Hillsborough,2025-05-31,1527.2982505923405
33612,Hillsborough,2025-06-30,1511.9312682796324
33612,Hillsborough,2025-07-31,1514.837907511031
33612,Hillsborough,2025-08-31,1532.93326989309
33612,Hillsborough,2025-09-30,1551.7476992246823
33612,Hillsborough,2025-10-31,1549.3143419327232
33612,Hillsborough,2025-11-30,1532.037607416345
33612,Hillsborough,2025-12-31,1520.4991977019927
33612,Hillsborough,2026-01-31,1536.8565254876742
33612,Hillsborough,2026-02-28,1540.6939681001918
33612,Hillsborough,2026-03-31,1548.6012548959336
33612,Hillsborough,2026-04-30,1536.229505175697
33612,Hillsborough,2026-05-31,1543.5097771625406
33612,Hillsborough,2026-06-30,1544.9375175175176
33615,Hillsborough,2015-01-31,905.2257891689881
33615,Hillsborough,2015-02-28,917.9277409353858
33615,Hillsborough,2015-03-31,916.4182336498097
33615,Hillsborough,2015-04-30,915.4359786200557
33615,Hillsborough,2015-05-31,924.6088671083714
33615,Hillsborough,2015-06-30,925.4530399255451
33615,Hillsborough,2015-07-31,924.9401398833515
33615,Hillsborough,2015-08-31,926.5213109868115
33615,Hillsborough,2015-09-30,943.3905696969194
33615,Hillsborough,2015-10-31,954.928077714187
33615,Hillsborough,2015-11-30,941.7856819663182
33615,Hillsborough,2015-12-31,941.925116160992
33615,Hillsborough,2016-01-31,950.9186841248209
33615,Hillsborough,2016-02-29,953.0179042124881
33615,Hillsborough,2016-03-31,957.1151921962788
33615,Hillsborough,2016-04-30,952.7428206391356
33615,Hillsborough,2016-05-31,961.2866184171172
33615,Hillsborough,2016-06-30,963.1808557398473
33615,Hillsborough,2016-07-31,968.5240229544138
33615,Hillsborough,2016-08-31,976.6907474572122
33615,Hillsborough,2016-09-30,981.800143497456
33615,Hillsborough,2016-10-31,993.3907672727364
33615,Hillsborough,2016-11-30,1005.6651214537185
33615,Hillsborough,2016-12-31,1005.7933862665984
33615,Hillsborough,2017-01-31,1003.584025850556
33615,Hillsborough,2017-02-28,1002.715841478799
33615,Hillsborough,2017-03-31,1009.2849033761917
33615,Hillsborough,2017-04-30,1010.0240877176824
33615,Hillsborough,2017-05-31,1019.8644964180642
33615,Hillsborough,2017-06-30,1022.5699953199611
33615,Hillsborough,2017-07-31,1034.7598026164842
33615,Hillsborough,2017-08-31,1024.8529155922124
33615,Hillsborough,2017-09-30,1036.2194263825386
33615,Hillsborough,2017-10-31,1029.307004843632
33615,Hillsborough,2017-11-30,1036.1037411526675
33615,Hillsborough,2017-12-31,1043.89570296209
33615,Hillsborough,2018-01-31,1050.121828549947
33615,Hillsborough,2018-02-28,1056.8735103448807
33615,Hillsborough,2018-03-31,1044.7446028243426
33615,Hillsborough,2018-04-30,1050.4729855599426
33615,Hillsborough,2018-05-31,1062.0279410329124
33615,Hillsborough,2018-06-30,1079.114662515026
33615,Hillsborough,2018-07-31,1084.0906944578085
33615,Hillsborough,2018-08-31,1086.1511459048438
33615,Hillsborough,2018-09-30,1082.296924057062
33615,Hillsborough,2018-10-31,1094.3065779441395
33615,Hillsborough,2018-11-30,1090.4679979173368
33615,Hillsborough,2018-12-31,1095.6443504106524
33615,Hillsborough,2019-01-31,1090.3298962009965
33615,Hillsborough,2019-02-28,1101.5316737330481
33615,Hillsborough,2019-03-31,1102.8605281305736
33615,Hillsborough,2019-04-30,1098.6741654852237
33615,Hillsborough,2019-05-31,1104.7237169920081
33615,Hillsborough,2019-06-30,1110.826975560645
33615,Hillsborough,2019-07-31,1132.0241118879776
33615,Hillsborough,2019-08-31,1133.0669783829458
33615,Hillsborough,2019-09-30,1127.6659920375273
33615,Hillsborough,2019-10-31,1122.9368628139825
33615,Hillsborough,2019-11-30,1121.088882260252
33615,Hillsborough,2019-12-31,1130.033012745249
33615,Hillsborough,2020-01-31,1124.4298704597559
33615,Hillsborough,2020-02-29,1138.4668215548209
33615,Hillsborough,2020-03-31,1150.392492729654
33615,Hillsborough,2020-04-30,1166.656841029352
33615,Hillsborough,2020-05-31,1164.299421136559
33615,Hillsborough,2020-06-30,1163.041617030253
33615,Hillsborough,2020-07-31,1161.8553704038843
33615,Hillsborough,2020-08-31,1162.4927811910989
33615,Hillsborough,2020-09-30,1171.8765472549321
33615,Hillsborough,2020-10-31,1197.2145144779827
33615,Hillsborough,2020-11-30,1217.6475439516469
33615,Hillsborough,2020-12-31,1235.7197883697152
33615,Hillsborough,2021-01-31,1245.7551635066188
33615,Hillsborough,2021-02-28,1254.9667084616794
33615,Hillsborough,2021-03-31,1271.203651510191
33615,Hillsborough,2021-04-30,1287.4730186328368
33615,Hillsborough,2021-05-31,1335.7451779398345
33615,Hillsborough,2021-06-30,1395.1235184515353
33615,Hillsborough,2021-07-31,1478.7142064951981
33615,Hillsborough,2021-08-31,1511.2007150057564
33615,Hillsborough,2021-09-30,1579.7723435997475
33615,Hillsborough,2021-10-31,1591.3586986482715
33615,Hillsborough,2021-11-30,1649.238015391925
33615,Hillsborough,2021-12-31,1640.4615592850007
33615,Hillsborough,2022-01-31,1649.0597142492268
33615,Hillsborough,2022-02-28,1648.6501951628109
33615,Hillsborough,2022-03-31,1642.7007151216778
33615,Hillsborough,2022-04-30,1661.2358746518767
33615,Hillsborough,2022-05-31,1684.3416667087731
33615,Hillsborough,2022-06-30,1713.39968995118
33615,Hillsborough,2022-07-31,1727.7566098189852
33615,Hillsborough,2022-08-31,1737.4272213220133
33615,Hillsborough,2022-09-30,1734.2713467440337
33615,Hillsborough,2022-10-31,1727.8847283697269
33615,Hillsborough,2022-11-30,1684.6874597275098
33615,Hillsborough,2022-12-31,1678.654306781635
33615,Hillsborough,2023-01-31,1676.8254251102123
33615,Hillsborough,2023-02-28,1703.0326374103868
33615,Hillsborough,2023-03-31,1709.0766610402325
33615,Hillsborough,2023-04-30,1718.326559809369
33615,Hillsborough,2023-05-31,1711.7411605753496
33615,Hillsborough,2023-06-30,1708.7257287147781
33615,Hillsborough,2023-07-31,1703.308437657089
33615,Hillsborough,2023-08-31,1712.7250812189009
33615,Hillsborough,2023-09-30,1686.7414435158405
33615,Hillsborough,2023-10-31,1687.710478971253
33615,Hillsborough,2023-11-30,1665.6528097918742
33615,Hillsborough,2023-12-31,1693.8329924092088
33615,Hillsborough,2024-01-31,1689.931481211988
33615,Hillsborough,2024-02-29,1708.9359274866058
33615,Hillsborough,2024-03-31,1714.667716436656
33615,Hillsborough,2024-04-30,1721.6317683856012
33615,Hillsborough,2024-05-31,1728.6446541137318
33615,Hillsborough,2024-06-30,1725.2613212799567
33615,Hillsborough,2024-07-31,1727.9217218005413
33615,Hillsborough,2024-08-31,1718.076734417778
33615,Hillsborough,2024-09-30,1709.1555632868876
33615,Hillsborough,2024-10-31,1721.659604785615
33615,Hillsborough,2024-11-30,1726.1784199199708
33615,Hillsborough,2024-12-31,1713.7399565251474
33615,Hillsborough,2025-01-31,1696.690104017108
33615,Hillsborough,2025-02-28,1699.606866784444
33615,Hillsborough,2025-03-31,1719.7353828720522
33615,Hillsborough,2025-04-30,1717.3671693639596
33615,Hillsborough,2025-05-31,1709.3161972537994
33615,Hillsborough,2025-06-30,1684.6545253193233
33615,Hillsborough,2025-07-31,1680.3807456822817
33615,Hillsborough,2025-08-31,1677.859908240654
33615,Hillsborough,2025-09-30,1699.9640884054998
33615,Hillsborough,2025-10-31,1698.3640099850795
33615,Hillsborough,2025-11-30,1692.451574415981
33615,Hillsborough,2025-12-31,1671.4997901897577
33615,Hillsborough,2026-01-31,1661.0730372767937
33615,Hillsborough,2026-02-28,1649.0194161546488
33615,Hillsborough,2026-03-31,1650.2993792440855
33615,Hillsborough,2026-04-30,1650.0151171291923
33615,Hillsborough,2026-05-31,1653.2641232356104
33615,Hillsborough,2026-06-30,1653.6283068783068
34668,Pasco,2022-01-31,1445.7851761375505
34668,Pasco,2022-02-28,1435.9901100649063
34668,Pasco,2022-03-31,1449.8386329876405
34668,Pasco,2022-04-30,1492.1480288720556
34668,Pasco,2022-05-31,1510.602751681476
34668,Pasco,2022-06-30,1525.2489720128738
34668,Pasco,2022-07-31,1536.0974245768457
34668,Pasco,2022-08-31,1541.7186774821062
34668,Pasco,2022-09-30,1534.6042404733544
34668,Pasco,2022-10-31,1539.9194058781109
34668,Pasco,2022-11-30,1530.4383698882561
34668,Pasco,2022-12-31,1531.0407206222087
34668,Pasco,2023-01-31,1535.4948216496416
34668,Pasco,2023-02-28,1548.8668895538033
34668,Pasco,2023-03-31,1572.3678024086535
34668,Pasco,2023-04-30,1576.1362352284848
34668,Pasco,2023-05-31,1593.901453657907
34668,Pasco,2023-06-30,1588.9246282583877
34668,Pasco,2023-07-31,1592.270874840539
34668,Pasco,2023-08-31,1597.2867028164858
34668,Pasco,2023-09-30,1604.4820650260503
34668,Pasco,2023-10-31,1596.832053493333
34668,Pasco,2023-11-30,1599.8569594574124
34668,Pasco,2023-12-31,1583.4831591802715
34668,Pasco,2024-01-31,1591.5986275101134
34668,Pasco,2024-02-29,1590.7059153863522
34668,Pasco,2024-03-31,1615.7382030911076
34668,Pasco,2024-04-30,1622.9152561500605
34668,Pasco,2024-05-31,1630.52938132112
34668,Pasco,2024-06-30,1628.793411880933
34668,Pasco,2024-07-31,1623.104582237136
34668,Pasco,2024-08-31,1621.1863296891268
34668,Pasco,2024-09-30,1607.3118648104892
34668,Pasco,2024-10-31,1618.2828475967724
34668,Pasco,2024-11-30,1618.471620815365
34668,Pasco,2024-12-31,1648.9077745655525
34668,Pasco,2025-01-31,1648.939684585943
34668,Pasco,2025-02-28,1662.430208611014
34668,Pasco,2025-03-31,1666.7861783580024
34668,Pasco,2025-04-30,1675.6725974391024
34668,Pasco,2025-05-31,1671.3698242160683
34668,Pasco,2025-06-30,1673.4518605148644
34668,Pasco,2025-07-31,1683.1179425039436
34668,Pasco,2025-08-31,1691.110931302992
34668,Pasco,2025-09-30,1673.1620134002976
34668,Pasco,2025-10-31,1643.7417250229719
34668,Pasco,2025-11-30,1630.4252548374402
34668,Pasco,2025-12-31,1635.3795478740096
34668,Pasco,2026-01-31,1659.3666606545805
34668,Pasco,2026-02-28,1666.2994198704819
34668,Pasco,2026-03-31,1683.2042098909328
34668,Pasco,2026-04-30,1676.7784257348249
34668,Pasco,2026-05-31,1672.2190886892336
34668,Pasco,2026-06-30,1677.8584128988139
33610,Hillsborough,2015-01-31,910.2818162979186
33610,Hillsborough,2015-02-28,908.1696939077733
33610,Hillsborough,2015-03-31,908.6644824545923
33610,Hillsborough,2015-04-30,910.8700459079587
33610,Hillsborough,2015-05-31,911.3592284727422
33610,Hillsborough,2015-06-30,919.1976674779518
33610,Hillsborough,2015-07-31,924.3217858893087
33610,Hillsborough,2015-08-31,946.1680626245679
33610,Hillsborough,2015-09-30,942.783596469865
33610,Hillsborough,2015-10-31,956.6688699148046
33610,Hillsborough,2015-11-30,953.9505910099806
33610,Hillsborough,2015-12-31,960.113225740838
33610,Hillsborough,2016-01-31,953.2645296107124
33610,Hillsborough,2016-02-29,955.9770491737296
33610,Hillsborough,2016-03-31,958.5475271371815
33610,Hillsborough,2016-04-30,959.5647064961491
33610,Hillsborough,2016-05-31,959.4064104015953
33610,Hillsborough,2016-06-30,973.7706363412943
33610,Hillsborough,2016-07-31,982.2587790873278
33610,Hillsborough,2016-08-31,995.8388325487227
33610,Hillsborough,2016-09-30,996.1422247175853
33610,Hillsborough,2016-10-31,1000.3306741510872
33610,Hillsborough,2016-11-30,1001.2776976280937
33610,Hillsborough,2016-12-31,989.098425181616
33610,Hillsborough,2017-01-31,987.3817885612791
33610,Hillsborough,2017-02-28,983.8755057724388
33610,Hillsborough,2017-03-31,995.5759595031828
33610,Hillsborough,2017-04-30,1004.5605967312465
33610,Hillsborough,2017-05-31,1041.4257117574687
33610,Hillsborough,2017-06-30,1059.1010159310285
33610,Hillsborough,2017-07-31,1072.9580782124792
33610,Hillsborough,2017-08-31,1042.5621999268599
33610,Hillsborough,2017-09-30,1045.9109055236763
33610,Hillsborough,2017-11-30,1056.6696765341849
33610,Hillsborough,2017-12-31,1049.5011642976688
33610,Hillsborough,2018-01-31,1057.9540228636608
33610,Hillsborough,2018-02-28,1064.4909314802246
33610,Hillsborough,2018-03-31,1096.7192828476036
33610,Hillsborough,2018-04-30,1097.7904370866127
33610,Hillsborough,2018-05-31,1103.7544417041065
33610,Hillsborough,2018-06-30,1089.1849384600396
33610,Hillsborough,2018-07-31,1102.305689815821
33610,Hillsborough,2018-08-31,1106.1948675798853
33610,Hillsborough,2018-09-30,1108.2704134074315
33610,Hillsborough,2018-10-31,1097.9166994925956
33610,Hillsborough,2018-11-30,1113.095667883185
33610,Hillsborough,2018-12-31,1104.6005310295616
33610,Hillsborough,2019-01-31,1117.6017578182077
33610,Hillsborough,2019-02-28,1111.8064368811097
33610,Hillsborough,2019-03-31,1124.1799193760282
33610,Hillsborough,2019-04-30,1132.5175853406479
33610,Hillsborough,2019-05-31,1131.9780642141466
33610,Hillsborough,2019-06-30,1159.8503731342514
33610,Hillsborough,2019-07-31,1158.5072464938366
33610,Hillsborough,2019-08-31,1172.220381225651
33610,Hillsborough,2019-09-30,1148.1705376832492
33610,Hillsborough,2019-10-31,1173.2573663772657
33610,Hillsborough,2019-11-30,1197.3802213166746
33610,Hillsborough,2019-12-31,1232.2140991019776
33610,Hillsborough,2020-01-31,1228.14235793498
33610,Hillsborough,2020-02-29,1211.8110766784048
33610,Hillsborough,2020-03-31,1200.684142354106
33610,Hillsborough,2020-04-30,1197.1968719463096
33610,Hillsborough,2020-05-31,1197.7480313212582
33610,Hillsborough,2020-06-30,1201.6811309387745
33610,Hillsborough,2020-07-31,1209.7479615308696
33610,Hillsborough,2020-08-31,1217.7738203198892
33610,Hillsborough,2020-09-30,1235.6186889039577
33610,Hillsborough,2020-10-31,1259.257409564152
33610,Hillsborough,2020-11-30,1274.103543080315
33610,Hillsborough,2020-12-31,1274.530460743354
33610,Hillsborough,2021-01-31,1270.876734603188
33610,Hillsborough,2021-02-28,1270.0157634573081
33610,Hillsborough,2021-03-31,1294.2743553021255
33610,Hillsborough,2021-04-30,1331.8566033212103
33610,Hillsborough,2021-05-31,1375.3453465099728
33610,Hillsborough,2021-06-30,1417.5759320666002
33610,Hillsborough,2021-07-31,1469.412691463099
33610,Hillsborough,2021-08-31,1533.1839086844243
33610,Hillsborough,2021-09-30,1587.111920466072
33610,Hillsborough,2021-10-31,1618.6700932798954
33610,Hillsborough,2021-11-30,1633.0384296236925
33610,Hillsborough,2021-12-31,1619.4531021348632
33610,Hillsborough,2022-01-31,1647.9891528427622
33610,Hillsborough,2022-02-28,1678.842898618061
33610,Hillsborough,2022-03-31,1751.7169533225942
33610,Hillsborough,2022-04-30,1744.548609173142
33610,Hillsborough,2022-05-31,1758.165337442308
33610,Hillsborough,2022-06-30,1766.6155135080749
33610,Hillsborough,2022-07-31,1792.4961685692163
33610,Hillsborough,2022-08-31,1802.1902027752603
33610,Hillsborough,2022-09-30,1790.266373884213
33610,Hillsborough,2022-10-31,1770.497248336922
33610,Hillsborough,2022-11-30,1774.52937376546
33610,Hillsborough,2022-12-31,1779.1450570287586
33610,Hillsborough,2023-01-31,1799.8790619265787
33610,Hillsborough,2023-02-28,1808.8411784574876
33610,Hillsborough,2023-03-31,1820.0445048570741
33610,Hillsborough,2023-04-30,1834.466413903869
33610,Hillsborough,2023-05-31,1836.6473063097649
33610,Hillsborough,2023-06-30,1823.036189920174
33610,Hillsborough,2023-07-31,1822.4043086667605
33610,Hillsborough,2023-08-31,1837.8793548726462
33610,Hillsborough,2023-09-30,1831.1185429977413
33610,Hillsborough,2023-10-31,1824.2092164735316
33610,Hillsborough,2023-11-30,1780.2004661579792
33610,Hillsborough,2023-12-31,1793.531775292619
33610,Hillsborough,2024-01-31,1806.3437912810302
33610,Hillsborough,2024-02-29,1821.042507965952
33610,Hillsborough,2024-03-31,1840.9846422612113
33610,Hillsborough,2024-04-30,1841.6419201884783
33610,Hillsborough,2024-05-31,1846.3822403047784
33610,Hillsborough,2024-06-30,1836.69948413853
33610,Hillsborough,2024-07-31,1823.288379958534
33610,Hillsborough,2024-08-31,1814.48615498489
33610,Hillsborough,2024-09-30,1836.794070287492
33610,Hillsborough,2024-10-31,1854.4299979536122
33610,Hillsborough,2024-11-30,1892.2415972266156
33610,Hillsborough,2024-12-31,1876.655843999433
33610,Hillsborough,2025-01-31,1883.7982285174394
33610,Hillsborough,2025-02-28,1875.2183493467749
33610,Hillsborough,2025-03-31,1890.5539628527242
33610,Hillsborough,2025-04-30,1906.449900776264
33610,Hillsborough,2025-05-31,1941.0354969984471
33610,Hillsborough,2025-06-30,1913.091775591372
33610,Hillsborough,2025-07-31,1886.7774244390482
33610,Hillsborough,2025-08-31,1851.9914738477448
33610,Hillsborough,2025-09-30,1836.1692033324264
33610,Hillsborough,2025-10-31,1828.7896268948098
33610,Hillsborough,2025-11-30,1805.917306042016
33610,Hillsborough,2025-12-31,1835.4892762229626
33610,Hillsborough,2026-01-31,1825.1352422196544
33610,Hillsborough,2026-02-28,1835.8838258157439
33610,Hillsborough,2026-03-31,1807.3533776530076
33610,Hillsborough,2026-04-30,1826.7932931243072
33610,Hillsborough,2026-05-31,1826.3581008724202
33610,Hillsborough,2026-06-30,1843.9664378337147
33617,Hillsborough,2015-03-31,862.8195665549039
33617,Hillsborough,2015-04-30,861.8846798870834
33617,Hillsborough,2015-05-31,862.8437775914346
33617,Hillsborough,2015-06-30,871.2711993223178
33617,Hillsborough,2015-07-31,868.4462739441362
33617,Hillsborough,2015-08-31,874.3789433516768
33617,Hillsborough,2015-09-30,874.7566452500697
33617,Hillsborough,2015-10-31,890.561881481899
33617,Hillsborough,2015-11-30,896.9109469951937
33617,Hillsborough,2015-12-31,898.0695129318965
33617,Hillsborough,2016-01-31,895.2233587566153
33617,Hillsborough,2016-02-29,894.2306171152164
33617,Hillsborough,2016-03-31,894.4031405636515
33617,Hillsborough,2016-04-30,894.8567253158702
33617,Hillsborough,2016-05-31,877.8851683302302
33617,Hillsborough,2016-06-30,891.137917012606
33617,Hillsborough,2016-07-31,896.6782751303062
33617,Hillsborough,2016-08-31,917.7995819855149
33617,Hillsborough,2016-09-30,925.9085656876932
33617,Hillsborough,2016-10-31,938.2731487013739
33617,Hillsborough,2016-11-30,940.1380014478294
33617,Hillsborough,2016-12-31,939.4874383645678
33617,Hillsborough,2017-01-31,933.2189365789969
33617,Hillsborough,2017-02-28,936.1504216957981
33617,Hillsborough,2017-03-31,940.694182315706
33617,Hillsborough,2017-04-30,951.927229130947
33617,Hillsborough,2017-05-31,963.3987628409785
33617,Hillsborough,2017-06-30,985.4353769616301
33617,Hillsborough,2017-07-31,986.7748765892162
33617,Hillsborough,2017-08-31,1000.5802416101916
33617,Hillsborough,2017-09-30,991.1614140216758
33617,Hillsborough,2017-10-31,1008.1555423142888
33617,Hillsborough,2017-11-30,1010.2309946839304
33617,Hillsborough,2017-12-31,1009.6530062172136
33617,Hillsborough,2018-01-31,1000.4998951606524
33617,Hillsborough,2018-02-28,1001.8452389603636
33617,Hillsborough,2018-03-31,1027.8971309473975
33617,Hillsborough,2018-04-30,1038.1654652956222
33617,Hillsborough,2018-05-31,1049.219018622839
33617,Hillsborough,2018-06-30,1033.98784381421
33617,Hillsborough,2018-07-31,1050.246594187269
33617,Hillsborough,2018-08-31,1053.3077144985036
33617,Hillsborough,2018-09-30,1057.4646197614431
33617,Hillsborough,2018-10-31,1044.9482544266525
33617,Hillsborough,2018-11-30,1049.439896473344
33617,Hillsborough,2018-12-31,1049.0917950889511
33617,Hillsborough,2019-01-31,1056.2436234822635
33617,Hillsborough,2019-02-28,1050.773777366625
33617,Hillsborough,2019-03-31,1067.0725376300684
33617,Hillsborough,2019-04-30,1076.2557069409813
33617,Hillsborough,2019-05-31,1075.647663601074
33617,Hillsborough,2019-06-30,1071.0824588867322
33617,Hillsborough,2019-07-31,1080.3327397813293
33617,Hillsborough,2019-08-31,1097.1225703863179
33617,Hillsborough,2019-09-30,1105.4914070193913
33617,Hillsborough,2019-10-31,1100.8360028716002
33617,Hillsborough,2019-11-30,1100.3371771549428
33617,Hillsborough,2019-12-31,1100.5844553848958
33617,Hillsborough,2020-01-31,1091.4801566210326
33617,Hillsborough,2020-02-29,1087.5220998477419
33617,Hillsborough,2020-03-31,1096.0895532346933
33617,Hillsborough,2020-04-30,1104.0753401799834
33617,Hillsborough,2020-05-31,1110.0963380419648
33617,Hillsborough,2020-06-30,1117.3758835061785
33617,Hillsborough,2020-07-31,1137.4756736114005
33617,Hillsborough,2020-08-31,1158.2617270335127
33617,Hillsborough,2020-09-30,1164.7940809808406
33617,Hillsborough,2020-10-31,1168.725001581314
33617,Hillsborough,2020-11-30,1160.8380022804492
33617,Hillsborough,2020-12-31,1152.459269086547
33617,Hillsborough,2021-01-31,1150.2063203982611
33617,Hillsborough,2021-02-28,1162.4005456987147
33617,Hillsborough,2021-03-31,1179.213991798902
33617,Hillsborough,2021-04-30,1195.3653544564008
33617,Hillsborough,2021-05-31,1227.0311051420774
33617,Hillsborough,2021-06-30,1253.5589406786155
33617,Hillsborough,2021-08-31,1357.1623846245905
33617,Hillsborough,2021-09-30,1393.752819294384
33617,Hillsborough,2021-10-31,1406.8969968892106
33617,Hillsborough,2021-11-30,1431.4906797339042
33617,Hillsborough,2021-12-31,1474.3275880055164
33617,Hillsborough,2022-01-31,1486.8934916765065
33617,Hillsborough,2022-02-28,1523.873298870296
33617,Hillsborough,2022-03-31,1550.2399748351595
33617,Hillsborough,2022-04-30,1560.4290678333173
33617,Hillsborough,2022-05-31,1577.1167953989984
33617,Hillsborough,2022-06-30,1570.3903079871895
33617,Hillsborough,2022-07-31,1607.7730734993129
33617,Hillsborough,2022-08-31,1600.4125861541181
33617,Hillsborough,2022-09-30,1613.6194141774388
33617,Hillsborough,2022-10-31,1599.6722164439752
33617,Hillsborough,2022-11-30,1611.9290044982872
33617,Hillsborough,2022-12-31,1617.81290392515
33617,Hillsborough,2023-01-31,1606.9192651826522
33617,Hillsborough,2023-02-28,1604.34381294211
33617,Hillsborough,2023-03-31,1605.7793207057623
33617,Hillsborough,2023-04-30,1611.9307971310902
33617,Hillsborough,2023-05-31,1611.2265345459282
33617,Hillsborough,2023-06-30,1613.1398006221573
33617,Hillsborough,2023-07-31,1640.9253619026706
33617,Hillsborough,2023-08-31,1656.8024374230026
33617,Hillsborough,2023-09-30,1678.4893915965192
33617,Hillsborough,2023-10-31,1677.1818530376281
33617,Hillsborough,2023-11-30,1663.7172449039588
33617,Hillsborough,2023-12-31,1656.088277627434
33617,Hillsborough,2024-01-31,1639.4216143542042
33617,Hillsborough,2024-02-29,1643.8941957311122
33617,Hillsborough,2024-03-31,1650.939838016952
33617,Hillsborough,2024-04-30,1661.5154444877553
33617,Hillsborough,2024-05-31,1662.2678238109384
33617,Hillsborough,2024-06-30,1651.633516540352
33617,Hillsborough,2024-07-31,1662.5040627035696
33617,Hillsborough,2024-08-31,1670.9923464068631
33617,Hillsborough,2024-09-30,1680.3038669009459
33617,Hillsborough,2024-10-31,1650.200235726221
33617,Hillsborough,2024-11-30,1666.9556479073942
33617,Hillsborough,2024-12-31,1663.425074049056
33617,Hillsborough,2025-01-31,1684.9097454183768
33617,Hillsborough,2025-02-28,1680.2951599184696
33617,Hillsborough,2025-03-31,1690.018561516618
33617,Hillsborough,2025-04-30,1697.9996879562068
33617,Hillsborough,2025-05-31,1701.2609230007386
33617,Hillsborough,2025-06-30,1690.9516257780192
33617,Hillsborough,2025-07-31,1691.1888519119743
33617,Hillsborough,2025-08-31,1697.405200883506
33617,Hillsborough,2025-09-30,1717.8754362520722
33617,Hillsborough,2025-10-31,1731.274015303416
33617,Hillsborough,2025-11-30,1720.5687332777984
33617,Hillsborough,2025-12-31,1698.9031050411572
33617,Hillsborough,2026-01-31,1685.881255402898
33617,Hillsborough,2026-02-28,1681.7950089348467
33617,Hillsborough,2026-03-31,1688.178517474816
33617,Hillsborough,2026-04-30,1708.5704131490795
33617,Hillsborough,2026-05-31,1720.4403395082502
33617,Hillsborough,2026-06-30,1717.8024637681158
33614,Hillsborough,2016-09-30,882.7993968379876
33614,Hillsborough,2016-10-31,881.041418906487
33614,Hillsborough,2016-11-30,885.0256753488535
33614,Hillsborough,2016-12-31,917.7281236169044
33614,Hillsborough,2017-01-31,943.1847039064546
33614,Hillsborough,2017-02-28,946.8622798222074
33614,Hillsborough,2017-03-31,930.3373365131604
33614,Hillsborough,2017-04-30,922.6557947841018
33614,Hillsborough,2017-05-31,932.8322601813979
33614,Hillsborough,2017-06-30,938.8601902773901
33614,Hillsborough,2017-07-31,931.4269919023602
33614,Hillsborough,2017-08-31,919.6544782751391
33614,Hillsborough,2017-09-30,923.5385085911986
33614,Hillsborough,2017-10-31,937.1658285454022
33614,Hillsborough,2017-11-30,951.4210764785342
33614,Hillsborough,2017-12-31,948.2872263812275
33614,Hillsborough,2018-01-31,935.0134607327749
33614,Hillsborough,2018-02-28,934.9125732539949
33614,Hillsborough,2018-03-31,942.8774723631244
33614,Hillsborough,2018-04-30,971.9202826145648
33614,Hillsborough,2018-05-31,983.1176457514784
33614,Hillsborough,2018-06-30,986.7348924880704
33614,Hillsborough,2018-07-31,987.939238440138
33614,Hillsborough,2018-08-31,1000.3490812291702
33614,Hillsborough,2018-09-30,1004.6086174406917
33614,Hillsborough,2018-10-31,1002.5029619303651
33614,Hillsborough,2018-11-30,990.1979734308704
33614,Hillsborough,2018-12-31,983.6037865201376
33614,Hillsborough,2019-01-31,972.3700263106791
33614,Hillsborough,2019-02-28,982.1567845624963
33614,Hillsborough,2019-03-31,993.8852421289326
33614,Hillsborough,2019-04-30,1013.4935134353252
33614,Hillsborough,2019-05-31,1014.2454629132665
33614,Hillsborough,2019-06-30,1022.1199527719128
33614,Hillsborough,2019-07-31,1022.8868407242406
33614,Hillsborough,2019-08-31,1023.4514893117982
33614,Hillsborough,2019-09-30,1023.2770739383968
33614,Hillsborough,2019-10-31,1022.656005105813
33614,Hillsborough,2019-11-30,1028.5165719542276
33614,Hillsborough,2019-12-31,1019.721801224946
33614,Hillsborough,2020-01-31,1031.3160388447225
33614,Hillsborough,2020-02-29,1031.8891347076476
33614,Hillsborough,2020-03-31,1049.9998125376662
33614,Hillsborough,2020-04-30,1055.0125922558661
33614,Hillsborough,2020-05-31,1069.766000464097
33614,Hillsborough,2020-06-30,1077.5277590663804
33614,Hillsborough,2020-07-31,1082.468102378217
33614,Hillsborough,2020-08-31,1083.1268147518156
33614,Hillsborough,2020-09-30,1086.2424510494623
33614,Hillsborough,2020-10-31,1090.1485828296209
33614,Hillsborough,2020-11-30,1092.8883987999952
33614,Hillsborough,2020-12-31,1102.124734674624
33614,Hillsborough,2021-01-31,1107.7648907738783
33614,Hillsborough,2021-02-28,1127.8766187406
33614,Hillsborough,2021-03-31,1144.742195101712
33614,Hillsborough,2021-04-30,1168.5601779033166
33614,Hillsborough,2021-05-31,1188.2824881531737
33614,Hillsborough,2021-06-30,1218.5048229516979
33614,Hillsborough,2021-07-31,1247.129787271548
33614,Hillsborough,2021-08-31,1296.1206708337204
33614,Hillsborough,2021-09-30,1330.845028373107
33614,Hillsborough,2021-10-31,1365.2813912034574
33614,Hillsborough,2021-11-30,1398.7131648275424
33614,Hillsborough,2021-12-31,1441.9622639395618
33614,Hillsborough,2022-01-31,1479.5273160009224
33614,Hillsborough,2022-02-28,1469.2894897909432
33614,Hillsborough,2022-03-31,1452.9964565498449
33614,Hillsborough,2022-04-30,1445.48569085267
33614,Hillsborough,2022-05-31,1469.7193021731105
33614,Hillsborough,2022-06-30,1490.409975513384
33614,Hillsborough,2022-07-31,1508.9014632007575
33614,Hillsborough,2022-08-31,1520.006805707552
33614,Hillsborough,2022-09-30,1523.4020994717907
33614,Hillsborough,2022-10-31,1501.2972420587696
33614,Hillsborough,2022-11-30,1485.4265926464914
33614,Hillsborough,2022-12-31,1508.5943003941625
33614,Hillsborough,2023-01-31,1558.0830910752256
33614,Hillsborough,2023-02-28,1583.3824042317258
33614,Hillsborough,2023-03-31,1575.8748281331714
33614,Hillsborough,2023-04-30,1551.5250806022902
33614,Hillsborough,2023-05-31,1552.3251862890386
33614,Hillsborough,2023-06-30,1546.8104469960415
33614,Hillsborough,2023-07-31,1559.4488958738264
33614,Hillsborough,2023-08-31,1550.1573692185364
33614,Hillsborough,2023-09-30,1557.8294272281737
33614,Hillsborough,2023-10-31,1549.5428148349097
33614,Hillsborough,2023-11-30,1557.5732491582123
33614,Hillsborough,2023-12-31,1555.339133325627
33614,Hillsborough,2024-01-31,1550.0880345928829
33614,Hillsborough,2024-02-29,1539.647321473588
33614,Hillsborough,2024-03-31,1516.8647540789939
33614,Hillsborough,2024-04-30,1519.1392621279485
33614,Hillsborough,2024-05-31,1528.0907106024413
33614,Hillsborough,2024-06-30,1539.0803422453098
33614,Hillsborough,2024-07-31,1544.294451460849
33614,Hillsborough,2024-08-31,1556.3712918084188
33614,Hillsborough,2024-09-30,1562.1612441019724
33614,Hillsborough,2024-10-31,1565.0392639945403
33614,Hillsborough,2024-11-30,1545.5337437361468
33614,Hillsborough,2024-12-31,1538.40714524217
33614,Hillsborough,2025-01-31,1532.2843404119742
33614,Hillsborough,2025-02-28,1543.5534137154332
33614,Hillsborough,2025-03-31,1552.5074666802495
33614,Hillsborough,2025-04-30,1554.770985790752
33614,Hillsborough,2025-05-31,1553.750916404826
33614,Hillsborough,2025-06-30,1546.0417442120288
33614,Hillsborough,2025-07-31,1541.8312086067313
33614,Hillsborough,2025-08-31,1532.0638638703572
33614,Hillsborough,2025-09-30,1543.0634133658496
33614,Hillsborough,2025-10-31,1531.2304384630959
33614,Hillsborough,2025-11-30,1524.863322118248
33614,Hillsborough,2025-12-31,1513.9855032345868
33614,Hillsborough,2026-01-31,1522.9915402305253
33614,Hillsborough,2026-02-28,1527.4097753751657
33614,Hillsborough,2026-03-31,1535.0467621348896
33614,Hillsborough,2026-04-30,1533.480811661203
33614,Hillsborough,2026-05-31,1534.8918022374858
33614,Hillsborough,2026-06-30,1518.2183048977167
34609,Hernando,2015-01-31,953.6417663171795
34609,Hernando,2015-02-28,955.8250507996568
34609,Hernando,2015-03-31,964.6827976532587
34609,Hernando,2015-04-30,961.7619697614302
34609,Hernando,2015-05-31,962.1127283871629
34609,Hernando,2015-06-30,972.9483432332931
34609,Hernando,2015-07-31,988.6829315218488
34609,Hernando,2015-08-31,1003.6629531158278
34609,Hernando,2015-09-30,1006.741378945136
34609,Hernando,2015-10-31,1006.1714486558016
34609,Hernando,2015-11-30,1000.866615080811
34609,Hernando,2016-01-31,975.9843593282193
34609,Hernando,2016-02-29,975.3094998669809
34609,Hernando,2016-03-31,1005.7307623036008
34609,Hernando,2016-04-30,1038.2763364098394
34609,Hernando,2016-05-31,1049.9655043382631
34609,Hernando,2016-06-30,1031.2644211575437
34609,Hernando,2016-07-31,1037.9653511255474
34609,Hernando,2016-08-31,1057.3693384153787
34609,Hernando,2016-09-30,1051.4841970631792
34609,Hernando,2016-10-31,1052.631408499662
34609,Hernando,2016-11-30,1035.6525314611058
34609,Hernando,2016-12-31,1044.9658102850565
34609,Hernando,2017-01-31,1059.4788202965378
34609,Hernando,2017-02-28,1062.1212860381777
34609,Hernando,2017-03-31,1073.3268371435206
34609,Hernando,2017-04-30,1075.6447562135697
34609,Hernando,2017-05-31,1096.629033953248
34609,Hernando,2017-06-30,1103.1549482731175
34609,Hernando,2017-07-31,1093.747378372974
34609,Hernando,2017-08-31,1089.304397225039
34609,Hernando,2017-09-30,1085.0944235038316
34609,Hernando,2017-10-31,1090.7038260090683
34609,Hernando,2017-11-30,1112.642190356263
34609,Hernando,2017-12-31,1143.9444107293523
34609,Hernando,2018-01-31,1154.9475187414969
34609,Hernando,2018-02-28,1153.508931768451
34609,Hernando,2018-03-31,1139.881748586633
34609,Hernando,2018-04-30,1152.4394009376124
34609,Hernando,2018-05-31,1161.504488759289
34609,Hernando,2018-06-30,1160.6755158149506
34609,Hernando,2018-07-31,1163.6261671806994
34609,Hernando,2018-08-31,1168.0242070905551
34609,Hernando,2018-09-30,1179.6461291274509
34609,Hernando,2018-10-31,1188.7118160946675
34609,Hernando,2018-11-30,1190.582257154112
34609,Hernando,2018-12-31,1191.4626648060232
34609,Hernando,2019-01-31,1185.2060692954706
34609,Hernando,2019-02-28,1199.5746492339279
34609,Hernando,2019-03-31,1217.4194663772369
34609,Hernando,2019-04-30,1237.3024714646556
34609,Hernando,2019-05-31,1236.5527928798401
34609,Hernando,2019-06-30,1232.587965742393
34609,Hernando,2019-07-31,1233.2695179099283
34609,Hernando,2019-08-31,1234.2293208894093
34609,Hernando,2019-09-30,1238.9839560668763
34609,Hernando,2019-10-31,1232.2329788480004
34609,Hernando,2019-11-30,1257.1610130195622
34609,Hernando,2019-12-31,1271.3272577754565
34609,Hernando,2020-01-31,1273.2908849123858
34609,Hernando,2020-02-29,1253.0820445690479
34609,Hernando,2020-03-31,1277.8932262676822
34609,Hernando,2020-04-30,1299.5136806319397
34609,Hernando,2020-05-31,1317.6417152220956
34609,Hernando,2020-06-30,1303.6586344409343
34609,Hernando,2020-07-31,1341.0502825151868
34609,Hernando,2020-08-31,1352.0375947235025
34609,Hernando,2020-09-30,1370.9335928704031
34609,Hernando,2020-10-31,1374.5648600835366
34609,Hernando,2020-11-30,1402.3286394412962
34609,Hernando,2020-12-31,1420.0040512316061
34609,Hernando,2021-01-31,1421.7432261807353
34609,Hernando,2021-02-28,1436.3124103086764
34609,Hernando,2021-03-31,1457.4505915120114
34609,Hernando,2021-04-30,1497.5581445257353
34609,Hernando,2021-05-31,1538.05439672031
34609,Hernando,2021-06-30,1595.0139539683037
34609,Hernando,2021-07-31,1640.3432065708582
34609,Hernando,2021-08-31,1698.460046956058
34609,Hernando,2021-09-30,1738.2978787639536
34609,Hernando,2021-10-31,1794.0452530748237
34609,Hernando,2021-11-30,1846.7203413954262
34609,Hernando,2021-12-31,1922.9355264593287
34609,Hernando,2022-01-31,1897.2360073158968
34609,Hernando,2022-02-28,1859.0196925379669
34609,Hernando,2022-03-31,1808.7116113159914
34609,Hernando,2022-04-30,1831.231690200587
34609,Hernando,2022-05-31,1874.448256073902
34609,Hernando,2022-06-30,1885.0692281483407
34609,Hernando,2022-07-31,1915.6025026503114
34609,Hernando,2022-08-31,1911.8146241256038
34609,Hernando,2022-09-30,1929.7148022958002
34609,Hernando,2022-10-31,1914.2554745426582
34609,Hernando,2022-11-30,1912.5295843015647
34609,Hernando,2022-12-31,1877.7264352622678
34609,Hernando,2023-01-31,1894.6937180162367
34609,Hernando,2023-02-28,1864.3444461475215
34609,Hernando,2023-03-31,1892.8499038890743
34609,Hernando,2023-04-30,1884.7614105726418
34609,Hernando,2023-05-31,1920.689966526064
34609,Hernando,2023-06-30,1948.2092588927053
34609,Hernando,2023-07-31,1965.436017124846
34609,Hernando,2023-08-31,1951.3104433491383
34609,Hernando,2023-09-30,1921.3070304254138
34609,Hernando,2023-10-31,1905.1405765990735
34609,Hernando,2023-11-30,1907.7352282241538
34609,Hernando,2023-12-31,1912.9857906114173
34609,Hernando,2024-01-31,1922.3560291173942
34609,Hernando,2024-02-29,1942.2957058626932
34609,Hernando,2024-03-31,1952.6405614267896
34609,Hernando,2024-04-30,1938.4380291599477
34609,Hernando,2024-05-31,1923.214071152427
34609,Hernando,2024-06-30,1929.4154339849977
34609,Hernando,2024-07-31,1948.2382133370515
34609,Hernando,2024-08-31,1952.0259172177534
34609,Hernando,2024-09-30,1935.5409555551787
34609,Hernando,2024-10-31,1929.099416654659
34609,Hernando,2024-11-30,1938.945834750902
34609,Hernando,2024-12-31,1940.671434019004
34609,Hernando,2025-01-31,1956.9180407430845
34609,Hernando,2025-02-28,1972.1411509684476
34609,Hernando,2025-03-31,2011.6333319046546
34609,Hernando,2025-04-30,2015.2223291527437
34609,Hernando,2025-05-31,2018.7950215439178
34609,Hernando,2025-06-30,2000.7739582592676
34609,Hernando,2025-07-31,1978.8536635416522
34609,Hernando,2025-08-31,1988.2441000989068
34609,Hernando,2025-09-30,1998.9966548842535
34609,Hernando,2025-10-31,1974.3934303067194
34609,Hernando,2025-11-30,1917.067019171607
34609,Hernando,2025-12-31,1870.6641457091177
34609,Hernando,2026-01-31,1875.0376337605394
34609,Hernando,2026-02-28,1900.4071173281545
34609,Hernando,2026-03-31,1909.0316756756163
34609,Hernando,2026-04-30,1938.2051932985792
34609,Hernando,2026-05-31,1940.7473124204114
34609,Hernando,2026-06-30,1986.9287581699346
34655,Pasco,2022-01-31,1822.5348330196757
34655,Pasco,2022-02-28,1819.3314982523518
34655,Pasco,2022-03-31,1790.1432282123233
34655,Pasco,2022-04-30,1792.2538921134926
34655,Pasco,2022-05-31,1813.2551205211957
34655,Pasco,2022-06-30,1804.4970575774362
34655,Pasco,2022-07-31,1787.3941209663644
34655,Pasco,2022-08-31,1780.237402424693
34655,Pasco,2022-09-30,1798.0143018657518
34655,Pasco,2022-10-31,1817.028433062113
34655,Pasco,2022-11-30,1817.8464279982772
34655,Pasco,2022-12-31,1827.2439700944296
34655,Pasco,2023-01-31,1856.808442568627
34655,Pasco,2023-02-28,1865.032714462391
34655,Pasco,2023-03-31,1847.9770438758783
34655,Pasco,2023-04-30,1836.574699825641
34655,Pasco,2023-05-31,1834.8379469215379
34655,Pasco,2023-06-30,1838.765351196584
34655,Pasco,2023-07-31,1851.3640803485919
34655,Pasco,2023-08-31,1838.4639423648914
34655,Pasco,2023-09-30,1856.7970218188943
34655,Pasco,2023-10-31,1854.8575273460451
34655,Pasco,2023-11-30,1882.3698410019203
34655,Pasco,2023-12-31,1883.6472931811034
34655,Pasco,2024-01-31,1877.8852937493298
34655,Pasco,2024-02-29,1873.2302912449263
34655,Pasco,2024-03-31,1881.0475053075984
34655,Pasco,2024-04-30,1907.1212150419803
34655,Pasco,2024-05-31,1935.4499607547423
34655,Pasco,2024-06-30,1930.6203237145157
34655,Pasco,2024-07-31,1926.7856972303682
34655,Pasco,2024-08-31,1896.5092920186758
34655,Pasco,2024-09-30,1903.1806248518571
34655,Pasco,2024-10-31,1898.0520848601934
34655,Pasco,2024-11-30,1920.8011066673398
34655,Pasco,2024-12-31,1912.4843017070752
34655,Pasco,2025-01-31,1929.512000429219
34655,Pasco,2025-02-28,1951.53204684494
34655,Pasco,2025-03-31,1991.7347900971308
34655,Pasco,2025-04-30,2007.7329232380803
34655,Pasco,2025-05-31,2001.4869300061362
34655,Pasco,2025-06-30,1994.1850746352654
34655,Pasco,2025-07-31,1982.900311468139
34655,Pasco,2025-08-31,1975.1687085200206
34655,Pasco,2025-09-30,1962.4780989098658
34655,Pasco,2025-10-31,1963.006308402621
34655,Pasco,2025-11-30,1958.2989923433909
34655,Pasco,2025-12-31,1962.4121604526913
34655,Pasco,2026-01-31,1927.2602828496533
34655,Pasco,2026-02-28,1911.645458238999
34655,Pasco,2026-03-31,1896.9887660812876
34655,Pasco,2026-04-30,1916.2122740637242
34655,Pasco,2026-05-31,1937.1197083630361
34655,Pasco,2026-06-30,1947.172514619883
33619,Hillsborough,2015-07-31,1029.3492672962648
33619,Hillsborough,2015-08-31,1041.2523029080448
33619,Hillsborough,2015-09-30,1030.8331418587723
33619,Hillsborough,2015-10-31,1010.507391089853
33619,Hillsborough,2015-11-30,1016.4308262595995
33619,Hillsborough,2015-12-31,1031.002820993496
33619,Hillsborough,2016-01-31,1045.2552576270248
33619,Hillsborough,2016-02-29,1044.7679383266163
33619,Hillsborough,2016-03-31,1044.3900299073316
33619,Hillsborough,2016-04-30,1053.8027718442686
33619,Hillsborough,2016-05-31,1052.0745294219234
33619,Hillsborough,2016-06-30,1055.1816438197397
33619,Hillsborough,2016-07-31,1063.6090627725396
33619,Hillsborough,2016-08-31,1070.7488855595684
33619,Hillsborough,2016-09-30,1075.9912649677906
33619,Hillsborough,2016-10-31,1073.2888040826165
33619,Hillsborough,2016-11-30,1078.954913154938
33619,Hillsborough,2016-12-31,1077.2265120876152
33619,Hillsborough,2017-01-31,1073.5718767873732
33619,Hillsborough,2017-02-28,1077.3922807213537
33619,Hillsborough,2017-03-31,1091.8125472904214
33619,Hillsborough,2017-04-30,1110.699789473514
33619,Hillsborough,2017-05-31,1126.1037285837015
33619,Hillsborough,2017-06-30,1122.5573273865614
33619,Hillsborough,2017-07-31,1124.314015596509
33619,Hillsborough,2017-08-31,1136.8040545588312
33619,Hillsborough,2017-09-30,1143.4262861480856
33619,Hillsborough,2017-10-31,1147.2707241975352
33619,Hillsborough,2017-11-30,1131.771849093638
33619,Hillsborough,2017-12-31,1127.9376880214327
33619,Hillsborough,2018-01-31,1129.575904647711
33619,Hillsborough,2018-02-28,1120.765487706923
33619,Hillsborough,2018-03-31,1130.0748872925117
33619,Hillsborough,2018-04-30,1138.0105586904165
33619,Hillsborough,2018-05-31,1148.5404572755124
33619,Hillsborough,2018-06-30,1148.35017004629
33619,Hillsborough,2018-07-31,1162.257896600878
33619,Hillsborough,2018-08-31,1181.8651704684014
33619,Hillsborough,2018-09-30,1198.0772246265453
33619,Hillsborough,2018-10-31,1198.3782060042445
33619,Hillsborough,2018-11-30,1217.0541416592303
33619,Hillsborough,2018-12-31,1227.020284364569
33619,Hillsborough,2019-01-31,1229.9613750815333
33619,Hillsborough,2019-02-28,1231.225257229428
33619,Hillsborough,2019-03-31,1230.6078813234635
33619,Hillsborough,2019-04-30,1238.2761778206525
33619,Hillsborough,2019-05-31,1232.4184389280615
33619,Hillsborough,2019-06-30,1242.3952598050594
33619,Hillsborough,2019-07-31,1241.395760563459
33619,Hillsborough,2019-08-31,1236.9133861536272
33619,Hillsborough,2019-09-30,1237.5077662861152
33619,Hillsborough,2019-10-31,1253.2644061523777
33619,Hillsborough,2019-11-30,1269.4259906829775
33619,Hillsborough,2019-12-31,1276.7589818340782
33619,Hillsborough,2020-01-31,1290.3592351525626
33619,Hillsborough,2020-02-29,1277.3319121779498
33619,Hillsborough,2020-03-31,1301.2803665604324
33619,Hillsborough,2020-04-30,1298.6785195464595
33619,Hillsborough,2020-05-31,1323.8404621437796
33619,Hillsborough,2020-06-30,1316.1291860098827
33619,Hillsborough,2020-07-31,1332.7874090284085
33619,Hillsborough,2020-08-31,1329.7419146668406
33619,Hillsborough,2020-09-30,1326.0065068266563
33619,Hillsborough,2020-10-31,1322.1317621443743
33619,Hillsborough,2020-11-30,1333.6990568504352
33619,Hillsborough,2020-12-31,1349.0137962386787
33619,Hillsborough,2021-01-31,1346.3876140385107
33619,Hillsborough,2021-02-28,1385.4333753144083
33619,Hillsborough,2021-03-31,1412.8892069244714
33619,Hillsborough,2021-04-30,1469.022333383009
33619,Hillsborough,2021-05-31,1491.6397623690418
33619,Hillsborough,2021-06-30,1551.3736725239905
33619,Hillsborough,2021-07-31,1537.0277612473853
33619,Hillsborough,2021-08-31,1585.1424075769412
33619,Hillsborough,2021-09-30,1609.9535068814346
33619,Hillsborough,2021-10-31,1682.3735774254258
33619,Hillsborough,2021-11-30,1735.93263174719
33619,Hillsborough,2021-12-31,1753.2174960458933
33619,Hillsborough,2022-01-31,1804.9830348882308
33619,Hillsborough,2022-02-28,1818.173524189679
33619,Hillsborough,2022-03-31,1842.8239414037091
33619,Hillsborough,2022-04-30,1843.1688264538825
33619,Hillsborough,2022-05-31,1865.453579723469
33619,Hillsborough,2022-06-30,1895.1524607137787
33619,Hillsborough,2022-07-31,1915.6419889586637
33619,Hillsborough,2022-08-31,1919.4705506451653
33619,Hillsborough,2022-09-30,1937.2785958863494
33619,Hillsborough,2022-10-31,1920.4698307245249
33619,Hillsborough,2022-11-30,1878.5784216508625
33619,Hillsborough,2022-12-31,1834.6074718686968
33619,Hillsborough,2023-01-31,1808.724483992404
33619,Hillsborough,2023-02-28,1832.6652118731076
33619,Hillsborough,2023-03-31,1863.3928993744241
33619,Hillsborough,2023-04-30,1882.6434478421866
33619,Hillsborough,2023-05-31,1895.0472204490527
33619,Hillsborough,2023-06-30,1893.8959681071537
33619,Hillsborough,2023-07-31,1945.169278000621
33619,Hillsborough,2023-08-31,1960.5615359173714
33619,Hillsborough,2023-09-30,1982.7604661714815
33619,Hillsborough,2023-10-31,1973.9913052506038
33619,Hillsborough,2023-11-30,1963.3731152612847
33619,Hillsborough,2023-12-31,1953.1199017346487
33619,Hillsborough,2024-01-31,1948.3413867014685
33619,Hillsborough,2024-02-29,1987.2398707823324
33619,Hillsborough,2024-03-31,2004.5144524633997
33619,Hillsborough,2024-04-30,2007.2680840579415
33619,Hillsborough,2024-05-31,1965.8733178464802
33619,Hillsborough,2024-06-30,1968.0933019645606
33619,Hillsborough,2024-07-31,1967.415055293431
33619,Hillsborough,2024-08-31,1990.8284297429377
33619,Hillsborough,2024-09-30,1951.529548262384
33619,Hillsborough,2024-10-31,1948.757860696184
33619,Hillsborough,2024-11-30,1934.8980456748989
33619,Hillsborough,2024-12-31,1982.8705098126384
33619,Hillsborough,2025-01-31,1992.856895892838
33619,Hillsborough,2025-02-28,2014.258915583613
33619,Hillsborough,2025-03-31,1995.6846020186092
33619,Hillsborough,2025-04-30,1992.0625114437169
33619,Hillsborough,2025-05-31,1967.7579610559242
33619,Hillsborough,2025-06-30,1971.454102199884
33619,Hillsborough,2025-07-31,1976.916527403441
33619,Hillsborough,2025-08-31,1966.0028123479963
33619,Hillsborough,2025-09-30,1961.806157336301
33619,Hillsborough,2025-10-31,1960.342890131455
33619,Hillsborough,2025-11-30,1946.6248128729485
33619,Hillsborough,2025-12-31,1936.0823034766222
33619,Hillsborough,2026-01-31,1940.4664518324034
33619,Hillsborough,2026-02-28,1979.8808172507192
33619,Hillsborough,2026-03-31,1985.2324556305402
33619,Hillsborough,2026-04-30,1990.3009178248767
33619,Hillsborough,2026-05-31,1969.709123481489
33619,Hillsborough,2026-06-30,1971.3369708994708
33579,Hillsborough,2015-01-31,1321.9538368878161
33579,Hillsborough,2015-02-28,1327.166137387205
33579,Hillsborough,2015-03-31,1324.911369844841
33579,Hillsborough,2015-04-30,1352.1585423719316
33579,Hillsborough,2015-05-31,1371.7134630480496
33579,Hillsborough,2015-06-30,1382.7612900075885
33579,Hillsborough,2015-07-31,1372.2290792039544
33579,Hillsborough,2015-08-31,1363.8803028189388
33579,Hillsborough,2015-09-30,1363.804508241763
33579,Hillsborough,2015-10-31,1363.5152667565847
33579,Hillsborough,2015-11-30,1368.0916628454527
33579,Hillsborough,2015-12-31,1371.8990501747967
33579,Hillsborough,2016-01-31,1370.5371535807265
33579,Hillsborough,2016-02-29,1380.0346622922038
33579,Hillsborough,2016-03-31,1388.082020102339
33579,Hillsborough,2016-04-30,1413.986797124274
33579,Hillsborough,2016-05-31,1410.775181732723
33579,Hillsborough,2016-06-30,1406.2293574894154
33579,Hillsborough,2016-07-31,1391.5897959328247
33579,Hillsborough,2016-08-31,1401.1528071432065
33579,Hillsborough,2016-09-30,1410.280625137163
33579,Hillsborough,2016-10-31,1415.161631588896
33579,Hillsborough,2016-11-30,1407.0654975024856
33579,Hillsborough,2016-12-31,1403.629321344364
33579,Hillsborough,2017-01-31,1408.8839903706535
33579,Hillsborough,2017-02-28,1416.3738218020085
33579,Hillsborough,2017-03-31,1437.911119312132
33579,Hillsborough,2017-04-30,1461.8955124587649
33579,Hillsborough,2017-05-31,1480.0833525962655
33579,Hillsborough,2017-06-30,1484.4628174303864
33579,Hillsborough,2017-07-31,1484.8163049678649
33579,Hillsborough,2017-08-31,1484.35332984037
33579,Hillsborough,2017-09-30,1476.9818811755076
33579,Hillsborough,2017-10-31,1477.6442820258028
33579,Hillsborough,2017-11-30,1479.3975111711222
33579,Hillsborough,2017-12-31,1478.4606840571266
33579,Hillsborough,2018-01-31,1473.758957563325
33579,Hillsborough,2018-02-28,1482.8017935863224
33579,Hillsborough,2018-03-31,1496.5657862135886
33579,Hillsborough,2018-04-30,1508.9296188245248
33579,Hillsborough,2018-05-31,1522.3857932428107
33579,Hillsborough,2018-06-30,1533.516378632318
33579,Hillsborough,2018-07-31,1535.724999842282
33579,Hillsborough,2018-08-31,1533.318173575218
33579,Hillsborough,2018-09-30,1521.7676134889412
33579,Hillsborough,2018-10-31,1517.6559661921115
33579,Hillsborough,2018-11-30,1514.4189893861242
33579,Hillsborough,2018-12-31,1529.0400844368612
33579,Hillsborough,2019-01-31,1536.959047956254
33579,Hillsborough,2019-02-28,1528.7920721236137
33579,Hillsborough,2019-03-31,1535.6127722562542
33579,Hillsborough,2019-04-30,1544.6653752094608
33579,Hillsborough,2019-05-31,1580.0278458628168
33579,Hillsborough,2019-06-30,1588.0281412407448
33579,Hillsborough,2019-07-31,1607.2333014830808
33579,Hillsborough,2019-08-31,1601.021470103657
33579,Hillsborough,2019-09-30,1588.6234572041715
33579,Hillsborough,2019-10-31,1577.9445683935949
33579,Hillsborough,2019-11-30,1572.0260916291154
33579,Hillsborough,2019-12-31,1592.6698650189394
33579,Hillsborough,2020-01-31,1588.9729644017455
33579,Hillsborough,2020-02-29,1602.059925167876
33579,Hillsborough,2020-03-31,1589.9902272603426
33579,Hillsborough,2020-04-30,1596.9890462416738
33579,Hillsborough,2020-05-31,1619.9310585697385
33579,Hillsborough,2020-06-30,1654.0105622957662
33579,Hillsborough,2020-07-31,1669.6534800249804
33579,Hillsborough,2020-08-31,1667.9746549275064
33579,Hillsborough,2020-09-30,1678.1393858651795
33579,Hillsborough,2020-10-31,1694.7236333318556
33579,Hillsborough,2020-11-30,1713.5007466121021
33579,Hillsborough,2020-12-31,1729.23898043785
33579,Hillsborough,2021-01-31,1756.626968147849
33579,Hillsborough,2021-02-28,1769.7851858580436
33579,Hillsborough,2021-03-31,1782.457026363502
33579,Hillsborough,2021-04-30,1809.2737558066137
33579,Hillsborough,2021-05-31,1864.3611910539885
33579,Hillsborough,2021-06-30,1915.4697964267561
33579,Hillsborough,2021-07-31,1954.1673757597175
33579,Hillsborough,2021-08-31,1987.71519711313
33579,Hillsborough,2021-09-30,2039.3491607419417
33579,Hillsborough,2021-10-31,2093.0103133437324
33579,Hillsborough,2021-11-30,2143.5246051267754
33579,Hillsborough,2021-12-31,2167.8781656817923
33579,Hillsborough,2022-01-31,2133.219481006366
33579,Hillsborough,2022-02-28,2108.948483343681
33579,Hillsborough,2022-03-31,2123.6823508541443
33579,Hillsborough,2022-04-30,2167.8492531911065
33579,Hillsborough,2022-05-31,2223.9745032569
33579,Hillsborough,2022-06-30,2240.215132964265
33579,Hillsborough,2022-07-31,2275.5484018300704
33579,Hillsborough,2022-08-31,2293.281815091117
33579,Hillsborough,2022-09-30,2296.3660050016097
33579,Hillsborough,2022-10-31,2285.7734892830003
33579,Hillsborough,2022-11-30,2276.837128641491
33579,Hillsborough,2022-12-31,2284.1097576835627
33579,Hillsborough,2023-01-31,2290.5669892465658
33579,Hillsborough,2023-02-28,2275.2648917543324
33579,Hillsborough,2023-03-31,2276.8765444947835
33579,Hillsborough,2023-04-30,2311.558275515916
33579,Hillsborough,2023-05-31,2338.1509120747623
33579,Hillsborough,2023-06-30,2339.170106415515
33579,Hillsborough,2023-07-31,2334.8607953752244
33579,Hillsborough,2023-08-31,2352.1851774790393
33579,Hillsborough,2023-09-30,2351.3915768137485
33579,Hillsborough,2023-10-31,2309.728059453591
33579,Hillsborough,2023-11-30,2297.544274918226
33579,Hillsborough,2023-12-31,2306.8182450172085
33579,Hillsborough,2024-01-31,2359.6050746704377
33579,Hillsborough,2024-02-29,2344.0197832168524
33579,Hillsborough,2024-03-31,2352.9989427134715
33579,Hillsborough,2024-04-30,2349.640036349921
33579,Hillsborough,2024-05-31,2356.8332338568584
33579,Hillsborough,2024-06-30,2364.637632119264
33579,Hillsborough,2024-07-31,2380.3096505195854
33579,Hillsborough,2024-08-31,2375.5137625007005
33579,Hillsborough,2024-09-30,2377.2176533050256
33579,Hillsborough,2024-10-31,2415.9277027516823
33579,Hillsborough,2024-11-30,2429.3459589174267
33579,Hillsborough,2024-12-31,2434.2135078875726
33579,Hillsborough,2025-01-31,2412.8870567966906
33579,Hillsborough,2025-02-28,2464.515845806913
33579,Hillsborough,2025-03-31,2480.6680494162765
33579,Hillsborough,2025-04-30,2487.0796746696124
33579,Hillsborough,2025-05-31,2480.519992571631
33579,Hillsborough,2025-06-30,2501.9748244526218
33579,Hillsborough,2025-07-31,2489.743569035525
33579,Hillsborough,2025-08-31,2482.208686637681
33579,Hillsborough,2025-09-30,2456.7440796935834
33579,Hillsborough,2025-10-31,2476.0372523675824
33579,Hillsborough,2025-11-30,2457.906363188541
33579,Hillsborough,2025-12-31,2481.219571132049
33579,Hillsborough,2026-01-31,2480.1623471824587
33579,Hillsborough,2026-02-28,2494.404371629328
33579,Hillsborough,2026-03-31,2509.5256391489966
33579,Hillsborough,2026-04-30,2527.545977362821
33579,Hillsborough,2026-05-31,2540.2071047139316
33579,Hillsborough,2026-06-30,2535.3170843776106
33624,Hillsborough,2015-01-31,896.4412574298952
33624,Hillsborough,2015-02-28,892.208880907106
33624,Hillsborough,2015-03-31,898.381228342923
33624,Hillsborough,2015-04-30,910.4468794885012
33624,Hillsborough,2015-05-31,926.4181116561842
33624,Hillsborough,2015-06-30,936.1979383336221
33624,Hillsborough,2015-07-31,934.4533833942136
33624,Hillsborough,2015-08-31,927.6253370594648
33624,Hillsborough,2015-09-30,926.669877537564
33624,Hillsborough,2015-10-31,933.3162594571318
33624,Hillsborough,2015-11-30,937.3213298977911
33624,Hillsborough,2015-12-31,947.4225869217855
33624,Hillsborough,2016-01-31,944.3076398654391
33624,Hillsborough,2016-02-29,951.7573517111884
33624,Hillsborough,2016-03-31,946.6285080450821
33624,Hillsborough,2016-04-30,953.3420280831317
33624,Hillsborough,2016-05-31,960.9070479883524
33624,Hillsborough,2016-06-30,966.926071965207
33624,Hillsborough,2016-07-31,973.8991181517273
33624,Hillsborough,2016-08-31,984.9956183387862
33624,Hillsborough,2016-09-30,986.0334099640877
33624,Hillsborough,2016-10-31,986.7091908088915
33624,Hillsborough,2016-11-30,975.2256324435317
33624,Hillsborough,2016-12-31,976.3966357648758
33624,Hillsborough,2017-01-31,979.134179177419
33624,Hillsborough,2017-02-28,991.8575915396342
33624,Hillsborough,2017-03-31,1005.8776800588876
33624,Hillsborough,2017-04-30,1019.9513130523401
33624,Hillsborough,2017-05-31,1027.8019392361452
33624,Hillsborough,2017-06-30,1029.9169268096125
33624,Hillsborough,2017-07-31,1027.7768428841594
33624,Hillsborough,2017-08-31,1021.2056096343821
33624,Hillsborough,2017-09-30,1023.0400641030907
33624,Hillsborough,2017-10-31,1024.6262353584023
33624,Hillsborough,2017-11-30,1028.0414926067629
33624,Hillsborough,2017-12-31,1032.2014933356086
33624,Hillsborough,2018-01-31,1039.3322614857411
33624,Hillsborough,2018-02-28,1056.360544354747
33624,Hillsborough,2018-03-31,1064.2053044084832
33624,Hillsborough,2018-04-30,1072.0475714686343
33624,Hillsborough,2018-05-31,1073.3746208887264
33624,Hillsborough,2018-06-30,1078.1448202799081
33624,Hillsborough,2018-07-31,1076.8444927421422
33624,Hillsborough,2018-08-31,1079.035897891946
33624,Hillsborough,2018-09-30,1080.1721864509962
33624,Hillsborough,2018-10-31,1080.8735077209517
33624,Hillsborough,2018-11-30,1076.6574295408946
33624,Hillsborough,2018-12-31,1077.928391023192
33624,Hillsborough,2019-01-31,1083.292871237056
33624,Hillsborough,2019-02-28,1088.5110199138908
33624,Hillsborough,2019-03-31,1097.1788607472208
33624,Hillsborough,2019-04-30,1110.106373380408
33624,Hillsborough,2019-05-31,1113.2038419511284
33624,Hillsborough,2019-06-30,1117.3102465630036
33624,Hillsborough,2019-07-31,1122.647775385551
33624,Hillsborough,2019-08-31,1124.129345338329
33624,Hillsborough,2019-09-30,1119.5424825375414
33624,Hillsborough,2019-10-31,1117.617958177375
33624,Hillsborough,2019-11-30,1125.8764486627367
33624,Hillsborough,2019-12-31,1130.0081476059588
33624,Hillsborough,2020-01-31,1136.7143515277082
33624,Hillsborough,2020-02-29,1144.7908190442317
33624,Hillsborough,2020-03-31,1153.6557170078388
33624,Hillsborough,2020-04-30,1163.2451689243026
33624,Hillsborough,2020-05-31,1164.0629890539183
33624,Hillsborough,2020-06-30,1166.6347763683914
33624,Hillsborough,2020-07-31,1159.0362443657884
33624,Hillsborough,2020-08-31,1166.7449631189688
33624,Hillsborough,2020-09-30,1175.0877625733433
33624,Hillsborough,2020-10-31,1180.7127146688197
33624,Hillsborough,2020-11-30,1181.7782428781677
33624,Hillsborough,2020-12-31,1185.9675294439362
33624,Hillsborough,2021-01-31,1197.1906471396865
33624,Hillsborough,2021-02-28,1213.5317875333656
33624,Hillsborough,2021-03-31,1229.3646223437252
33624,Hillsborough,2021-04-30,1259.522407355262
33624,Hillsborough,2021-05-31,1276.4429019828735
33624,Hillsborough,2021-06-30,1313.7544311195882
33624,Hillsborough,2021-07-31,1358.4908133422418
33624,Hillsborough,2021-08-31,1409.1099050022403
33624,Hillsborough,2021-09-30,1441.8509370233721
33624,Hillsborough,2021-10-31,1439.7342323810776
33624,Hillsborough,2021-11-30,1500.2904232272351
33624,Hillsborough,2021-12-31,1531.8637441352944
33624,Hillsborough,2022-01-31,1595.735141674971
33624,Hillsborough,2022-02-28,1578.5119299450873
33624,Hillsborough,2022-03-31,1618.5445246887884
33624,Hillsborough,2022-04-30,1615.5105415715611
33624,Hillsborough,2022-05-31,1662.5744091497015
33624,Hillsborough,2022-06-30,1657.4534654060344
33624,Hillsborough,2022-07-31,1663.288418711727
33624,Hillsborough,2022-08-31,1641.8180657110543
33624,Hillsborough,2022-09-30,1657.5325553879757
33624,Hillsborough,2022-10-31,1655.6163130220707
33624,Hillsborough,2022-11-30,1689.9840953274638
33624,Hillsborough,2022-12-31,1666.4864920689354
33624,Hillsborough,2023-01-31,1671.9251984439748
33624,Hillsborough,2023-02-28,1645.931200451665
33624,Hillsborough,2023-03-31,1679.626850405964
33624,Hillsborough,2023-04-30,1694.1960126019787
33624,Hillsborough,2023-05-31,1713.9198550927674
33624,Hillsborough,2023-06-30,1704.0838177528458
33624,Hillsborough,2023-07-31,1708.4480029486963
33624,Hillsborough,2023-08-31,1709.824044525366
33624,Hillsborough,2023-09-30,1707.8993344661521
33624,Hillsborough,2023-10-31,1708.16606753552
33624,Hillsborough,2023-11-30,1694.1674694485137
33624,Hillsborough,2023-12-31,1704.389949978852
33624,Hillsborough,2024-01-31,1718.229883078007
33624,Hillsborough,2024-02-29,1720.122607380097
33624,Hillsborough,2024-03-31,1725.7631001611178
33624,Hillsborough,2024-04-30,1728.9264392720477
33624,Hillsborough,2024-05-31,1735.0577057330836
33624,Hillsborough,2024-06-30,1728.032867792529
33624,Hillsborough,2024-07-31,1705.982301247458
33624,Hillsborough,2024-08-31,1711.6563245410807
33624,Hillsborough,2024-09-30,1691.7618068080692
33624,Hillsborough,2024-10-31,1706.1538241261921
33624,Hillsborough,2024-11-30,1698.7739039326616
33624,Hillsborough,2024-12-31,1723.3571342585276
33624,Hillsborough,2025-01-31,1742.4604054153574
33624,Hillsborough,2025-02-28,1764.6967570937254
33624,Hillsborough,2025-03-31,1783.7777450486933
33624,Hillsborough,2025-04-30,1782.9563835464983
33624,Hillsborough,2025-05-31,1777.5837415099327
33624,Hillsborough,2025-06-30,1794.2398785441264
33624,Hillsborough,2025-07-31,1788.5451069587286
33624,Hillsborough,2025-08-31,1794.2255467755688
33624,Hillsborough,2025-09-30,1758.3377721874601
33624,Hillsborough,2025-10-31,1737.3555743632771
33624,Hillsborough,2025-11-30,1720.6448090562033
33624,Hillsborough,2025-12-31,1732.381154072492
33624,Hillsborough,2026-01-31,1730.9237375515572
33624,Hillsborough,2026-02-28,1737.8662209348072
33624,Hillsborough,2026-03-31,1727.808513200272
33624,Hillsborough,2026-04-30,1745.1355335013573
33624,Hillsborough,2026-05-31,1749.428382906008
33624,Hillsborough,2026-06-30,1761.2642496392498
33604,Hillsborough,2015-01-31,686.4848057342737
33604,Hillsborough,2015-02-28,699.1966670799119
33604,Hillsborough,2015-03-31,705.9160567659716
33604,Hillsborough,2015-04-30,707.7064661249063
33604,Hillsborough,2015-05-31,711.4532642933613
33604,Hillsborough,2015-06-30,707.6932854120379
33604,Hillsborough,2015-07-31,715.6156060729855
33604,Hillsborough,2015-08-31,718.1817538132664
33604,Hillsborough,2015-09-30,725.6389672341993
33604,Hillsborough,2015-10-31,735.5841699320146
33604,Hillsborough,2015-11-30,735.9203526631429
33604,Hillsborough,2015-12-31,731.361866735756
33604,Hillsborough,2016-01-31,732.1487729029611
33604,Hillsborough,2016-02-29,734.7469892377335
33604,Hillsborough,2016-03-31,748.6224564019211
33604,Hillsborough,2016-04-30,751.9300457200217
33604,Hillsborough,2016-05-31,770.2851365565904
33604,Hillsborough,2016-06-30,768.0321909075703
33604,Hillsborough,2016-07-31,771.7465693600282
33604,Hillsborough,2016-08-31,761.6243192048445
33604,Hillsborough,2016-09-30,773.3100442888183
33604,Hillsborough,2016-10-31,786.5801350560316
33604,Hillsborough,2016-11-30,792.886363757415
33604,Hillsborough,2016-12-31,782.320793931802
33604,Hillsborough,2017-01-31,779.88910340229
33604,Hillsborough,2017-02-28,791.7356597414292
33604,Hillsborough,2017-03-31,805.5524521443037
33604,Hillsborough,2017-04-30,817.5802964388631
33604,Hillsborough,2017-05-31,813.7496591443388
33604,Hillsborough,2017-06-30,820.7196712959492
33604,Hillsborough,2017-07-31,807.952097901848
33604,Hillsborough,2017-08-31,806.2563707634133
33604,Hillsborough,2017-09-30,820.814520485991
33604,Hillsborough,2017-10-31,841.2451763835261
33604,Hillsborough,2017-11-30,849.4276954994593
33604,Hillsborough,2017-12-31,855.0878129864072
33604,Hillsborough,2018-01-31,860.8702240823342
33604,Hillsborough,2018-02-28,868.3475032487079
33604,Hillsborough,2018-03-31,862.4811193851332
33604,Hillsborough,2018-04-30,862.1807624215385
33604,Hillsborough,2018-05-31,885.5855946134349
33604,Hillsborough,2018-06-30,900.9373792600109
33604,Hillsborough,2018-07-31,908.1991433639487
33604,Hillsborough,2018-08-31,916.2448752317492
33604,Hillsborough,2018-09-30,917.7053049914476
33604,Hillsborough,2018-10-31,919.4993380868846
33604,Hillsborough,2018-11-30,917.5364336070944
33604,Hillsborough,2018-12-31,912.7524460252203
33604,Hillsborough,2019-01-31,919.4932710290167
33604,Hillsborough,2019-02-28,911.2655040960983
33604,Hillsborough,2019-03-31,923.3413764917838
33604,Hillsborough,2019-04-30,931.3731420754367
33604,Hillsborough,2019-05-31,947.3320531587223
33604,Hillsborough,2019-06-30,955.3363884172185
33604,Hillsborough,2019-07-31,946.4804708559891
33604,Hillsborough,2019-08-31,941.3262109146492
33604,Hillsborough,2019-09-30,949.2471618189423
33604,Hillsborough,2019-10-31,956.088221850545
33604,Hillsborough,2019-11-30,967.5627520405641
33604,Hillsborough,2019-12-31,969.2259844746328
33604,Hillsborough,2020-01-31,993.3221772201935
33604,Hillsborough,2020-02-29,995.8219868690243
33604,Hillsborough,2020-03-31,999.3848072612661
33604,Hillsborough,2020-04-30,1009.8149881203077
33604,Hillsborough,2020-05-31,1023.0769988097663
33604,Hillsborough,2020-06-30,1016.8291476276595
33604,Hillsborough,2020-07-31,1011.8149686875034
33604,Hillsborough,2020-08-31,1022.0762821703192
33604,Hillsborough,2020-09-30,1051.9538267569762
33604,Hillsborough,2020-10-31,1049.4068869551513
33604,Hillsborough,2020-11-30,1051.1087327225414
33604,Hillsborough,2020-12-31,1057.369098565589
33604,Hillsborough,2021-01-31,1069.384876914625
33604,Hillsborough,2021-02-28,1068.5231321758038
33604,Hillsborough,2021-03-31,1079.8940999240126
33604,Hillsborough,2021-04-30,1119.2966910124746
33604,Hillsborough,2021-05-31,1165.396159687008
33604,Hillsborough,2021-06-30,1190.7578539046046
33604,Hillsborough,2021-07-31,1235.1195324664827
33604,Hillsborough,2021-08-31,1277.3268437649533
33604,Hillsborough,2021-09-30,1323.089002626062
33604,Hillsborough,2021-10-31,1330.096778286767
33604,Hillsborough,2021-11-30,1359.8913559722616
33604,Hillsborough,2021-12-31,1375.68838623001
33604,Hillsborough,2022-01-31,1347.0987570046225
33604,Hillsborough,2022-02-28,1347.0347104821187
33604,Hillsborough,2022-03-31,1341.801324299361
33604,Hillsborough,2022-04-30,1390.302520696074
33604,Hillsborough,2022-05-31,1397.6516911588794
33604,Hillsborough,2022-06-30,1420.8550721754082
33604,Hillsborough,2022-07-31,1453.962397303183
33604,Hillsborough,2022-08-31,1479.2762923946177
33604,Hillsborough,2022-09-30,1470.6632725028653
33604,Hillsborough,2022-10-31,1438.0511264751174
33604,Hillsborough,2022-11-30,1438.6880861280072
33604,Hillsborough,2022-12-31,1439.4241626515686
33604,Hillsborough,2023-01-31,1467.83485594055
33604,Hillsborough,2023-02-28,1466.6216607516938
33604,Hillsborough,2023-03-31,1485.3746827775706
33604,Hillsborough,2023-04-30,1509.1301195651265
33604,Hillsborough,2023-05-31,1514.2855010249284
33604,Hillsborough,2023-06-30,1520.731330851471
33604,Hillsborough,2023-07-31,1514.9297059495507
33604,Hillsborough,2023-08-31,1521.3412840664002
33604,Hillsborough,2023-09-30,1522.3536564598953
33604,Hillsborough,2023-10-31,1524.9746907080212
33604,Hillsborough,2023-11-30,1524.6985116273652
33604,Hillsborough,2023-12-31,1533.1865907372055
33604,Hillsborough,2024-01-31,1537.170745272499
33604,Hillsborough,2024-02-29,1531.4630489881797
33604,Hillsborough,2024-03-31,1530.1131896884608
33604,Hillsborough,2024-04-30,1536.7892793554038
33604,Hillsborough,2024-05-31,1548.6890522836077
33604,Hillsborough,2024-06-30,1572.3524786454393
33604,Hillsborough,2024-07-31,1579.7717143662119
33604,Hillsborough,2024-08-31,1598.2860990199745
33604,Hillsborough,2024-09-30,1592.70381496287
33604,Hillsborough,2024-10-31,1586.6796880465256
33604,Hillsborough,2024-11-30,1589.976375685164
33604,Hillsborough,2024-12-31,1607.7461601461514
33604,Hillsborough,2025-01-31,1604.6672054934586
33604,Hillsborough,2025-02-28,1605.6276959095928
33604,Hillsborough,2025-03-31,1600.6327322550187
33604,Hillsborough,2025-04-30,1609.4249965260533
33604,Hillsborough,2025-05-31,1587.5653467769505
33604,Hillsborough,2025-06-30,1593.236136415951
33604,Hillsborough,2025-07-31,1605.9790733347834
33604,Hillsborough,2025-08-31,1619.2874664376805
33604,Hillsborough,2025-09-30,1594.430697039535
33604,Hillsborough,2025-10-31,1573.6202976162765
33604,Hillsborough,2025-11-30,1567.3155918165817
33604,Hillsborough,2025-12-31,1580.6825332586675
33604,Hillsborough,2026-01-31,1590.646513454313
33604,Hillsborough,2026-02-28,1601.71491052205
33604,Hillsborough,2026-03-31,1608.7183841854003
33604,Hillsborough,2026-04-30,1614.0620144218683
33604,Hillsborough,2026-05-31,1618.4936076632223
33604,Hillsborough,2026-06-30,1587.930769230769
33613,Hillsborough,2021-12-31,1384.8727577013058
33613,Hillsborough,2022-01-31,1416.9968811254175
33613,Hillsborough,2022-02-28,1405.6469302678875
33613,Hillsborough,2022-03-31,1431.6944918185777
33613,Hillsborough,2022-04-30,1440.8698465128564
33613,Hillsborough,2022-05-31,1446.6225501802594
33613,Hillsborough,2022-06-30,1437.1457189602036
33613,Hillsborough,2022-07-31,1455.0204841143595
33613,Hillsborough,2022-08-31,1487.979732822324
33613,Hillsborough,2022-09-30,1504.369010949575
33613,Hillsborough,2022-10-31,1497.3958950346748
33613,Hillsborough,2022-11-30,1484.3293834571782
33613,Hillsborough,2022-12-31,1475.7935916963138
33613,Hillsborough,2023-01-31,1474.2860910662234
33613,Hillsborough,2023-02-28,1463.057434730464
33613,Hillsborough,2023-03-31,1475.783470428303
33613,Hillsborough,2023-04-30,1473.5869892963456
33613,Hillsborough,2023-05-31,1484.9914601443372
33613,Hillsborough,2023-06-30,1477.1662431204304
33613,Hillsborough,2023-07-31,1492.0202532983521
33613,Hillsborough,2023-08-31,1501.9729387202296
33613,Hillsborough,2023-09-30,1519.5365428312523
33613,Hillsborough,2023-10-31,1518.829514762112
33613,Hillsborough,2023-11-30,1504.5106851006951
33613,Hillsborough,2023-12-31,1493.0023496514057
33613,Hillsborough,2024-01-31,1477.9926792371284
33613,Hillsborough,2024-02-29,1494.5747607260262
33613,Hillsborough,2024-03-31,1492.1795803071313
33613,Hillsborough,2024-04-30,1505.9087654758848
33613,Hillsborough,2024-05-31,1496.980021604186
33613,Hillsborough,2024-06-30,1497.5582635750366
33613,Hillsborough,2024-07-31,1491.3997366739682
33613,Hillsborough,2024-08-31,1493.1085334153747
33613,Hillsborough,2024-09-30,1491.8785434708686
33613,Hillsborough,2024-10-31,1489.0919028769358
33613,Hillsborough,2024-11-30,1486.4154386122607
33613,Hillsborough,2024-12-31,1483.2470507415699
33613,Hillsborough,2025-01-31,1498.6376075829596
33613,Hillsborough,2025-02-28,1504.1727953440677
33613,Hillsborough,2025-03-31,1520.1210821409554
33613,Hillsborough,2025-04-30,1519.6264603142197
33613,Hillsborough,2025-05-31,1520.4379953528182
33613,Hillsborough,2025-06-30,1515.2543741951426
33613,Hillsborough,2025-07-31,1512.7349023229367
33613,Hillsborough,2025-08-31,1522.3024913057961
33613,Hillsborough,2025-09-30,1537.7790799897584
33613,Hillsborough,2025-10-31,1521.3550918722283
33613,Hillsborough,2025-11-30,1499.7820422217146
33613,Hillsborough,2025-12-31,1485.08586345747
33613,Hillsborough,2026-01-31,1494.5086900306706
33613,Hillsborough,2026-02-28,1519.1949476230577
33613,Hillsborough,2026-03-31,1512.2192738464028
33613,Hillsborough,2026-04-30,1502.1494910495514
33613,Hillsborough,2026-05-31,1469.234467133606
33613,Hillsborough,2026-06-30,1463.8425696167633
34698,Pinellas,2015-01-31,931.7194443108314
34698,Pinellas,2015-02-28,932.3621743476567
34698,Pinellas,2015-03-31,912.2658343394999
34698,Pinellas,2015-04-30,910.6417658671137
34698,Pinellas,2015-05-31,935.1274980617515
34698,Pinellas,2015-06-30,957.1446797530381
34698,Pinellas,2015-07-31,981.9630437471749
34698,Pinellas,2015-08-31,961.8960228259065
34698,Pinellas,2015-09-30,958.3120207136627
34698,Pinellas,2015-10-31,967.0505372331311
34698,Pinellas,2015-11-30,991.7002177395817
34698,Pinellas,2015-12-31,987.8674014233112
34698,Pinellas,2016-01-31,981.8563429835964
34698,Pinellas,2016-02-29,990.1701828478228
34698,Pinellas,2016-03-31,1005.2158720221403
34698,Pinellas,2016-04-30,1028.349765055145
34698,Pinellas,2016-05-31,1032.5817483918495
34698,Pinellas,2016-06-30,1039.7769698102825
34698,Pinellas,2016-07-31,1030.8817682134452
34698,Pinellas,2016-08-31,1013.0085621407798
34698,Pinellas,2016-09-30,1002.7039286869175
34698,Pinellas,2016-10-31,1014.555375043666
34698,Pinellas,2016-11-30,1042.1844658747336
34698,Pinellas,2016-12-31,1060.7064591304493
34698,Pinellas,2017-01-31,1061.9945774061498
34698,Pinellas,2017-02-28,1048.0942380590159
34698,Pinellas,2017-03-31,1048.1349002300421
34698,Pinellas,2017-04-30,1047.2956715578573
34698,Pinellas,2017-05-31,1061.6444020779304
34698,Pinellas,2017-06-30,1075.1807731468355
34698,Pinellas,2017-07-31,1077.0433748609132
34698,Pinellas,2017-08-31,1090.8788035529692
34698,Pinellas,2017-09-30,1108.8115742985176
34698,Pinellas,2017-10-31,1119.2258968520875
34698,Pinellas,2017-11-30,1110.7390475093844
34698,Pinellas,2017-12-31,1094.2053134341731
34698,Pinellas,2018-01-31,1097.6079051262925
34698,Pinellas,2018-02-28,1126.2126287154892
34698,Pinellas,2018-03-31,1133.1303621503523
34698,Pinellas,2018-04-30,1141.0796692794509
34698,Pinellas,2018-05-31,1133.2821331350553
34698,Pinellas,2018-06-30,1158.4651990333416
34698,Pinellas,2018-07-31,1165.3754169217643
34698,Pinellas,2018-08-31,1180.224973022668
34698,Pinellas,2018-09-30,1180.9941711124886
34698,Pinellas,2018-10-31,1207.3700794813033
34698,Pinellas,2018-11-30,1202.5331861541472
34698,Pinellas,2018-12-31,1172.168425341224
34698,Pinellas,2019-01-31,1187.0622029779302
34698,Pinellas,2019-02-28,1202.678183658379
34698,Pinellas,2019-03-31,1253.961017751216
34698,Pinellas,2019-04-30,1237.596130390467
34698,Pinellas,2019-05-31,1248.9459506773803
34698,Pinellas,2019-06-30,1237.7423502941178
34698,Pinellas,2019-07-31,1241.093283682326
34698,Pinellas,2019-08-31,1245.5860855897408
34698,Pinellas,2019-09-30,1259.9849065170652
34698,Pinellas,2019-10-31,1296.268658098063
34698,Pinellas,2019-11-30,1296.3377234495033
34698,Pinellas,2019-12-31,1323.2705048301689
34698,Pinellas,2020-01-31,1306.3492500274263
34698,Pinellas,2020-02-29,1318.9213944224027
34698,Pinellas,2020-03-31,1297.7355597320595
34698,Pinellas,2020-04-30,1291.6712131034833
34698,Pinellas,2020-05-31,1272.3760900755537
34698,Pinellas,2020-06-30,1266.2738452867256
34698,Pinellas,2020-07-31,1276.554170129012
34698,Pinellas,2020-08-31,1306.4644885403188
34698,Pinellas,2020-09-30,1342.0477978847696
34698,Pinellas,2020-10-31,1349.1098070173039
34698,Pinellas,2020-11-30,1389.4090442736115
34698,Pinellas,2020-12-31,1390.1237778183433
34698,Pinellas,2021-01-31,1393.094335996682
34698,Pinellas,2021-02-28,1398.5196140434618
34698,Pinellas,2021-03-31,1443.1602853952681
34698,Pinellas,2021-04-30,1501.9525016401612
34698,Pinellas,2021-05-31,1531.839759690995
34698,Pinellas,2021-06-30,1548.4033659517631
34698,Pinellas,2021-07-31,1596.0738712852633
34698,Pinellas,2021-08-31,1658.1502008980553
34698,Pinellas,2021-09-30,1713.3637976107782
34698,Pinellas,2021-10-31,1745.9091876489745
34698,Pinellas,2021-11-30,1744.0416607046197
34698,Pinellas,2021-12-31,1764.3323395005661
34698,Pinellas,2022-01-31,1782.087901159918
34698,Pinellas,2022-02-28,1801.2460625673884
34698,Pinellas,2022-03-31,1791.8041860639862
34698,Pinellas,2022-04-30,1791.6968137459185
34698,Pinellas,2022-05-31,1782.6465727641546
34698,Pinellas,2022-06-30,1816.2691975766877
34698,Pinellas,2022-07-31,1833.1117297636006
34698,Pinellas,2022-08-31,1864.532257458444
34698,Pinellas,2022-09-30,1890.1191023341528
34698,Pinellas,2022-10-31,1908.545647194213
34698,Pinellas,2022-11-30,1907.3537157609912
34698,Pinellas,2022-12-31,1867.678353786689
34698,Pinellas,2023-01-31,1859.5007977034397
34698,Pinellas,2023-02-28,1853.8406939463846
34698,Pinellas,2023-03-31,1877.0641779316238
34698,Pinellas,2023-04-30,1868.56427613909
34698,Pinellas,2023-05-31,1874.5913210288795
34698,Pinellas,2023-06-30,1893.1856320924978
34698,Pinellas,2023-07-31,1923.5118173706903
34698,Pinellas,2023-08-31,1948.938114808743
34698,Pinellas,2023-09-30,1971.8796263828324
34698,Pinellas,2023-10-31,1964.8215617986914
34698,Pinellas,2023-11-30,1971.852716127687
34698,Pinellas,2023-12-31,1956.150704245868
34698,Pinellas,2024-01-31,1974.6194854340483
34698,Pinellas,2024-02-29,1974.5544652713336
34698,Pinellas,2024-03-31,1972.411197131075
34698,Pinellas,2024-04-30,1966.978929335831
34698,Pinellas,2024-05-31,1960.4843344384199
34698,Pinellas,2024-06-30,1965.7514408918819
34698,Pinellas,2024-07-31,1967.0121548150407
34698,Pinellas,2024-08-31,1976.6613929449738
34698,Pinellas,2024-09-30,1976.130465324592
34698,Pinellas,2024-10-31,1974.7558169522938
34698,Pinellas,2024-11-30,1995.902886508627
34698,Pinellas,2024-12-31,2013.4325241969466
34698,Pinellas,2025-01-31,2052.8590910684215
34698,Pinellas,2025-02-28,2035.7574720608195
34698,Pinellas,2025-03-31,2051.8575101082097
34698,Pinellas,2025-04-30,2041.009925717344
34698,Pinellas,2025-05-31,2066.7670062915863
34698,Pinellas,2025-06-30,2053.4273937963862
34698,Pinellas,2025-07-31,2049.1253023487657
34698,Pinellas,2025-08-31,2009.664005727527
34698,Pinellas,2025-09-30,2006.2871881846845
34698,Pinellas,2025-10-31,2017.8167203769628
34698,Pinellas,2025-11-30,2037.5067112372367
34698,Pinellas,2025-12-31,2037.5433097218288
34698,Pinellas,2026-01-31,2041.7678941038039
34698,Pinellas,2026-02-28,2094.7393293481427
34698,Pinellas,2026-03-31,2109.278591052197
34698,Pinellas,2026-04-30,2112.342530880983
34698,Pinellas,2026-05-31,2080.8843759880483
34698,Pinellas,2026-06-30,2091.115136876006
33594,Hillsborough,2015-01-31,1248.3543001823243
33594,Hillsborough,2015-02-28,1258.3175129953133
33594,Hillsborough,2015-03-31,1258.9375709664228
33594,Hillsborough,2015-04-30,1267.5952026636842
33594,Hillsborough,2015-05-31,1275.0791434247192
33594,Hillsborough,2015-06-30,1280.7366027766284
33594,Hillsborough,2015-07-31,1287.2764345930364
33594,Hillsborough,2015-08-31,1280.215684143268
33594,Hillsborough,2015-09-30,1289.7339573996928
33594,Hillsborough,2015-10-31,1286.8214919169009
33594,Hillsborough,2015-11-30,1287.4169077451907
33594,Hillsborough,2015-12-31,1291.1607054561935
33594,Hillsborough,2016-01-31,1297.80750664371
33594,Hillsborough,2016-02-29,1314.4886427911863
33594,Hillsborough,2016-03-31,1307.5628600320606
33594,Hillsborough,2016-04-30,1316.9653557894437
33594,Hillsborough,2016-05-31,1314.677525749072
33594,Hillsborough,2016-06-30,1327.2993479453728
33594,Hillsborough,2016-07-31,1329.1276577980568
33594,Hillsborough,2016-08-31,1338.4604345639696
33594,Hillsborough,2016-09-30,1332.6095424387954
33594,Hillsborough,2016-10-31,1342.1571753836597
33594,Hillsborough,2016-11-30,1339.999275152008
33594,Hillsborough,2016-12-31,1348.4698231372975
33594,Hillsborough,2017-01-31,1338.1529093255494
33594,Hillsborough,2017-02-28,1339.5040166750093
33594,Hillsborough,2017-03-31,1345.2451149625042
33594,Hillsborough,2017-04-30,1358.5528027080977
33594,Hillsborough,2017-05-31,1366.000786132436
33594,Hillsborough,2017-06-30,1376.7052051810779
33594,Hillsborough,2017-07-31,1384.999100429432
33594,Hillsborough,2017-08-31,1384.622497763562
33594,Hillsborough,2017-09-30,1382.734143484621
33594,Hillsborough,2017-10-31,1371.1786612877288
33594,Hillsborough,2017-11-30,1374.1197412119095
33594,Hillsborough,2017-12-31,1366.1277385911521
33594,Hillsborough,2018-01-31,1370.928157592382
33594,Hillsborough,2018-02-28,1376.672562600189
33594,Hillsborough,2018-03-31,1395.320783874053
33594,Hillsborough,2018-04-30,1414.9940425360887
33594,Hillsborough,2018-05-31,1427.7738599109844
33594,Hillsborough,2018-06-30,1439.3462048897886
33594,Hillsborough,2018-07-31,1434.5746943227812
33594,Hillsborough,2018-08-31,1430.2034450243355
33594,Hillsborough,2018-09-30,1424.2601708210223
33594,Hillsborough,2018-10-31,1435.6866381353063
33594,Hillsborough,2018-11-30,1445.2394954732904
33594,Hillsborough,2018-12-31,1433.4850677109575
33594,Hillsborough,2019-01-31,1427.1437588531041
33594,Hillsborough,2019-02-28,1422.713940130615
33594,Hillsborough,2019-03-31,1434.9474670587365
33594,Hillsborough,2019-04-30,1459.9323901727103
33594,Hillsborough,2019-05-31,1476.8017932956354
33594,Hillsborough,2019-06-30,1494.9831316117363
33594,Hillsborough,2019-07-31,1486.627854854007
33594,Hillsborough,2019-08-31,1492.9802254658323
33594,Hillsborough,2019-09-30,1493.2783097940073
33594,Hillsborough,2019-10-31,1489.7079904194002
33594,Hillsborough,2019-11-30,1491.6797849672234
33594,Hillsborough,2019-12-31,1486.8409366514973
33594,Hillsborough,2020-01-31,1498.2573107132448
33594,Hillsborough,2020-02-29,1489.504750038686
33594,Hillsborough,2020-03-31,1488.7605199092704
33594,Hillsborough,2020-04-30,1484.4248671762837
33594,Hillsborough,2020-05-31,1493.1234909983618
33594,Hillsborough,2020-06-30,1523.1014290365401
33594,Hillsborough,2020-07-31,1540.7241719570222
33594,Hillsborough,2020-08-31,1545.7028256259637
33594,Hillsborough,2020-09-30,1552.9600577845135
33594,Hillsborough,2020-10-31,1570.3202392549001
33594,Hillsborough,2020-11-30,1586.497312359135
33594,Hillsborough,2020-12-31,1594.848015764733
33594,Hillsborough,2021-01-31,1602.8051885270177
33594,Hillsborough,2021-02-28,1637.345025858508
33594,Hillsborough,2021-03-31,1644.1059622486587
33594,Hillsborough,2021-04-30,1670.2341987989942
33594,Hillsborough,2021-05-31,1708.4106056583569
33594,Hillsborough,2021-06-30,1762.8786931870202
33594,Hillsborough,2021-07-31,1816.8169268024033
33594,Hillsborough,2021-08-31,1833.4806144590066
33594,Hillsborough,2021-09-30,1889.1671444018957
33594,Hillsborough,2021-10-31,1884.121681170414
33594,Hillsborough,2021-11-30,1909.7930134249796
33594,Hillsborough,2021-12-31,1910.728712079821
33594,Hillsborough,2022-01-31,1954.948794635821
33594,Hillsborough,2022-02-28,1975.7804580161649
33594,Hillsborough,2022-03-31,1994.1755157344562
33594,Hillsborough,2022-04-30,2021.9395072060722
33594,Hillsborough,2022-05-31,2050.5037657991566
33594,Hillsborough,2022-06-30,2079.456093400323
33594,Hillsborough,2022-07-31,2138.4834578917144
33594,Hillsborough,2022-08-31,2176.0273851310485
33594,Hillsborough,2022-09-30,2183.1621762055684
33594,Hillsborough,2022-10-31,2156.793963173844
33594,Hillsborough,2022-11-30,2120.6319829330305
33594,Hillsborough,2022-12-31,2122.3231311142376
33594,Hillsborough,2023-01-31,2090.500624500924
33594,Hillsborough,2023-02-28,2092.332605698701
33594,Hillsborough,2023-03-31,2139.13932919913
33594,Hillsborough,2023-04-30,2156.286860915773
33594,Hillsborough,2023-05-31,2197.7676272277613
33594,Hillsborough,2023-06-30,2188.86532532998
33594,Hillsborough,2023-07-31,2208.5549772836175
33594,Hillsborough,2023-08-31,2208.299309274128
33594,Hillsborough,2023-09-30,2180.2995232296435
33594,Hillsborough,2023-10-31,2209.6788467764827
33594,Hillsborough,2023-11-30,2192.2333075819192
33594,Hillsborough,2023-12-31,2212.037361217074
33594,Hillsborough,2024-01-31,2175.8024285175434
33594,Hillsborough,2024-02-29,2181.138523746602
33594,Hillsborough,2024-03-31,2191.3390578661197
33594,Hillsborough,2024-04-30,2205.554425463769
33594,Hillsborough,2024-05-31,2227.314856478164
33594,Hillsborough,2024-06-30,2227.8147238979154
33594,Hillsborough,2024-07-31,2251.738225390173
33594,Hillsborough,2024-08-31,2288.513808033787
33594,Hillsborough,2024-09-30,2288.994802602189
33594,Hillsborough,2024-10-31,2280.447872188579
33594,Hillsborough,2024-11-30,2279.9572609106403
33594,Hillsborough,2024-12-31,2296.13808642973
33594,Hillsborough,2025-01-31,2304.9066445465155
33594,Hillsborough,2025-02-28,2269.4592791738078
33594,Hillsborough,2025-03-31,2281.958262253152
33594,Hillsborough,2025-04-30,2278.6416852827274
33594,Hillsborough,2025-05-31,2323.347445167132
33594,Hillsborough,2025-06-30,2338.2676641897165
33594,Hillsborough,2025-07-31,2355.292693441873
33594,Hillsborough,2025-08-31,2356.083217390667
33594,Hillsborough,2025-09-30,2321.779268247457
33594,Hillsborough,2025-10-31,2321.4539131411375
33594,Hillsborough,2025-11-30,2317.3129748592064
33594,Hillsborough,2025-12-31,2337.0463545048096
33594,Hillsborough,2026-01-31,2343.774301359568
33594,Hillsborough,2026-02-28,2316.425094639216
33594,Hillsborough,2026-03-31,2316.872480349183
33594,Hillsborough,2026-04-30,2341.296403006929
33594,Hillsborough,2026-05-31,2381.7513778397306
33594,Hillsborough,2026-06-30,2394.2346542346545
34608,Hernando,2021-10-31,1546.3841563820383
34608,Hernando,2021-11-30,1500.7513682687543
34608,Hernando,2021-12-31,1509.05106227753
34608,Hernando,2022-01-31,1503.6535296924783
34608,Hernando,2022-02-28,1570.4409558875484
34608,Hernando,2022-03-31,1584.1562711994784
34608,Hernando,2022-04-30,1603.2728312310167
34608,Hernando,2022-05-31,1636.4180482609615
34608,Hernando,2022-06-30,1661.7666461392255
34608,Hernando,2022-07-31,1728.1915536173296
34608,Hernando,2022-08-31,1749.0624376427415
34608,Hernando,2022-09-30,1774.3414506820486
34608,Hernando,2022-10-31,1760.6724866104926
34608,Hernando,2022-11-30,1729.0072094695472
34608,Hernando,2022-12-31,1734.995210402376
34608,Hernando,2023-01-31,1711.7602278815364
34608,Hernando,2023-02-28,1714.1131279982237
34608,Hernando,2023-03-31,1732.8215801345916
34608,Hernando,2023-04-30,1756.1257278391488
34608,Hernando,2023-05-31,1761.3638839101193
34608,Hernando,2023-06-30,1757.4425654589456
34608,Hernando,2023-07-31,1758.185995915947
34608,Hernando,2023-08-31,1769.718107110732
34608,Hernando,2023-09-30,1761.1184502862022
34608,Hernando,2023-10-31,1778.293947597453
34608,Hernando,2023-11-30,1783.6127538858
34608,Hernando,2023-12-31,1795.2878284533413
34608,Hernando,2024-01-31,1828.2365401289903
34608,Hernando,2024-02-29,1848.623446516012
34608,Hernando,2024-03-31,1850.6451496266973
34608,Hernando,2024-04-30,1811.5658651806964
34608,Hernando,2024-05-31,1819.6828850930606
34608,Hernando,2024-06-30,1827.6539346640925
34608,Hernando,2024-07-31,1834.6407165645828
34608,Hernando,2024-08-31,1805.2802650444667
34608,Hernando,2024-09-30,1796.2392944674966
34608,Hernando,2024-10-31,1799.1539361209154
34608,Hernando,2024-11-30,1833.687324968714
34608,Hernando,2024-12-31,1847.2214140819813
34608,Hernando,2025-01-31,1870.0243401481566
34608,Hernando,2025-02-28,1861.5045902039517
34608,Hernando,2025-03-31,1884.6126152224554
34608,Hernando,2025-04-30,1890.620248636044
34608,Hernando,2025-05-31,1890.5252649024071
34608,Hernando,2025-06-30,1877.544796624191
34608,Hernando,2025-07-31,1860.9890453862035
34608,Hernando,2025-08-31,1870.730256947879
34608,Hernando,2025-09-30,1888.3536920080248
34608,Hernando,2025-10-31,1847.6959096216433
34608,Hernando,2025-11-30,1827.9715050022435
34608,Hernando,2025-12-31,1800.8869135160448
34608,Hernando,2026-01-31,1853.5626464950722
34608,Hernando,2026-02-28,1869.1532607080035
34608,Hernando,2026-03-31,1877.4283431075874
34608,Hernando,2026-04-30,1877.1059937980299
34608,Hernando,2026-05-31,1908.319762771391
34608,Hernando,2026-06-30,1919.6746031746031
33710,Pinellas,2021-04-30,1193.105937031001
33710,Pinellas,2021-05-31,1214.6572784529908
33710,Pinellas,2021-06-30,1268.707083990018
33710,Pinellas,2021-07-31,1314.1936155813733
33710,Pinellas,2021-08-31,1360.6666715625893
33710,Pinellas,2021-09-30,1416.7808010712606
33710,Pinellas,2021-10-31,1445.854574746913
33710,Pinellas,2021-11-30,1478.8354937104873
33710,Pinellas,2021-12-31,1507.8755296501695
33710,Pinellas,2022-01-31,1540.0388799617792
33710,Pinellas,2022-02-28,1583.6288910946844
33710,Pinellas,2022-03-31,1612.54411595964
33710,Pinellas,2022-04-30,1652.1255284869655
33710,Pinellas,2022-05-31,1668.9345964961715
33710,Pinellas,2022-06-30,1695.1939857893444
33710,Pinellas,2022-07-31,1693.0355321964337
33710,Pinellas,2022-08-31,1663.0542469920977
33710,Pinellas,2022-09-30,1644.8532554461378
33710,Pinellas,2022-10-31,1639.4261435681988
33710,Pinellas,2022-11-30,1635.5967170436652
33710,Pinellas,2022-12-31,1650.5397917609787
33710,Pinellas,2023-01-31,1657.968482737431
33710,Pinellas,2023-02-28,1695.5097794365477
33710,Pinellas,2023-03-31,1714.4001308903291
33710,Pinellas,2023-04-30,1750.3761002859353
33710,Pinellas,2023-05-31,1755.934983663985
33710,Pinellas,2023-06-30,1749.808274791787
33710,Pinellas,2023-07-31,1740.9960499347
33710,Pinellas,2023-08-31,1748.1289486508804
33710,Pinellas,2023-09-30,1744.8169919215495
33710,Pinellas,2023-10-31,1734.6143936562655
33710,Pinellas,2023-11-30,1736.4833941621139
33710,Pinellas,2023-12-31,1718.5085077728563
33710,Pinellas,2024-01-31,1732.7627564309612
33710,Pinellas,2024-02-29,1734.1977735020457
33710,Pinellas,2024-03-31,1750.297106882847
33710,Pinellas,2024-04-30,1769.2045830159889
33710,Pinellas,2024-05-31,1779.113738887814
33710,Pinellas,2024-06-30,1785.3780492049718
33710,Pinellas,2024-07-31,1753.9052164968382
33710,Pinellas,2024-08-31,1740.8506749201717
33710,Pinellas,2024-09-30,1721.7462575167754
33710,Pinellas,2024-10-31,1746.419489422635
33710,Pinellas,2024-11-30,1786.6607774106553
33710,Pinellas,2024-12-31,1815.433642392194
33710,Pinellas,2025-01-31,1797.4039762905927
33710,Pinellas,2025-02-28,1769.7897803552878
33710,Pinellas,2025-03-31,1790.6258747417994
33710,Pinellas,2025-04-30,1829.0617649224741
33710,Pinellas,2025-05-31,1880.2940966370927
33710,Pinellas,2025-06-30,1877.3855399334623
33710,Pinellas,2025-07-31,1864.3065928209382
33710,Pinellas,2025-08-31,1832.2854420011254
33710,Pinellas,2025-09-30,1848.7442047702664
33710,Pinellas,2025-10-31,1825.8827460005873
33710,Pinellas,2025-11-30,1823.5867884012264
33710,Pinellas,2025-12-31,1807.6194856234665
33710,Pinellas,2026-01-31,1798.1298628680622
33710,Pinellas,2026-02-28,1788.162932901484
33710,Pinellas,2026-03-31,1789.1051184042801
33710,Pinellas,2026-04-30,1835.377414555733
33710,Pinellas,2026-05-31,1861.2105641718197
33710,Pinellas,2026-06-30,1894.962292093871
33611,Hillsborough,2015-01-31,1236.2660980696478
33611,Hillsborough,2015-02-28,1246.810497884759
33611,Hillsborough,2015-03-31,1259.894239896905
33611,Hillsborough,2015-04-30,1280.8908783032794
33611,Hillsborough,2015-05-31,1297.033308090219
33611,Hillsborough,2015-06-30,1299.1907010511686
33611,Hillsborough,2015-07-31,1298.4598744907948
33611,Hillsborough,2015-08-31,1300.688620401906
33611,Hillsborough,2015-09-30,1309.1644153102138
33611,Hillsborough,2015-10-31,1323.9769199778593
33611,Hillsborough,2015-11-30,1318.7337424452076
33611,Hillsborough,2015-12-31,1317.8575365755357
33611,Hillsborough,2016-01-31,1323.9991468360124
33611,Hillsborough,2016-02-29,1342.8141883040946
33611,Hillsborough,2016-03-31,1360.8755068392854
33611,Hillsborough,2016-04-30,1368.9446268585777
33611,Hillsborough,2016-05-31,1372.683386027514
33611,Hillsborough,2016-06-30,1370.7267694410327
33611,Hillsborough,2016-07-31,1360.8655893554385
33611,Hillsborough,2016-08-31,1366.7313595974163
33611,Hillsborough,2016-09-30,1375.2012833570093
33611,Hillsborough,2016-10-31,1376.9583753410814
33611,Hillsborough,2016-11-30,1371.0010822858565
33611,Hillsborough,2016-12-31,1364.2566064134855
33611,Hillsborough,2017-01-31,1369.5216079114364
33611,Hillsborough,2017-02-28,1382.160987763568
33611,Hillsborough,2017-03-31,1398.896982312347
33611,Hillsborough,2017-04-30,1401.3190997232778
33611,Hillsborough,2017-05-31,1411.9928051587501
33611,Hillsborough,2017-06-30,1420.8607863836764
33611,Hillsborough,2017-07-31,1438.8292854858878
33611,Hillsborough,2017-08-31,1447.4896845418425
33611,Hillsborough,2017-09-30,1457.681455537399
33611,Hillsborough,2017-10-31,1459.2681108129989
33611,Hillsborough,2017-11-30,1453.7462182967345
33611,Hillsborough,2017-12-31,1436.4292729465749
33611,Hillsborough,2018-01-31,1426.3802391170202
33611,Hillsborough,2018-02-28,1435.427445400043
33611,Hillsborough,2018-03-31,1459.0009259676217
33611,Hillsborough,2018-04-30,1485.1416836664414
33611,Hillsborough,2018-05-31,1488.3513129163925
33611,Hillsborough,2018-06-30,1495.9458445441783
33611,Hillsborough,2018-07-31,1505.824682199294
33611,Hillsborough,2018-08-31,1524.827309542235
33611,Hillsborough,2018-09-30,1517.29107794541
33611,Hillsborough,2018-10-31,1513.4452752123743
33611,Hillsborough,2018-11-30,1520.5980786097023
33611,Hillsborough,2018-12-31,1536.9896756614837
33611,Hillsborough,2019-01-31,1540.7600196633193
33611,Hillsborough,2019-02-28,1527.4469886241718
33611,Hillsborough,2019-03-31,1540.6051211202152
33611,Hillsborough,2019-04-30,1557.554277619831
33611,Hillsborough,2019-05-31,1580.2927901343007
33611,Hillsborough,2019-06-30,1580.911263287862
33611,Hillsborough,2019-07-31,1572.5952679763243
33611,Hillsborough,2019-08-31,1575.0205624200607
33611,Hillsborough,2019-09-30,1578.294938813622
33611,Hillsborough,2019-10-31,1584.5952135313657
33611,Hillsborough,2019-11-30,1585.9313038635937
33611,Hillsborough,2019-12-31,1588.0594884978207
33611,Hillsborough,2020-01-31,1602.07260592036
33611,Hillsborough,2020-02-29,1603.0608273389144
33611,Hillsborough,2020-03-31,1609.621239927832
33611,Hillsborough,2020-04-30,1609.167516537469
33611,Hillsborough,2020-05-31,1607.867478001661
33611,Hillsborough,2020-06-30,1597.5128829303853
33611,Hillsborough,2020-07-31,1611.6839224996604
33611,Hillsborough,2020-08-31,1627.8669812315163
33611,Hillsborough,2020-09-30,1642.2247291707413
33611,Hillsborough,2020-10-31,1636.627422550081
33611,Hillsborough,2020-11-30,1648.15174008118
33611,Hillsborough,2020-12-31,1643.282703671653
33611,Hillsborough,2021-01-31,1656.4930151129984
33611,Hillsborough,2021-02-28,1669.7759080500205
33611,Hillsborough,2021-03-31,1705.7258809033663
33611,Hillsborough,2021-04-30,1745.1922874546678
33611,Hillsborough,2021-05-31,1789.203772181087
33611,Hillsborough,2021-06-30,1855.0416969711011
33611,Hillsborough,2021-07-31,1907.93309266583
33611,Hillsborough,2021-08-31,1964.6856929719704
33611,Hillsborough,2021-09-30,2034.3732452273796
33611,Hillsborough,2021-10-31,2079.732007936897
33611,Hillsborough,2021-11-30,2131.536231405421
33611,Hillsborough,2021-12-31,2132.101293228432
33611,Hillsborough,2022-01-31,2165.9680516535386
33611,Hillsborough,2022-02-28,2190.804250251305
33611,Hillsborough,2022-03-31,2233.6899821456336
33611,Hillsborough,2022-04-30,2264.3044614531773
33611,Hillsborough,2022-05-31,2267.917629341488
33611,Hillsborough,2022-06-30,2280.7366504873667
33611,Hillsborough,2022-07-31,2286.644926148793
33611,Hillsborough,2022-08-31,2294.0097171247025
33611,Hillsborough,2022-09-30,2301.2872270257594
33611,Hillsborough,2022-10-31,2300.132780176141
33611,Hillsborough,2022-11-30,2282.419831981195
33611,Hillsborough,2022-12-31,2250.2957768193833
33611,Hillsborough,2023-01-31,2241.237890251137
33611,Hillsborough,2023-02-28,2248.039836623297
33611,Hillsborough,2023-03-31,2275.9379325670075
33611,Hillsborough,2023-04-30,2291.3769016569627
33611,Hillsborough,2023-05-31,2322.84100375939
33611,Hillsborough,2023-06-30,2330.8980772217355
33611,Hillsborough,2023-07-31,2346.481508352374
33611,Hillsborough,2023-08-31,2344.2712624107544
33611,Hillsborough,2023-09-30,2355.825954759254
33611,Hillsborough,2023-10-31,2339.8833885157696
33611,Hillsborough,2023-11-30,2327.8240708337057
33611,Hillsborough,2023-12-31,2307.2679669598547
33611,Hillsborough,2024-01-31,2300.176873027119
33611,Hillsborough,2024-02-29,2290.0736756022434
33611,Hillsborough,2024-03-31,2295.9154250187316
33611,Hillsborough,2024-04-30,2305.445985337743
33611,Hillsborough,2024-05-31,2330.190627382427
33611,Hillsborough,2024-06-30,2336.8972628311253
33611,Hillsborough,2024-07-31,2340.903205894236
33611,Hillsborough,2024-08-31,2332.722581673307
33611,Hillsborough,2024-09-30,2342.5205036885295
33611,Hillsborough,2024-10-31,2373.7136565020282
33611,Hillsborough,2024-11-30,2433.3270791584027
33611,Hillsborough,2024-12-31,2429.5647148716535
33611,Hillsborough,2025-01-31,2419.5173907763497
33611,Hillsborough,2025-02-28,2388.528871112769
33611,Hillsborough,2025-03-31,2407.648746118075
33611,Hillsborough,2025-04-30,2429.340080106316
33611,Hillsborough,2025-05-31,2458.2397786544775
33611,Hillsborough,2025-06-30,2468.73181334088
33611,Hillsborough,2025-07-31,2441.8830752692966
33611,Hillsborough,2025-08-31,2416.450054558762
33611,Hillsborough,2025-09-30,2384.962235560628
33611,Hillsborough,2025-10-31,2396.691283506744
33611,Hillsborough,2025-11-30,2386.1344932896977
33611,Hillsborough,2025-12-31,2382.049736787618
33611,Hillsborough,2026-01-31,2365.5837693861804
33611,Hillsborough,2026-02-28,2375.2993828912577
33611,Hillsborough,2026-03-31,2424.9986340221667
33611,Hillsborough,2026-04-30,2465.689422703423
33611,Hillsborough,2026-05-31,2484.7508857715998
33611,Hillsborough,2026-06-30,2479.962150823431
34638,Pasco,2021-06-30,1829.827540549496
34638,Pasco,2021-07-31,1868.2924809316469
34638,Pasco,2021-08-31,1864.9823563137188
34638,Pasco,2021-09-30,1928.6191827664954
34638,Pasco,2021-10-31,1973.5498885609213
34638,Pasco,2021-11-30,2010.4514967927444
34638,Pasco,2021-12-31,2041.3838781869808
34638,Pasco,2022-01-31,2023.3616414363269
34638,Pasco,2022-02-28,2014.1253304892505
34638,Pasco,2022-03-31,2032.214780441129
34638,Pasco,2022-04-30,2093.9233337287405
34638,Pasco,2022-05-31,2178.313800304994
34638,Pasco,2022-06-30,2189.9364077431223
34638,Pasco,2022-07-31,2218.695597768928
34638,Pasco,2022-08-31,2215.619800627966
34638,Pasco,2022-09-30,2194.566897094284
34638,Pasco,2022-10-31,2181.5708087897124
34638,Pasco,2022-11-30,2144.297416022969
34638,Pasco,2022-12-31,2158.3979695653097
34638,Pasco,2023-01-31,2155.5830360525747
34638,Pasco,2023-02-28,2152.097795563651
34638,Pasco,2023-03-31,2185.321659715771
34638,Pasco,2023-04-30,2194.962538686359
34638,Pasco,2023-05-31,2211.18173140069
34638,Pasco,2023-06-30,2186.7705316430074
34638,Pasco,2023-07-31,2197.7076471616892
34638,Pasco,2023-08-31,2195.6258917386754
34638,Pasco,2023-09-30,2214.077885902066
34638,Pasco,2023-10-31,2214.806954566021
34638,Pasco,2023-11-30,2271.4481327534895
34638,Pasco,2023-12-31,2285.947845989188
34638,Pasco,2024-01-31,2262.136685436153
34638,Pasco,2024-02-29,2236.3461691354473
34638,Pasco,2024-03-31,2243.772006763026
34638,Pasco,2024-04-30,2278.914261673276
34638,Pasco,2024-05-31,2271.7975424481538
34638,Pasco,2024-06-30,2257.74679271678
34638,Pasco,2024-07-31,2252.85105453486
34638,Pasco,2024-08-31,2262.277277802179
34638,Pasco,2024-09-30,2273.574278969122
34638,Pasco,2024-10-31,2263.077330380453
34638,Pasco,2024-11-30,2279.975171573968
34638,Pasco,2024-12-31,2298.7936278940406
34638,Pasco,2025-01-31,2338.767685554321
34638,Pasco,2025-02-28,2332.367642834471
34638,Pasco,2025-03-31,2322.6918366086434
34638,Pasco,2025-04-30,2303.3571435440163
34638,Pasco,2025-05-31,2307.553561258735
34638,Pasco,2025-06-30,2324.379153021672
34638,Pasco,2025-07-31,2321.330555589064
34638,Pasco,2025-08-31,2339.5793567564983
34638,Pasco,2025-09-30,2350.9359862036313
34638,Pasco,2025-10-31,2338.872840631168
34638,Pasco,2025-11-30,2312.1616293044917
34638,Pasco,2025-12-31,2291.581762329425
34638,Pasco,2026-01-31,2289.637697913014
34638,Pasco,2026-02-28,2264.7341660614384
34638,Pasco,2026-03-31,2241.9576297318836
34638,Pasco,2026-04-30,2249.4888698145405
34638,Pasco,2026-05-31,2308.886023744704
34638,Pasco,2026-06-30,2318.7212280701756
34683,Pinellas,2021-09-30,1570.002013744599
34683,Pinellas,2021-10-31,1558.9192067078923
34683,Pinellas,2021-11-30,1529.8197358370037
34683,Pinellas,2021-12-31,1527.3995538831264
34683,Pinellas,2022-01-31,1541.5441623300705
34683,Pinellas,2022-02-28,1577.0630013759042
34683,Pinellas,2022-03-31,1654.9896616840606
34683,Pinellas,2022-04-30,1688.6152586611386
34683,Pinellas,2022-05-31,1717.2973656300917
34683,Pinellas,2022-06-30,1717.9969621416096
34683,Pinellas,2022-07-31,1724.087646168032
34683,Pinellas,2022-08-31,1714.951252312957
34683,Pinellas,2022-09-30,1694.6440952375347
34683,Pinellas,2022-10-31,1701.10108496442
34683,Pinellas,2022-11-30,1682.5187069520434
34683,Pinellas,2022-12-31,1688.7239935912212
34683,Pinellas,2023-01-31,1671.9200988446944
34683,Pinellas,2023-02-28,1692.0098800336204
34683,Pinellas,2023-03-31,1697.1370390985553
34683,Pinellas,2023-04-30,1724.389329494748
34683,Pinellas,2023-05-31,1709.2595002211658
34683,Pinellas,2023-06-30,1745.5311095569648
34683,Pinellas,2023-07-31,1753.4809780268313
34683,Pinellas,2023-08-31,1761.8852526883572
34683,Pinellas,2023-09-30,1746.6386017601612
34683,Pinellas,2023-10-31,1724.3730728015046
34683,Pinellas,2023-11-30,1730.3151863113414
34683,Pinellas,2023-12-31,1686.4861484070527
34683,Pinellas,2024-01-31,1706.3799340848468
34683,Pinellas,2024-02-29,1734.218346104473
34683,Pinellas,2024-03-31,1781.927611735198
34683,Pinellas,2024-04-30,1796.8389400320948
34683,Pinellas,2024-05-31,1800.5859918653507
34683,Pinellas,2024-06-30,1796.7137555732097
34683,Pinellas,2024-07-31,1787.2876639627427
34683,Pinellas,2024-08-31,1754.3635039550643
34683,Pinellas,2024-09-30,1746.5512264840067
34683,Pinellas,2024-10-31,1748.1544750740889
34683,Pinellas,2024-11-30,1773.2711946624818
34683,Pinellas,2024-12-31,1815.9970316849247
34683,Pinellas,2025-01-31,1829.1381315087024
34683,Pinellas,2025-02-28,1841.091557732756
34683,Pinellas,2025-03-31,1841.911838172602
34683,Pinellas,2025-04-30,1854.3721442868582
34683,Pinellas,2025-05-31,1839.9131930889966
34683,Pinellas,2025-06-30,1836.3895999707606
34683,Pinellas,2025-07-31,1807.86467697629
34683,Pinellas,2025-08-31,1820.6324640484982
34683,Pinellas,2025-09-30,1813.4387719934196
34683,Pinellas,2025-10-31,1828.442245801128
34683,Pinellas,2025-11-30,1790.7829967502967
34683,Pinellas,2025-12-31,1775.4880952350516
34683,Pinellas,2026-01-31,1758.8997810979406
34683,Pinellas,2026-02-28,1757.3684754435158
34683,Pinellas,2026-03-31,1777.806627304652
34683,Pinellas,2026-04-30,1772.1168410764233
34683,Pinellas,2026-05-31,1817.172624154473
34683,Pinellas,2026-06-30,1799.4245370370372
34653,Pasco,2022-02-28,1338.975336722937
34653,Pasco,2022-03-31,1409.5430652255404
34653,Pasco,2022-04-30,1424.8793833231837
34653,Pasco,2022-05-31,1474.1699938101006
34653,Pasco,2022-06-30,1472.672106790937
34653,Pasco,2022-07-31,1467.0379353642682
34653,Pasco,2022-08-31,1485.3637644073071
34653,Pasco,2022-09-30,1506.297372114995
34653,Pasco,2022-10-31,1542.6475466989837
34653,Pasco,2022-11-30,1533.9199169566484
34653,Pasco,2022-12-31,1527.307895596985
34653,Pasco,2023-01-31,1523.269448874874
34653,Pasco,2023-02-28,1491.2319029024877
34653,Pasco,2023-03-31,1514.8096666777678
34653,Pasco,2023-04-30,1540.1866696019074
34653,Pasco,2023-05-31,1591.3308225958256
34653,Pasco,2023-06-30,1576.4463073041545
34653,Pasco,2023-07-31,1569.0318433380965
34653,Pasco,2023-08-31,1569.9572917943142
34653,Pasco,2023-09-30,1577.9860730141777
34653,Pasco,2023-10-31,1567.6498339757454
34653,Pasco,2023-11-30,1583.9461083991598
34653,Pasco,2023-12-31,1602.2693734639374
34653,Pasco,2024-01-31,1594.5154630784598
34653,Pasco,2024-02-29,1589.7449051422186
34653,Pasco,2024-03-31,1579.558786995795
34653,Pasco,2024-04-30,1605.4777542321256
34653,Pasco,2024-05-31,1606.4067987386786
34653,Pasco,2024-06-30,1629.8862211267106
34653,Pasco,2024-07-31,1628.3702184856145
34653,Pasco,2024-08-31,1612.21044928029
34653,Pasco,2024-09-30,1605.684295589368
34653,Pasco,2024-10-31,1598.4773550322554
34653,Pasco,2024-11-30,1649.675687586157
34653,Pasco,2024-12-31,1667.9337864236343
34653,Pasco,2025-01-31,1677.1093472869984
34653,Pasco,2025-02-28,1641.7906687163963
34653,Pasco,2025-03-31,1621.9586047107362
34653,Pasco,2025-04-30,1638.641118109369
34653,Pasco,2025-05-31,1675.1894783814766
34653,Pasco,2025-06-30,1682.5907418187528
34653,Pasco,2025-07-31,1670.878144851446
34653,Pasco,2025-08-31,1646.4994876507706
34653,Pasco,2025-09-30,1649.6759583743242
34653,Pasco,2025-10-31,1655.2296778246748
34653,Pasco,2025-11-30,1667.9809814015437
34653,Pasco,2025-12-31,1655.0201424142758
34653,Pasco,2026-01-31,1621.9305574299021
34653,Pasco,2026-02-28,1584.3361469868923
34653,Pasco,2026-03-31,1571.3031978850256
34653,Pasco,2026-04-30,1616.590293059993
34653,Pasco,2026-05-31,1649.27149608511
34653,Pasco,2026-06-30,1663.6923076923076
33543,Pasco,2015-01-31,1276.829106595738
33543,Pasco,2015-02-28,1279.3626891764625
33543,Pasco,2015-03-31,1270.5242342593233
33543,Pasco,2015-04-30,1287.0770531157934
33543,Pasco,2015-05-31,1301.130264856446
33543,Pasco,2015-06-30,1318.446680962066
33543,Pasco,2015-07-31,1326.3907155482937
33543,Pasco,2015-08-31,1328.6769525764494
33543,Pasco,2015-09-30,1337.4469134465992
33543,Pasco,2015-10-31,1343.2625430450828
33543,Pasco,2015-11-30,1344.656629235937
33543,Pasco,2015-12-31,1338.1911870158765
33543,Pasco,2016-01-31,1341.596260583494
33543,Pasco,2016-02-29,1350.1344717089626
33543,Pasco,2016-03-31,1352.932294845041
33543,Pasco,2016-04-30,1367.0171242119031
33543,Pasco,2016-05-31,1364.3517723417094
33543,Pasco,2016-06-30,1385.4611079868373
33543,Pasco,2016-07-31,1378.2413187197676
33543,Pasco,2016-08-31,1397.3526414806774
33543,Pasco,2016-09-30,1404.6274371121933
33543,Pasco,2016-10-31,1405.6713553753764
33543,Pasco,2016-11-30,1414.8440212979356
33543,Pasco,2016-12-31,1406.1705524230463
33543,Pasco,2017-01-31,1406.1528652849745
33543,Pasco,2017-02-28,1391.674641231705
33543,Pasco,2017-03-31,1414.739826515802
33543,Pasco,2017-04-30,1433.177637677355
33543,Pasco,2017-05-31,1446.3403770205077
33543,Pasco,2017-06-30,1448.9394135234231
33543,Pasco,2017-07-31,1453.9072322568832
33543,Pasco,2017-08-31,1451.7819431197304
33543,Pasco,2017-09-30,1442.4920055877749
33543,Pasco,2017-10-31,1458.7958102830175
33543,Pasco,2017-11-30,1465.5883832489724
33543,Pasco,2017-12-31,1473.2995855800498
33543,Pasco,2018-01-31,1461.6726264051747
33543,Pasco,2018-02-28,1467.316902259297
33543,Pasco,2018-03-31,1479.4070131419414
33543,Pasco,2018-04-30,1486.9994062045484
33543,Pasco,2018-05-31,1502.4386591906707
33543,Pasco,2018-06-30,1502.9120827823126
33543,Pasco,2018-07-31,1515.5760685028636
33543,Pasco,2018-08-31,1512.0642949740259
33543,Pasco,2018-09-30,1516.1794442172468
33543,Pasco,2018-10-31,1509.0794277359198
33543,Pasco,2018-11-30,1495.0232773098003
33543,Pasco,2018-12-31,1489.9415349638232
33543,Pasco,2019-01-31,1484.5576172338601
33543,Pasco,2019-02-28,1501.5753872879395
33543,Pasco,2019-03-31,1514.3910668375017
33543,Pasco,2019-04-30,1544.0245946517994
33543,Pasco,2019-05-31,1566.4764339948842
33543,Pasco,2019-06-30,1570.8295646751008
33543,Pasco,2019-07-31,1563.7386542717045
33543,Pasco,2019-08-31,1560.489839342909
33543,Pasco,2019-09-30,1576.403098823703
33543,Pasco,2019-10-31,1588.8077025949713
33543,Pasco,2019-11-30,1593.5169529848888
33543,Pasco,2019-12-31,1566.9231943545524
33543,Pasco,2020-01-31,1543.072887998678
33543,Pasco,2020-02-29,1541.2101515076408
33543,Pasco,2020-03-31,1558.9452378708713
33543,Pasco,2020-04-30,1575.7225367137003
33543,Pasco,2020-05-31,1568.4595809167706
33543,Pasco,2020-06-30,1591.6888721762336
33543,Pasco,2020-07-31,1614.6548876102113
33543,Pasco,2020-08-31,1626.1273600371157
33543,Pasco,2020-09-30,1648.3273369633755
33543,Pasco,2020-10-31,1638.7900525334273
33543,Pasco,2020-11-30,1661.5368045869227
33543,Pasco,2020-12-31,1660.783534475918
33543,Pasco,2021-01-31,1684.8711696201365
33543,Pasco,2021-02-28,1737.682368063583
33543,Pasco,2021-03-31,1783.8171399014536
33543,Pasco,2021-04-30,1819.8128694579545
33543,Pasco,2021-05-31,1798.3945357481305
33543,Pasco,2021-06-30,1808.398146344757
33543,Pasco,2021-07-31,1887.9802810654019
33543,Pasco,2021-08-31,2004.4575372989514
33543,Pasco,2021-09-30,2087.2452731153558
33543,Pasco,2021-10-31,2111.1504135546543
33543,Pasco,2021-11-30,2091.8168819604575
33543,Pasco,2021-12-31,2086.830680727416
33543,Pasco,2022-01-31,2077.9759975146026
33543,Pasco,2022-02-28,2120.581327645911
33543,Pasco,2022-03-31,2129.2974190834384
33543,Pasco,2022-04-30,2169.017083062132
33543,Pasco,2022-05-31,2199.8343898229855
33543,Pasco,2022-06-30,2253.1938497807973
33543,Pasco,2022-07-31,2282.2629945535477
33543,Pasco,2022-08-31,2296.774710674723
33543,Pasco,2022-09-30,2286.132787131392
33543,Pasco,2022-10-31,2271.195838545995
33543,Pasco,2022-11-30,2229.485822529682
33543,Pasco,2022-12-31,2217.041695436481
33543,Pasco,2023-01-31,2204.4817045858786
33543,Pasco,2023-02-28,2217.715674034503
33543,Pasco,2023-03-31,2227.777282037676
33543,Pasco,2023-04-30,2250.705825704712
33543,Pasco,2023-05-31,2267.653621116213
33543,Pasco,2023-06-30,2292.7505642245815
33543,Pasco,2023-07-31,2299.3193481481017
33543,Pasco,2023-08-31,2316.4449239681444
33543,Pasco,2023-09-30,2295.5179320290927
33543,Pasco,2023-10-31,2296.832749918423
33543,Pasco,2023-11-30,2252.2037995622854
33543,Pasco,2023-12-31,2229.8991452979453
33543,Pasco,2024-01-31,2225.8941403366275
33543,Pasco,2024-02-29,2249.925324495725
33543,Pasco,2024-03-31,2260.799192408563
33543,Pasco,2024-04-30,2275.673688618733
33543,Pasco,2024-05-31,2271.4746494693404
33543,Pasco,2024-06-30,2292.987965069866
33543,Pasco,2024-07-31,2291.0839757033737
33543,Pasco,2024-08-31,2289.9978758589896
33543,Pasco,2024-09-30,2293.862826998926
33543,Pasco,2024-10-31,2279.716716615359
33543,Pasco,2024-11-30,2265.219655826049
33543,Pasco,2024-12-31,2254.4505084113257
33543,Pasco,2025-01-31,2263.9628597094165
33543,Pasco,2025-02-28,2278.3572629855644
33543,Pasco,2025-03-31,2290.9278802670365
33543,Pasco,2025-04-30,2291.4112602790847
33543,Pasco,2025-05-31,2307.2225576558762
33543,Pasco,2025-06-30,2317.0763987145956
33543,Pasco,2025-07-31,2313.3023366764833
33543,Pasco,2025-08-31,2322.3376053186325
33543,Pasco,2025-09-30,2323.544415713565
33543,Pasco,2025-10-31,2340.613811803354
33543,Pasco,2025-11-30,2328.5726408989512
33543,Pasco,2025-12-31,2297.5033098286535
33543,Pasco,2026-01-31,2275.7906474159554
33543,Pasco,2026-02-28,2268.880369982121
33543,Pasco,2026-03-31,2285.5226033977005
33543,Pasco,2026-04-30,2291.2254681142017
33543,Pasco,2026-05-31,2314.1567847008673
33543,Pasco,2026-06-30,2337.7520726983093
33756,Pinellas,2015-01-31,834.5281811638638
33756,Pinellas,2015-02-28,832.708185210466
33756,Pinellas,2015-03-31,844.4716660519948
33756,Pinellas,2015-04-30,837.4949853694171
33756,Pinellas,2015-05-31,849.9638509937214
33756,Pinellas,2015-06-30,848.3893313080663
33756,Pinellas,2015-07-31,850.7600139252802
33756,Pinellas,2015-08-31,840.7370002926655
33756,Pinellas,2015-09-30,846.9123526871082
33756,Pinellas,2015-10-31,864.409325782064
33756,Pinellas,2015-11-30,879.4688450599663
33756,Pinellas,2015-12-31,892.6739397051471
33756,Pinellas,2016-02-29,892.6420153015347
33756,Pinellas,2016-03-31,911.723647574237
33756,Pinellas,2016-04-30,906.1384611099937
33756,Pinellas,2016-05-31,905.7908743490254
33756,Pinellas,2016-06-30,903.1260347059056
33756,Pinellas,2016-07-31,908.3377586834996
33756,Pinellas,2016-08-31,905.673050792553
33756,Pinellas,2016-09-30,895.0817465116738
33756,Pinellas,2016-10-31,884.6833705950428
33756,Pinellas,2016-11-30,911.6036104026058
33756,Pinellas,2016-12-31,917.9222653654183
33756,Pinellas,2017-01-31,939.7988222517062
33756,Pinellas,2017-02-28,926.2852713909375
33756,Pinellas,2017-03-31,941.7344625531144
33756,Pinellas,2017-04-30,962.5591528574208
33756,Pinellas,2017-05-31,980.8284809324966
33756,Pinellas,2017-06-30,978.8270436666761
33756,Pinellas,2017-07-31,981.6823542387394
33756,Pinellas,2017-08-31,988.7535263604223
33756,Pinellas,2017-09-30,995.8208419867696
33756,Pinellas,2017-10-31,1002.924218863766
33756,Pinellas,2017-11-30,1007.2907780267308
33756,Pinellas,2017-12-31,1015.0751462787592
33756,Pinellas,2018-01-31,1016.1598944024993
33756,Pinellas,2018-02-28,1002.4070901025265
33756,Pinellas,2018-03-31,994.8657847223118
33756,Pinellas,2018-04-30,999.6443736073202
33756,Pinellas,2018-05-31,1002.3544361213378
33756,Pinellas,2018-06-30,1018.5611482827043
33756,Pinellas,2018-07-31,1014.2391697389022
33756,Pinellas,2018-08-31,1024.3287250647386
33756,Pinellas,2018-09-30,1028.736710805532
33756,Pinellas,2018-10-31,1050.3180454024384
33756,Pinellas,2018-11-30,1060.1181799209319
33756,Pinellas,2018-12-31,1061.4178881470802
33756,Pinellas,2019-01-31,1061.3647979619495
33756,Pinellas,2019-02-28,1066.466507845089
33756,Pinellas,2019-03-31,1063.4855488816152
33756,Pinellas,2019-04-30,1058.0883065858686
33756,Pinellas,2019-05-31,1072.1620275119876
33756,Pinellas,2019-06-30,1080.0452051339716
33756,Pinellas,2019-07-31,1088.0835011100828
33756,Pinellas,2019-08-31,1082.6360919684494
33756,Pinellas,2019-09-30,1074.399969598827
33756,Pinellas,2019-10-31,1087.0994214839209
33756,Pinellas,2019-11-30,1083.9535486086443
33756,Pinellas,2019-12-31,1113.1150209253237
33756,Pinellas,2020-01-31,1108.984821000028
33756,Pinellas,2020-02-29,1123.7894129656925
33756,Pinellas,2020-03-31,1143.9586685874788
33756,Pinellas,2020-04-30,1140.7944606583949
33756,Pinellas,2020-05-31,1154.896836745582
33756,Pinellas,2020-06-30,1146.6884335372088
33756,Pinellas,2020-07-31,1144.6825322918512
33756,Pinellas,2020-08-31,1131.1024216755666
33756,Pinellas,2020-09-30,1127.3442715942124
33756,Pinellas,2020-10-31,1156.9085870243398
33756,Pinellas,2020-11-30,1200.3020409608332
33756,Pinellas,2020-12-31,1217.1011655017257
33756,Pinellas,2021-01-31,1269.010233564548
33756,Pinellas,2021-02-28,1289.816149237196
33756,Pinellas,2021-03-31,1336.3210809272587
33756,Pinellas,2021-04-30,1330.6864207057204
33756,Pinellas,2021-05-31,1341.0722012346355
33756,Pinellas,2021-06-30,1369.7100650452
33756,Pinellas,2021-07-31,1408.4285419968132
33756,Pinellas,2021-08-31,1441.0736541449821
33756,Pinellas,2021-09-30,1498.562182196862
33756,Pinellas,2021-10-31,1532.1775406423453
33756,Pinellas,2021-11-30,1470.2634489138463
33756,Pinellas,2021-12-31,1525.2969888263365
33756,Pinellas,2022-01-31,1586.8711223505786
33756,Pinellas,2022-02-28,1744.4278625404145
33756,Pinellas,2022-03-31,1719.6312945437483
33756,Pinellas,2022-04-30,1727.5252989671135
33756,Pinellas,2022-05-31,1770.6715589278965
33756,Pinellas,2022-06-30,1808.2910439444825
33756,Pinellas,2022-07-31,1814.5335313826604
33756,Pinellas,2022-08-31,1771.2754644092558
33756,Pinellas,2022-09-30,1761.5355163330205
33756,Pinellas,2022-10-31,1766.9029522281405
33756,Pinellas,2022-11-30,1804.5163072061448
33756,Pinellas,2022-12-31,1808.0736865539002
33756,Pinellas,2023-01-31,1818.780863334564
33756,Pinellas,2023-02-28,1840.1564164217707
33756,Pinellas,2023-03-31,1864.4418817001736
33756,Pinellas,2023-04-30,1885.4344239706404
33756,Pinellas,2023-05-31,1895.61469484391
33756,Pinellas,2023-06-30,1894.090546875027
33756,Pinellas,2023-07-31,1889.593791875734
33756,Pinellas,2023-08-31,1863.5523690406953
33756,Pinellas,2023-09-30,1846.628685671458
33756,Pinellas,2023-10-31,1837.0999581424026
33756,Pinellas,2023-11-30,1848.5985790303243
33756,Pinellas,2023-12-31,1839.2281738346567
33756,Pinellas,2024-01-31,1815.6467919765482
33756,Pinellas,2024-02-29,1801.8413239702527
33756,Pinellas,2024-03-31,1835.6277708248267
33756,Pinellas,2024-04-30,1879.0354406034398
33756,Pinellas,2024-05-31,1882.9262631543893
33756,Pinellas,2024-06-30,1882.332739435372
33756,Pinellas,2024-07-31,1860.5860297317622
33756,Pinellas,2024-08-31,1874.9473121974013
33756,Pinellas,2024-09-30,1853.8866802668147
33756,Pinellas,2024-10-31,1860.0768698764555
33756,Pinellas,2024-11-30,1841.8204438906266
33756,Pinellas,2024-12-31,1866.5367731956608
33756,Pinellas,2025-01-31,1869.6931582589098
33756,Pinellas,2025-02-28,1897.8959463828323
33756,Pinellas,2025-03-31,1912.5398841209508
33756,Pinellas,2025-04-30,1942.3106311786732
33756,Pinellas,2025-05-31,1940.8268923631624
33756,Pinellas,2025-06-30,1948.7586750091402
33756,Pinellas,2025-07-31,1963.4283758177965
33756,Pinellas,2025-08-31,1974.3862640201405
33756,Pinellas,2025-09-30,1967.6653179389618
33756,Pinellas,2025-10-31,1908.6874243188963
33756,Pinellas,2025-11-30,1869.2638623943958
33756,Pinellas,2025-12-31,1836.9431499685036
33756,Pinellas,2026-01-31,1859.5810685213594
33756,Pinellas,2026-02-28,1863.129920703133
33756,Pinellas,2026-03-31,1877.5941632984827
33756,Pinellas,2026-04-30,1854.840361128342
33756,Pinellas,2026-05-31,1882.2491025603254
33756,Pinellas,2026-06-30,1861.3475997686521
33713,Pinellas,2016-06-30,1022.3479410101738
33713,Pinellas,2016-07-31,1038.2137060345326
33713,Pinellas,2016-08-31,1009.310151501776
33713,Pinellas,2016-09-30,1021.1631404669156
33713,Pinellas,2016-10-31,1041.5661647547856
33713,Pinellas,2016-11-30,1059.4342534018292
33713,Pinellas,2016-12-31,1072.3058977564845
33713,Pinellas,2017-01-31,1067.6612028609582
33713,Pinellas,2017-02-28,1062.913032728897
33713,Pinellas,2017-03-31,1054.9431614227465
33713,Pinellas,2017-04-30,1067.0451469366574
33713,Pinellas,2017-05-31,1077.9246358938547
33713,Pinellas,2017-07-31,1095.2672304371617
33713,Pinellas,2017-08-31,1078.1638946412672
33713,Pinellas,2017-09-30,1074.2862453984096
33713,Pinellas,2017-10-31,1071.6056328113027
33713,Pinellas,2017-11-30,1091.661906171987
33713,Pinellas,2017-12-31,1112.1879312857925
33713,Pinellas,2018-01-31,1136.522901043842
33713,Pinellas,2018-02-28,1168.4554174804375
33713,Pinellas,2018-03-31,1178.4947320463473
33713,Pinellas,2018-04-30,1160.2243696083117
33713,Pinellas,2018-05-31,1172.7733272626213
33713,Pinellas,2018-06-30,1161.5718468889343
33713,Pinellas,2018-07-31,1199.8483062466462
33713,Pinellas,2018-08-31,1178.2190230979368
33713,Pinellas,2018-09-30,1188.5087047191123
33713,Pinellas,2018-10-31,1171.0283097933834
33713,Pinellas,2018-11-30,1204.7567483928224
33713,Pinellas,2018-12-31,1221.629173341371
33713,Pinellas,2019-01-31,1256.4046582188757
33713,Pinellas,2019-02-28,1245.0096961247175
33713,Pinellas,2019-03-31,1250.2861683534802
33713,Pinellas,2019-04-30,1258.0706398675766
33713,Pinellas,2019-05-31,1281.2834149664195
33713,Pinellas,2019-06-30,1276.717553837624
33713,Pinellas,2019-07-31,1260.2077703425448
33713,Pinellas,2019-08-31,1246.8031951324142
33713,Pinellas,2019-09-30,1222.1538051597445
33713,Pinellas,2019-10-31,1238.4865856797753
33713,Pinellas,2019-11-30,1245.271391576681
33713,Pinellas,2019-12-31,1245.2524586734141
33713,Pinellas,2020-01-31,1242.7429855196235
33713,Pinellas,2020-02-29,1256.2345109966018
33713,Pinellas,2020-03-31,1318.897410780499
33713,Pinellas,2020-04-30,1357.3105460959891
33713,Pinellas,2020-05-31,1378.8287417971717
33713,Pinellas,2020-06-30,1387.0125575948928
33713,Pinellas,2020-07-31,1390.8279332735433
33713,Pinellas,2020-08-31,1396.1901261333285
33713,Pinellas,2020-09-30,1395.3736569219718
33713,Pinellas,2020-10-31,1389.8850077551954
33713,Pinellas,2020-11-30,1380.2197462363674
33713,Pinellas,2020-12-31,1384.6817149892827
33713,Pinellas,2021-01-31,1419.5447265988253
33713,Pinellas,2021-02-28,1440.5404289892724
33713,Pinellas,2021-03-31,1475.0394342915686
33713,Pinellas,2021-04-30,1475.5354999329566
33713,Pinellas,2021-05-31,1516.21266608535
33713,Pinellas,2021-06-30,1548.646788279114
33713,Pinellas,2021-07-31,1617.4657985528904
33713,Pinellas,2021-08-31,1684.654771193802
33713,Pinellas,2021-09-30,1757.22171795142
33713,Pinellas,2021-10-31,1799.0810742369072
33713,Pinellas,2021-11-30,1810.8889177652288
33713,Pinellas,2021-12-31,1810.2760977905127
33713,Pinellas,2022-01-31,1800.5556037670183
33713,Pinellas,2022-02-28,1812.0702564006583
33713,Pinellas,2022-03-31,1834.1336984466748
33713,Pinellas,2022-04-30,1868.885287321667
33713,Pinellas,2022-05-31,1915.34096766838
33713,Pinellas,2022-06-30,1940.8753386061694
33713,Pinellas,2022-07-31,1948.534093872172
33713,Pinellas,2022-08-31,1938.9626948863713
33713,Pinellas,2022-09-30,1959.3916268285307
33713,Pinellas,2022-10-31,1965.0721683591087
33713,Pinellas,2022-11-30,1988.8845457936723
33713,Pinellas,2022-12-31,1954.2541159047967
33713,Pinellas,2023-01-31,1969.75142874556
33713,Pinellas,2023-02-28,1964.5097208524276
33713,Pinellas,2023-03-31,2001.0009171447691
33713,Pinellas,2023-04-30,2014.183275569009
33713,Pinellas,2023-05-31,2034.9905251665853
33713,Pinellas,2023-06-30,2041.280068836081
33713,Pinellas,2023-07-31,2035.2486394545385
33713,Pinellas,2023-08-31,2049.517371904127
33713,Pinellas,2023-09-30,2079.559948083487
33713,Pinellas,2023-10-31,2088.068070210203
33713,Pinellas,2023-11-30,2072.635587306171
33713,Pinellas,2023-12-31,2030.17211356896
33713,Pinellas,2024-01-31,2034.7292922216939
33713,Pinellas,2024-02-29,2042.5658884107204
33713,Pinellas,2024-03-31,2068.7416816493933
33713,Pinellas,2024-04-30,2098.6248781357813
33713,Pinellas,2024-05-31,2108.6479789222217
33713,Pinellas,2024-06-30,2111.6468223605766
33713,Pinellas,2024-07-31,2101.989143973993
33713,Pinellas,2024-08-31,2107.9642129590097
33713,Pinellas,2024-09-30,2098.26913769382
33713,Pinellas,2024-10-31,2089.8462015658056
33713,Pinellas,2024-11-30,2127.6381916676187
33713,Pinellas,2024-12-31,2144.6978238498623
33713,Pinellas,2025-01-31,2157.6360509785686
33713,Pinellas,2025-02-28,2115.2581630110267
33713,Pinellas,2025-03-31,2125.02807434886
33713,Pinellas,2025-04-30,2134.488922636211
33713,Pinellas,2025-05-31,2153.5694123269145
33713,Pinellas,2025-06-30,2160.656778261093
33713,Pinellas,2025-07-31,2152.859478471517
33713,Pinellas,2025-08-31,2156.4870169993665
33713,Pinellas,2025-09-30,2156.124450081961
33713,Pinellas,2025-10-31,2177.794076193948
33713,Pinellas,2025-11-30,2167.568613278469
33713,Pinellas,2025-12-31,2154.19223205333
33713,Pinellas,2026-01-31,2141.8890447873023
33713,Pinellas,2026-02-28,2130.8058665722992
33713,Pinellas,2026-03-31,2136.6894162272033
33713,Pinellas,2026-04-30,2141.9060860364098
33713,Pinellas,2026-05-31,2160.3975279464876
33713,Pinellas,2026-06-30,2171.986111111111
34639,Pasco,2016-05-31,1166.1124146187667
34639,Pasco,2016-06-30,1184.2599716023997
34639,Pasco,2016-07-31,1174.4521137788652
34639,Pasco,2016-08-31,1162.7704675943107
34639,Pasco,2016-09-30,1151.9442617345453
34639,Pasco,2016-10-31,1159.421004684691
34639,Pasco,2016-11-30,1169.8186082333536
34639,Pasco,2016-12-31,1173.7596965201133
34639,Pasco,2017-01-31,1176.181095304315
34639,Pasco,2017-02-28,1194.6908716659336
34639,Pasco,2017-03-31,1204.3035920269315
34639,Pasco,2017-04-30,1212.3429533805029
34639,Pasco,2017-05-31,1208.201385857644
34639,Pasco,2017-06-30,1213.5008611552066
34639,Pasco,2017-07-31,1225.7734871797036
34639,Pasco,2017-08-31,1233.5431087320624
34639,Pasco,2017-09-30,1221.6156069315964
34639,Pasco,2017-10-31,1212.2151310593895
34639,Pasco,2017-11-30,1188.1813601936817
34639,Pasco,2017-12-31,1205.8497753179302
34639,Pasco,2018-01-31,1204.7231889528687
34639,Pasco,2018-02-28,1233.2541687447185
34639,Pasco,2018-03-31,1247.188838861633
34639,Pasco,2018-04-30,1262.092600333332
34639,Pasco,2018-05-31,1268.1119036195223
34639,Pasco,2018-06-30,1265.676669109956
34639,Pasco,2018-07-31,1280.2503827177504
34639,Pasco,2018-08-31,1282.796065225215
34639,Pasco,2018-09-30,1285.4351624208496
34639,Pasco,2018-10-31,1282.6491099477666
34639,Pasco,2018-11-30,1301.1455635033892
34639,Pasco,2018-12-31,1299.5570497346787
34639,Pasco,2019-01-31,1291.8751196789487
34639,Pasco,2019-02-28,1292.6550706700452
34639,Pasco,2019-03-31,1298.7915057148502
34639,Pasco,2019-04-30,1310.1024388116655
34639,Pasco,2019-05-31,1308.4291607151358
34639,Pasco,2019-06-30,1319.3804331863346
34639,Pasco,2019-07-31,1322.7662447392383
34639,Pasco,2019-08-31,1324.144279122511
34639,Pasco,2019-09-30,1335.8887960634345
34639,Pasco,2019-10-31,1332.041968945104
34639,Pasco,2019-11-30,1357.0748290668616
34639,Pasco,2019-12-31,1354.0045089868158
34639,Pasco,2020-01-31,1361.9528463841834
34639,Pasco,2020-02-29,1352.668183673003
34639,Pasco,2020-03-31,1362.6287672543524
34639,Pasco,2020-04-30,1377.9371057640378
34639,Pasco,2020-05-31,1382.3823445342994
34639,Pasco,2020-06-30,1389.3818218324382
34639,Pasco,2020-07-31,1401.3018638721132
34639,Pasco,2020-08-31,1411.3919848294777
34639,Pasco,2020-09-30,1425.0204834475385
34639,Pasco,2020-10-31,1432.6131545482376
34639,Pasco,2020-11-30,1441.8775356691222
34639,Pasco,2020-12-31,1440.325061521375
34639,Pasco,2021-01-31,1456.329116608413
34639,Pasco,2021-02-28,1471.941384807757
34639,Pasco,2021-03-31,1508.6174894608919
34639,Pasco,2021-04-30,1544.5790294767394
34639,Pasco,2021-05-31,1570.0099782361253
34639,Pasco,2021-06-30,1598.6305507490688
34639,Pasco,2021-07-31,1639.276569197722
34639,Pasco,2021-08-31,1678.5550010034672
34639,Pasco,2021-09-30,1750.3014078172098
34639,Pasco,2021-10-31,1782.6639514395242
34639,Pasco,2021-11-30,1798.9601364381156
34639,Pasco,2021-12-31,1792.0448322607822
34639,Pasco,2022-01-31,1792.648518345625
34639,Pasco,2022-02-28,1832.0516388922108
34639,Pasco,2022-03-31,1841.5948049818223
34639,Pasco,2022-04-30,1864.2952677248265
34639,Pasco,2022-05-31,1887.1781078928343
34639,Pasco,2022-06-30,1893.8813413510334
34639,Pasco,2022-07-31,1937.8015177397745
34639,Pasco,2022-08-31,1943.9953069936887
34639,Pasco,2022-09-30,1948.3730432079287
34639,Pasco,2022-10-31,1926.7651913306863
34639,Pasco,2022-11-30,1918.217085776666
34639,Pasco,2022-12-31,1917.5827471651728
34639,Pasco,2023-01-31,1901.7070017717285
34639,Pasco,2023-02-28,1898.40266006262
34639,Pasco,2023-03-31,1892.5206002235927
34639,Pasco,2023-04-30,1898.2907163211548
34639,Pasco,2023-05-31,1900.84775024468
34639,Pasco,2023-06-30,1931.5234145317588
34639,Pasco,2023-07-31,1958.2205280417875
34639,Pasco,2023-08-31,1975.702994784826
34639,Pasco,2023-09-30,1958.7240624957049
34639,Pasco,2023-10-31,1942.8280428330868
34639,Pasco,2023-11-30,1944.9587709035222
34639,Pasco,2023-12-31,1952.1505319389007
34639,Pasco,2024-01-31,1964.1212250012857
34639,Pasco,2024-02-29,1947.1782192285445
34639,Pasco,2024-03-31,1962.1164612650869
34639,Pasco,2024-04-30,1931.6598171665607
34639,Pasco,2024-05-31,1946.288526358146
34639,Pasco,2024-06-30,1929.9854433547607
34639,Pasco,2024-07-31,1958.5065891682107
34639,Pasco,2024-08-31,1958.8007146570635
34639,Pasco,2024-09-30,1965.6286723457483
34639,Pasco,2024-10-31,1974.330134379557
34639,Pasco,2024-11-30,1992.750612183516
34639,Pasco,2024-12-31,2019.9967863741067
34639,Pasco,2025-01-31,2005.5474071014123
34639,Pasco,2025-02-28,2016.2242285719442
34639,Pasco,2025-03-31,1984.0141785639391
34639,Pasco,2025-04-30,1990.9165481689715
34639,Pasco,2025-05-31,2014.9861825764044
34639,Pasco,2025-06-30,2036.513971706417
34639,Pasco,2025-07-31,2070.937142763469
34639,Pasco,2025-08-31,2026.2483291262722
34639,Pasco,2025-09-30,2015.5895760780702
34639,Pasco,2025-10-31,1999.8485241211795
34639,Pasco,2025-11-30,1991.7177198500872
34639,Pasco,2025-12-31,2005.299859955319
34639,Pasco,2026-01-31,2009.05071711164
34639,Pasco,2026-02-28,2022.305533714526
34639,Pasco,2026-03-31,2001.1368222784204
34639,Pasco,2026-04-30,2008.076207054208
34639,Pasco,2026-05-31,2003.482050680555
34639,Pasco,2026-06-30,2017.921717171717
33702,Pinellas,2016-05-31,1034.1455406046387
33702,Pinellas,2016-06-30,1018.7187241019042
33702,Pinellas,2016-07-31,1028.2086790377327
33702,Pinellas,2016-08-31,1026.4716561769092
33702,Pinellas,2016-09-30,1053.6352475306246
33702,Pinellas,2016-10-31,1067.8424390198118
33702,Pinellas,2016-11-30,1067.444874472946
33702,Pinellas,2016-12-31,1038.1246361446135
33702,Pinellas,2017-01-31,1038.7362474082988
33702,Pinellas,2017-02-28,1057.0300080900724
33702,Pinellas,2017-03-31,1080.5120126744434
33702,Pinellas,2017-04-30,1084.3794529974277
33702,Pinellas,2017-05-31,1087.3707948765166
33702,Pinellas,2017-06-30,1092.2008040475566
33702,Pinellas,2017-07-31,1096.170633662674
33702,Pinellas,2017-08-31,1096.47234232834
33702,Pinellas,2017-09-30,1103.8325454367482
33702,Pinellas,2017-10-31,1107.1982248903103
33702,Pinellas,2017-11-30,1118.2421933149897
33702,Pinellas,2017-12-31,1140.2068141824477
33702,Pinellas,2018-01-31,1154.9206954217348
33702,Pinellas,2018-02-28,1165.1874149798896
33702,Pinellas,2018-03-31,1172.5652959070471
33702,Pinellas,2018-04-30,1175.4805247692518
33702,Pinellas,2018-05-31,1182.6575400612792
33702,Pinellas,2018-06-30,1177.5464558305935
33702,Pinellas,2018-07-31,1179.2457139388898
33702,Pinellas,2018-08-31,1174.4762466196635
33702,Pinellas,2018-09-30,1164.142838326258
33702,Pinellas,2018-10-31,1171.4687881175057
33702,Pinellas,2018-11-30,1183.212551227376
33702,Pinellas,2018-12-31,1196.9471840904796
33702,Pinellas,2019-01-31,1198.3745719944573
33702,Pinellas,2019-02-28,1189.0104229200845
33702,Pinellas,2019-03-31,1196.8436159242297
33702,Pinellas,2019-04-30,1218.075671259483
33702,Pinellas,2019-05-31,1226.2594766944162
33702,Pinellas,2019-06-30,1233.3153731942764
33702,Pinellas,2019-07-31,1211.0491790019655
33702,Pinellas,2019-08-31,1228.100544984368
33702,Pinellas,2019-09-30,1229.3321729062204
33702,Pinellas,2019-10-31,1258.3348645618491
33702,Pinellas,2019-11-30,1255.7315162822024
33702,Pinellas,2019-12-31,1264.5952864844905
33702,Pinellas,2020-01-31,1264.7475087865464
33702,Pinellas,2020-02-29,1267.4563877395171
33702,Pinellas,2020-03-31,1272.934319965487
33702,Pinellas,2020-04-30,1259.5674739515055
33702,Pinellas,2020-05-31,1257.2361514926313
33702,Pinellas,2020-06-30,1259.9565137638826
33702,Pinellas,2020-07-31,1276.1976595100978
33702,Pinellas,2020-08-31,1284.0429468329855
33702,Pinellas,2020-09-30,1293.4424021720347
33702,Pinellas,2020-10-31,1299.5845105047617
33702,Pinellas,2020-11-30,1309.0851208037602
33702,Pinellas,2020-12-31,1313.102580178471
33702,Pinellas,2021-01-31,1326.6452395357446
33702,Pinellas,2021-02-28,1344.704901099076
33702,Pinellas,2021-03-31,1355.0948636161738
33702,Pinellas,2021-04-30,1366.0664660273444
33702,Pinellas,2021-05-31,1411.3029327907611
33702,Pinellas,2021-06-30,1467.0961308990984
33702,Pinellas,2021-07-31,1535.699662699437
33702,Pinellas,2021-08-31,1589.233535567068
33702,Pinellas,2021-09-30,1618.4410819865363
33702,Pinellas,2021-10-31,1654.502437239335
33702,Pinellas,2021-11-30,1692.863853906274
33702,Pinellas,2021-12-31,1721.5143578364996
33702,Pinellas,2022-01-31,1722.002143525951
33702,Pinellas,2022-02-28,1706.365376019936
33702,Pinellas,2022-03-31,1732.9402956572721
33702,Pinellas,2022-04-30,1743.1976285650474
33702,Pinellas,2022-05-31,1740.5033577322188
33702,Pinellas,2022-06-30,1728.6356652579584
33702,Pinellas,2022-07-31,1763.618953339195
33702,Pinellas,2022-08-31,1804.3866804637328
33702,Pinellas,2022-09-30,1827.1252361126014
33702,Pinellas,2022-10-31,1813.6042415780244
33702,Pinellas,2022-11-30,1800.2811328426253
33702,Pinellas,2022-12-31,1814.6147066249218
33702,Pinellas,2023-01-31,1821.2133616521817
33702,Pinellas,2023-02-28,1825.4917867961144
33702,Pinellas,2023-03-31,1804.4400853925256
33702,Pinellas,2023-04-30,1802.6169440188924
33702,Pinellas,2023-05-31,1810.8330441392402
33702,Pinellas,2023-06-30,1838.6076955764927
33702,Pinellas,2023-07-31,1873.994339010477
33702,Pinellas,2023-08-31,1900.199356243246
33702,Pinellas,2023-09-30,1914.9743663279173
33702,Pinellas,2023-10-31,1893.1412206472064
33702,Pinellas,2023-11-30,1878.0514452806008
33702,Pinellas,2023-12-31,1855.1122622424161
33702,Pinellas,2024-01-31,1844.099888891153
33702,Pinellas,2024-02-29,1846.4200967159118
33702,Pinellas,2024-03-31,1865.157560330975
33702,Pinellas,2024-04-30,1868.595888333363
33702,Pinellas,2024-05-31,1869.8682375291191
33702,Pinellas,2024-06-30,1873.3634367096975
33702,Pinellas,2024-07-31,1904.030393138046
33702,Pinellas,2024-08-31,1884.2347340731678
33702,Pinellas,2024-09-30,1880.557496423343
33702,Pinellas,2024-10-31,1884.078643220727
33702,Pinellas,2024-11-30,1938.9733183378469
33702,Pinellas,2024-12-31,1979.2801459001573
33702,Pinellas,2025-01-31,1982.8385110505067
33702,Pinellas,2025-02-28,1990.1371657150619
33702,Pinellas,2025-03-31,1980.141057828413
33702,Pinellas,2025-04-30,1982.9665525753046
33702,Pinellas,2025-05-31,1962.3029767305268
33702,Pinellas,2025-06-30,1933.6886641409785
33702,Pinellas,2025-07-31,1925.9260971645099
33702,Pinellas,2025-08-31,1908.9237874056182
33702,Pinellas,2025-09-30,1940.4450697592142
33702,Pinellas,2025-10-31,1948.4972283243285
33702,Pinellas,2025-11-30,1963.479306905012
33702,Pinellas,2025-12-31,1962.9467625211896
33702,Pinellas,2026-01-31,1953.7457251988867
33702,Pinellas,2026-02-28,1958.6291345331267
33702,Pinellas,2026-03-31,1934.6817459990755
33702,Pinellas,2026-04-30,1934.7287839851965
33702,Pinellas,2026-05-31,1920.7982641628414
33702,Pinellas,2026-06-30,1925.0722222222223
33596,Hillsborough,2015-01-31,1484.9439333765815
33596,Hillsborough,2015-02-28,1475.7323338600406
33596,Hillsborough,2015-03-31,1494.2455013450433
33596,Hillsborough,2015-04-30,1515.5257417484013
33596,Hillsborough,2015-05-31,1524.9978196393602
33596,Hillsborough,2015-06-30,1528.781354278312
33596,Hillsborough,2015-07-31,1536.8295685199676
33596,Hillsborough,2015-08-31,1531.9690863557933
33596,Hillsborough,2015-09-30,1536.3985944527865
33596,Hillsborough,2015-10-31,1523.7075058177702
33596,Hillsborough,2015-11-30,1512.9433153668178
33596,Hillsborough,2015-12-31,1504.3696941618018
33596,Hillsborough,2016-01-31,1510.0838821647253
33596,Hillsborough,2016-02-29,1533.2320835759926
33596,Hillsborough,2016-03-31,1539.6110277013563
33596,Hillsborough,2016-04-30,1555.7401457213457
33596,Hillsborough,2016-05-31,1558.6544023329586
33596,Hillsborough,2016-06-30,1566.7486736313772
33596,Hillsborough,2016-07-31,1574.367351801086
33596,Hillsborough,2016-08-31,1576.2189718253428
33596,Hillsborough,2016-09-30,1583.3552265424487
33596,Hillsborough,2016-10-31,1576.577367461397
33596,Hillsborough,2016-11-30,1578.9204239763149
33596,Hillsborough,2016-12-31,1567.0388147656151
33596,Hillsborough,2017-01-31,1565.7230349748547
33596,Hillsborough,2017-02-28,1556.1240023748567
33596,Hillsborough,2017-03-31,1570.6299962462251
33596,Hillsborough,2017-04-30,1585.6413936905146
33596,Hillsborough,2017-05-31,1616.6039915391596
33596,Hillsborough,2017-06-30,1635.947868685633
33596,Hillsborough,2017-07-31,1634.3153674810433
33596,Hillsborough,2017-08-31,1630.833201745502
33596,Hillsborough,2017-09-30,1621.8782859543624
33596,Hillsborough,2017-10-31,1628.6899288725847
33596,Hillsborough,2017-11-30,1607.0583718761961
33596,Hillsborough,2017-12-31,1598.106674462412
33596,Hillsborough,2018-01-31,1589.1755731096077
33596,Hillsborough,2018-02-28,1608.5896255431423
33596,Hillsborough,2018-03-31,1612.3965020044218
33596,Hillsborough,2018-04-30,1625.9552280168323
33596,Hillsborough,2018-05-31,1637.9233333578854
33596,Hillsborough,2018-06-30,1668.1743133664945
33596,Hillsborough,2018-07-31,1680.4590904498714
33596,Hillsborough,2018-08-31,1696.2466377966587
33596,Hillsborough,2018-09-30,1690.588649613747
33596,Hillsborough,2018-10-31,1687.0456169114989
33596,Hillsborough,2018-11-30,1678.9485408368093
33596,Hillsborough,2018-12-31,1665.5178949478984
33596,Hillsborough,2019-01-31,1657.6437417719308
33596,Hillsborough,2019-02-28,1644.7294937669405
33596,Hillsborough,2019-03-31,1665.9699462918634
33596,Hillsborough,2019-04-30,1695.4592195345992
33596,Hillsborough,2019-05-31,1722.8236194302488
33596,Hillsborough,2019-06-30,1735.7108670819514
33596,Hillsborough,2019-07-31,1729.4436360310447
33596,Hillsborough,2019-08-31,1729.3590268416629
33596,Hillsborough,2019-09-30,1728.8994413091107
33596,Hillsborough,2019-10-31,1745.105139465909
33596,Hillsborough,2019-11-30,1754.096895961996
33596,Hillsborough,2019-12-31,1747.6157274774575
33596,Hillsborough,2020-01-31,1729.8426679099641
33596,Hillsborough,2020-02-29,1733.9189963338865
33596,Hillsborough,2020-03-31,1742.3337366400542
33596,Hillsborough,2020-04-30,1749.0375642685647
33596,Hillsborough,2020-05-31,1751.7437346848535
33596,Hillsborough,2020-06-30,1771.3331714816177
33596,Hillsborough,2020-07-31,1799.98846120732
33596,Hillsborough,2020-08-31,1811.1748887602448
33596,Hillsborough,2020-09-30,1841.3535640690573
33596,Hillsborough,2020-10-31,1861.875888985767
33596,Hillsborough,2020-11-30,1871.0323419222423
33596,Hillsborough,2020-12-31,1870.507047565877
33596,Hillsborough,2021-01-31,1882.2873773820202
33596,Hillsborough,2021-02-28,1905.6570834713677
33596,Hillsborough,2021-03-31,1915.668790876512
33596,Hillsborough,2021-04-30,1948.1160761050694
33596,Hillsborough,2021-05-31,1997.9967967228513
33596,Hillsborough,2021-06-30,2054.828384370508
33596,Hillsborough,2021-07-31,2048.4454985425104
33596,Hillsborough,2021-08-31,2111.1855319879196
33596,Hillsborough,2021-09-30,2136.125415710926
33596,Hillsborough,2021-10-31,2238.753869615042
33596,Hillsborough,2021-11-30,2225.893289008246
33596,Hillsborough,2021-12-31,2303.310559493551
33596,Hillsborough,2022-01-31,2282.6101749022355
33596,Hillsborough,2022-02-28,2303.240424659217
33596,Hillsborough,2022-03-31,2291.462555941446
33596,Hillsborough,2022-04-30,2276.4580633405762
33596,Hillsborough,2022-05-31,2283.8105149423413
33596,Hillsborough,2022-06-30,2326.964327059339
33596,Hillsborough,2022-07-31,2416.903572330954
33596,Hillsborough,2022-08-31,2476.462492159501
33596,Hillsborough,2022-09-30,2441.938818506581
33596,Hillsborough,2022-10-31,2463.7768607087514
33596,Hillsborough,2022-11-30,2460.2621318078945
33596,Hillsborough,2022-12-31,2426.526682852892
33596,Hillsborough,2023-01-31,2362.7803842545004
33596,Hillsborough,2023-02-28,2331.666856797304
33596,Hillsborough,2023-03-31,2377.23901884453
33596,Hillsborough,2023-04-30,2388.1051923436576
33596,Hillsborough,2023-05-31,2450.576547276039
33596,Hillsborough,2023-06-30,2461.2360356526115
33596,Hillsborough,2023-07-31,2526.784509782918
33596,Hillsborough,2023-08-31,2505.9773520004915
33596,Hillsborough,2023-09-30,2510.19892511943
33596,Hillsborough,2023-10-31,2487.921683707771
33596,Hillsborough,2023-11-30,2480.379165349369
33596,Hillsborough,2023-12-31,2482.4479719836736
33596,Hillsborough,2024-01-31,2511.607058056521
33596,Hillsborough,2024-02-29,2496.4007286471283
33596,Hillsborough,2024-03-31,2471.3236748749364
33596,Hillsborough,2024-04-30,2441.0770183215323
33596,Hillsborough,2024-05-31,2486.596106946833
33596,Hillsborough,2024-06-30,2525.1457506927322
33596,Hillsborough,2024-07-31,2596.729161551004
33596,Hillsborough,2024-08-31,2605.934246378783
33596,Hillsborough,2024-09-30,2627.963551874492
33596,Hillsborough,2024-10-31,2561.911046632878
33596,Hillsborough,2024-11-30,2560.5119656187103
33596,Hillsborough,2024-12-31,2564.1138080826136
33596,Hillsborough,2025-01-31,2601.657975339241
33596,Hillsborough,2025-02-28,2646.4803605012803
33596,Hillsborough,2025-03-31,2670.4422288311794
33596,Hillsborough,2025-04-30,2708.958498845304
33596,Hillsborough,2025-05-31,2694.222819353289
33596,Hillsborough,2025-06-30,2682.148704170983
33596,Hillsborough,2025-07-31,2643.85518940496
33596,Hillsborough,2025-08-31,2656.3148329470487
33596,Hillsborough,2025-09-30,2729.242083932129
33596,Hillsborough,2025-10-31,2699.205294532322
33596,Hillsborough,2025-11-30,2662.3479430299344
33596,Hillsborough,2025-12-31,2587.851203101624
33596,Hillsborough,2026-01-31,2636.0252243549985
33596,Hillsborough,2026-02-28,2725.809904939578
33596,Hillsborough,2026-03-31,2773.4835470974244
33596,Hillsborough,2026-04-30,2751.8683977250976
33596,Hillsborough,2026-05-31,2690.4551463402227
33596,Hillsborough,2026-06-30,2699.547619047619
33570,Hillsborough,2015-01-31,1161.0862707771353
33570,Hillsborough,2015-02-28,1160.5174931273973
33570,Hillsborough,2015-03-31,1158.2300365002725
33570,Hillsborough,2015-04-30,1168.8642141416337
33570,Hillsborough,2015-05-31,1173.8678812377711
33570,Hillsborough,2015-06-30,1179.6457995110657
33570,Hillsborough,2015-07-31,1178.0563125991487
33570,Hillsborough,2015-08-31,1186.4966985052242
33570,Hillsborough,2015-09-30,1191.3606629659857
33570,Hillsborough,2015-10-31,1178.9631511816547
33570,Hillsborough,2015-11-30,1157.2952497858655
33570,Hillsborough,2015-12-31,1153.4541477822727
33570,Hillsborough,2016-01-31,1171.3043187168867
33570,Hillsborough,2016-02-29,1206.08201641658
33570,Hillsborough,2016-03-31,1221.3037232624658
33570,Hillsborough,2016-04-30,1226.787260722457
33570,Hillsborough,2016-05-31,1228.436765064874
33570,Hillsborough,2016-06-30,1226.2869398398032
33570,Hillsborough,2016-07-31,1217.4430660240928
33570,Hillsborough,2016-08-31,1220.0883017234562
33570,Hillsborough,2016-09-30,1225.7066978722967
33570,Hillsborough,2016-10-31,1240.4362127720517
33570,Hillsborough,2016-11-30,1236.886393222461
33570,Hillsborough,2016-12-31,1225.3281411926303
33570,Hillsborough,2017-01-31,1210.3069996720706
33570,Hillsborough,2017-02-28,1205.1976059678016
33570,Hillsborough,2017-03-31,1223.9372160049481
33570,Hillsborough,2017-04-30,1248.6922727199908
33570,Hillsborough,2017-05-31,1255.1675905299346
33570,Hillsborough,2017-06-30,1269.995670425788
33570,Hillsborough,2017-07-31,1260.8271294904523
33570,Hillsborough,2017-08-31,1263.5558728124824
33570,Hillsborough,2017-09-30,1253.791539710798
33570,Hillsborough,2017-10-31,1264.2836052572045
33570,Hillsborough,2017-11-30,1275.7246786605358
33570,Hillsborough,2017-12-31,1261.4390542621861
33570,Hillsborough,2018-01-31,1268.4032062463843
33570,Hillsborough,2018-02-28,1273.999538544963
33570,Hillsborough,2018-03-31,1291.661417492907
33570,Hillsborough,2018-04-30,1294.550169415209
33570,Hillsborough,2018-05-31,1302.5865197545425
33570,Hillsborough,2018-06-30,1322.0072009016114
33570,Hillsborough,2018-07-31,1324.0159116585673
33570,Hillsborough,2018-08-31,1315.0533554893418
33570,Hillsborough,2018-09-30,1297.2221936316741
33570,Hillsborough,2018-10-31,1281.4660563538669
33570,Hillsborough,2018-11-30,1281.5445427150235
33570,Hillsborough,2018-12-31,1276.1537212883504
33570,Hillsborough,2019-01-31,1315.9686745181896
33570,Hillsborough,2019-02-28,1331.7125398857875
33570,Hillsborough,2019-03-31,1360.0149144948753
33570,Hillsborough,2019-04-30,1352.723984519907
33570,Hillsborough,2019-05-31,1360.3450402427939
33570,Hillsborough,2019-06-30,1381.2615930700615
33570,Hillsborough,2019-07-31,1387.885330037142
33570,Hillsborough,2019-08-31,1384.5604639535463
33570,Hillsborough,2019-09-30,1360.5999143139093
33570,Hillsborough,2019-10-31,1349.8029031603041
33570,Hillsborough,2019-11-30,1349.1326124757811
33570,Hillsborough,2019-12-31,1381.2084514528854
33570,Hillsborough,2020-01-31,1394.7615418369376
33570,Hillsborough,2020-02-29,1409.9615829276593
33570,Hillsborough,2020-03-31,1388.8191840379604
33570,Hillsborough,2020-04-30,1395.4679972822994
33570,Hillsborough,2020-05-31,1403.5617020934444
33570,Hillsborough,2020-06-30,1419.1007773181163
33570,Hillsborough,2020-07-31,1432.477982769489
33570,Hillsborough,2020-08-31,1436.7849278543501
33570,Hillsborough,2020-09-30,1448.5383876242497
33570,Hillsborough,2020-10-31,1483.314864174661
33570,Hillsborough,2020-11-30,1500.1485429867869
33570,Hillsborough,2020-12-31,1542.3772994799144
33570,Hillsborough,2021-01-31,1536.295710178584
33570,Hillsborough,2021-02-28,1571.543767983581
33570,Hillsborough,2021-03-31,1559.1198245586509
33570,Hillsborough,2021-04-30,1577.2073971198297
33570,Hillsborough,2021-05-31,1628.203848112542
33570,Hillsborough,2021-06-30,1700.7420339236062
33570,Hillsborough,2021-07-31,1738.9341631895938
33570,Hillsborough,2021-08-31,1718.0069853424968
33570,Hillsborough,2021-09-30,1713.7668278140038
33570,Hillsborough,2021-10-31,1759.2645321690375
33570,Hillsborough,2021-11-30,1823.6127069673075
33570,Hillsborough,2021-12-31,1885.6221458424957
33570,Hillsborough,2022-01-31,1908.1517553157014
33570,Hillsborough,2022-02-28,1912.840365918202
33570,Hillsborough,2022-03-31,1919.0005384646436
33570,Hillsborough,2022-04-30,1950.9261543658486
33570,Hillsborough,2022-05-31,1975.0197926027188
33570,Hillsborough,2022-06-30,1975.3679951063395
33570,Hillsborough,2022-07-31,1995.6007326089286
33570,Hillsborough,2022-08-31,1984.8421627298342
33570,Hillsborough,2022-09-30,2007.5333295794792
33570,Hillsborough,2022-10-31,1971.533302607571
33570,Hillsborough,2022-11-30,2003.9513885006252
33570,Hillsborough,2022-12-31,2045.2190073647505
33570,Hillsborough,2023-01-31,2059.671957824696
33570,Hillsborough,2023-02-28,2040.3744480297455
33570,Hillsborough,2023-03-31,2043.5570428251135
33570,Hillsborough,2023-04-30,2055.7136572003324
33570,Hillsborough,2023-05-31,2077.545683426145
33570,Hillsborough,2023-06-30,2046.400192142233
33570,Hillsborough,2023-07-31,2051.384927811425
33570,Hillsborough,2023-08-31,2060.256284939346
33570,Hillsborough,2023-09-30,2072.008853497179
33570,Hillsborough,2023-10-31,2074.1663870935736
33570,Hillsborough,2023-11-30,2072.889708470958
33570,Hillsborough,2023-12-31,2063.4661401508947
33570,Hillsborough,2024-01-31,2080.27166194752
33570,Hillsborough,2024-02-29,2087.7059014137276
33570,Hillsborough,2024-03-31,2068.1627968815483
33570,Hillsborough,2024-04-30,2068.148233172692
33570,Hillsborough,2024-05-31,2081.1392443320683
33570,Hillsborough,2024-06-30,2126.305989643175
33570,Hillsborough,2024-07-31,2168.612728496976
33570,Hillsborough,2024-08-31,2161.1347039074108
33570,Hillsborough,2024-09-30,2111.917594394243
33570,Hillsborough,2024-10-31,2075.028253219225
33570,Hillsborough,2024-11-30,2075.6104795511656
33570,Hillsborough,2024-12-31,2112.91319855296
33570,Hillsborough,2025-01-31,2130.9338720224882
33570,Hillsborough,2025-02-28,2139.004237877623
33570,Hillsborough,2025-03-31,2135.027815086862
33570,Hillsborough,2025-04-30,2131.558640113686
33570,Hillsborough,2025-05-31,2158.2804759371525
33570,Hillsborough,2025-06-30,2189.1491707785117
33570,Hillsborough,2025-07-31,2193.3478598897705
33570,Hillsborough,2025-08-31,2192.104727733182
33570,Hillsborough,2025-09-30,2152.7448742458373
33570,Hillsborough,2025-10-31,2125.4449105260173
33570,Hillsborough,2025-11-30,2121.486222633385
33570,Hillsborough,2025-12-31,2197.1513600135263
33570,Hillsborough,2026-01-31,2199.5826836048186
33570,Hillsborough,2026-02-28,2182.1249851810912
33570,Hillsborough,2026-03-31,2138.4799137133045
33570,Hillsborough,2026-04-30,2159.608529548795
33570,Hillsborough,2026-05-31,2157.1564114757984
33570,Hillsborough,2026-06-30,2156.9418171031443
34667,Pasco,2021-12-31,1379.9750030974233
34667,Pasco,2022-01-31,1392.5939075611202
34667,Pasco,2022-02-28,1422.8691304194463
34667,Pasco,2022-03-31,1434.996251425128
34667,Pasco,2022-04-30,1414.9842640767158
34667,Pasco,2022-05-31,1468.467044091085
34667,Pasco,2022-06-30,1497.6601397152217
34667,Pasco,2022-07-31,1537.4492697211608
34667,Pasco,2022-08-31,1520.588017282857
34667,Pasco,2022-09-30,1512.6250369466047
34667,Pasco,2022-10-31,1532.5313575076327
34667,Pasco,2022-11-30,1565.4641759760648
34667,Pasco,2022-12-31,1547.250735334061
34667,Pasco,2023-01-31,1528.5066936077485
34667,Pasco,2023-02-28,1524.186695477402
34667,Pasco,2023-03-31,1563.3624565908349
34667,Pasco,2023-04-30,1593.5382602135064
34667,Pasco,2023-05-31,1575.314342689713
34667,Pasco,2023-06-30,1541.0473440770484
34667,Pasco,2023-07-31,1523.7809305188164
34667,Pasco,2023-08-31,1542.368797869712
34667,Pasco,2023-09-30,1523.71282551202
34667,Pasco,2023-10-31,1558.4080426975895
34667,Pasco,2023-11-30,1594.2922301896433
34667,Pasco,2023-12-31,1679.6884620629746
34667,Pasco,2024-01-31,1687.4162475818298
34667,Pasco,2024-02-29,1673.103943654403
34667,Pasco,2024-03-31,1643.386358161181
34667,Pasco,2024-04-30,1592.937947358387
34667,Pasco,2024-05-31,1613.4147606331915
34667,Pasco,2024-06-30,1621.5201125730475
34667,Pasco,2024-07-31,1679.6790813217692
34667,Pasco,2024-08-31,1642.0361185637753
34667,Pasco,2024-09-30,1661.155449705598
34667,Pasco,2024-10-31,1717.8665813364437
34667,Pasco,2024-11-30,1764.531762233658
34667,Pasco,2024-12-31,1757.631673311487
34667,Pasco,2025-01-31,1698.1511957357197
34667,Pasco,2025-02-28,1681.6508911005892
34667,Pasco,2025-03-31,1708.1351204117636
34667,Pasco,2025-04-30,1684.1083661127127
34667,Pasco,2025-05-31,1687.3503256128508
34667,Pasco,2025-06-30,1673.6822109453879
34667,Pasco,2025-07-31,1708.805158462097
34667,Pasco,2025-08-31,1701.013530363267
34667,Pasco,2025-09-30,1754.7729233025666
34667,Pasco,2025-10-31,1778.3497435197735
34667,Pasco,2025-11-30,1789.8167686754516
34667,Pasco,2025-12-31,1789.499329105956
34667,Pasco,2026-01-31,1786.9943686367517
34667,Pasco,2026-02-28,1794.7895919515872
34667,Pasco,2026-03-31,1661.3954988951496
34667,Pasco,2026-04-30,1702.9461812652562
34667,Pasco,2026-05-31,1724.7815877101432
34667,Pasco,2026-06-30,1846.5984848484848
33626,Hillsborough,2015-01-31,1277.4565165920826
33626,Hillsborough,2015-02-28,1287.0758329381658
33626,Hillsborough,2015-03-31,1304.978025338384
33626,Hillsborough,2015-04-30,1304.416261118403
33626,Hillsborough,2015-05-31,1312.546171979937
33626,Hillsborough,2015-06-30,1318.935390811303
33626,Hillsborough,2015-07-31,1327.062178587582
33626,Hillsborough,2015-08-31,1304.4787957247443
33626,Hillsborough,2015-09-30,1310.7319118702783
33626,Hillsborough,2015-10-31,1312.8569507697762
33626,Hillsborough,2015-11-30,1331.1759930233834
33626,Hillsborough,2015-12-31,1328.7630727546775
33626,Hillsborough,2016-01-31,1340.190149438156
33626,Hillsborough,2016-02-29,1351.3044546777526
33626,Hillsborough,2016-03-31,1365.058928224817
33626,Hillsborough,2016-04-30,1362.863735743856
33626,Hillsborough,2016-05-31,1359.0641681519244
33626,Hillsborough,2016-06-30,1360.393176370703
33626,Hillsborough,2016-07-31,1350.1366713654763
33626,Hillsborough,2016-08-31,1352.399938968946
33626,Hillsborough,2016-09-30,1353.9083734132766
33626,Hillsborough,2016-10-31,1367.2151165741236
33626,Hillsborough,2016-11-30,1372.025482887428
33626,Hillsborough,2016-12-31,1355.8786261299028
33626,Hillsborough,2017-01-31,1362.1779578980597
33626,Hillsborough,2017-02-28,1363.0613023918372
33626,Hillsborough,2017-03-31,1393.7698633360437
33626,Hillsborough,2017-04-30,1406.133749305556
33626,Hillsborough,2017-05-31,1404.068036845885
33626,Hillsborough,2017-06-30,1400.3699377541514
33626,Hillsborough,2017-07-31,1406.0346921336086
33626,Hillsborough,2017-08-31,1421.7238479282203
33626,Hillsborough,2017-09-30,1419.0339410432848
33626,Hillsborough,2017-10-31,1409.5460094989603
33626,Hillsborough,2017-11-30,1403.3566831165413
33626,Hillsborough,2017-12-31,1417.0929014877863
33626,Hillsborough,2018-01-31,1430.937901120048
33626,Hillsborough,2018-02-28,1432.8304903616438
33626,Hillsborough,2018-03-31,1427.8577991582306
33626,Hillsborough,2018-04-30,1443.8971385447144
33626,Hillsborough,2018-05-31,1457.540929177491
33626,Hillsborough,2018-06-30,1467.304894618885
33626,Hillsborough,2018-07-31,1451.7853703014205
33626,Hillsborough,2018-08-31,1439.767213260301
33626,Hillsborough,2018-09-30,1437.945377649879
33626,Hillsborough,2018-10-31,1433.3698982827377
33626,Hillsborough,2018-11-30,1449.526665119357
33626,Hillsborough,2018-12-31,1476.651416974102
33626,Hillsborough,2019-01-31,1505.693200902599
33626,Hillsborough,2019-02-28,1512.0973401809927
33626,Hillsborough,2019-03-31,1503.2325297527939
33626,Hillsborough,2019-04-30,1498.4722659958868
33626,Hillsborough,2019-05-31,1505.0563201319612
33626,Hillsborough,2019-06-30,1502.9679902048078
33626,Hillsborough,2019-07-31,1501.3032136526872
33626,Hillsborough,2019-08-31,1502.4481331642728
33626,Hillsborough,2019-09-30,1480.605239228789
33626,Hillsborough,2019-10-31,1471.7677650937821
33626,Hillsborough,2019-11-30,1480.8764242203847
33626,Hillsborough,2019-12-31,1493.8064275707998
33626,Hillsborough,2020-01-31,1521.6130751377711
33626,Hillsborough,2020-02-29,1523.3091722675206
33626,Hillsborough,2020-03-31,1540.4021231521272
33626,Hillsborough,2020-04-30,1530.933039779411
33626,Hillsborough,2020-05-31,1518.343704741899
33626,Hillsborough,2020-06-30,1521.877921374243
33626,Hillsborough,2020-07-31,1532.2473451852727
33626,Hillsborough,2020-08-31,1555.251667582861
33626,Hillsborough,2020-09-30,1561.145995309702
33626,Hillsborough,2020-10-31,1584.7268000367158
33626,Hillsborough,2020-11-30,1594.6226884555624
33626,Hillsborough,2020-12-31,1615.8363164665798
33626,Hillsborough,2021-01-31,1607.2597209664286
33626,Hillsborough,2021-02-28,1642.6897338145109
33626,Hillsborough,2021-03-31,1662.3296182855233
33626,Hillsborough,2021-04-30,1716.5864083468189
33626,Hillsborough,2021-05-31,1729.6570556886836
33626,Hillsborough,2021-06-30,1785.7733286187758
33626,Hillsborough,2021-07-31,1835.4515793374837
33626,Hillsborough,2021-08-31,1922.6636021944514
33626,Hillsborough,2021-09-30,2008.9912235947547
33626,Hillsborough,2021-10-31,2042.122806114592
33626,Hillsborough,2021-11-30,2043.4283309810687
33626,Hillsborough,2021-12-31,1997.5192450387938
33626,Hillsborough,2022-01-31,2010.0745791792453
33626,Hillsborough,2022-02-28,2006.7332562849926
33626,Hillsborough,2022-03-31,2052.695522441264
33626,Hillsborough,2022-04-30,2085.46286884408
33626,Hillsborough,2022-05-31,2144.073081332914
33626,Hillsborough,2022-06-30,2177.3622742002885
33626,Hillsborough,2022-07-31,2189.5032100621715
33626,Hillsborough,2022-08-31,2184.945105537524
33626,Hillsborough,2022-09-30,2175.147357430624
33626,Hillsborough,2022-10-31,2157.369059807239
33626,Hillsborough,2022-11-30,2155.7837171378374
33626,Hillsborough,2022-12-31,2147.0364681320802
33626,Hillsborough,2023-01-31,2160.6895540385476
33626,Hillsborough,2023-02-28,2166.3229936324724
33626,Hillsborough,2023-03-31,2190.866062938626
33626,Hillsborough,2023-04-30,2206.1567123733357
33626,Hillsborough,2023-05-31,2201.99703812128
33626,Hillsborough,2023-06-30,2177.675568809068
33626,Hillsborough,2023-07-31,2168.3946065698105
33626,Hillsborough,2023-08-31,2171.6500532962536
33626,Hillsborough,2023-09-30,2165.3036484054137
33626,Hillsborough,2023-10-31,2146.161782791213
33626,Hillsborough,2023-11-30,2121.917595756251
33626,Hillsborough,2023-12-31,2106.1892892893716
33626,Hillsborough,2024-01-31,2092.1267566802594
33626,Hillsborough,2024-02-29,2096.0445378288614
33626,Hillsborough,2024-03-31,2107.750117191099
33626,Hillsborough,2024-04-30,2111.6101615361094
33626,Hillsborough,2024-05-31,2112.8350710539885
33626,Hillsborough,2024-06-30,2124.7007794219057
33626,Hillsborough,2024-07-31,2140.3106267797757
33626,Hillsborough,2024-08-31,2144.817070920646
33626,Hillsborough,2024-09-30,2121.4207070280677
33626,Hillsborough,2024-10-31,2119.0303881796754
33626,Hillsborough,2024-11-30,2120.4720298806387
33626,Hillsborough,2024-12-31,2139.2042524977887
33626,Hillsborough,2025-01-31,2152.4507567205856
33626,Hillsborough,2025-02-28,2167.329615219842
33626,Hillsborough,2025-03-31,2196.973571426416
33626,Hillsborough,2025-04-30,2207.6476964928743
33626,Hillsborough,2025-05-31,2218.5533453982266
33626,Hillsborough,2025-06-30,2224.920379479884
33626,Hillsborough,2025-07-31,2247.501466429361
33626,Hillsborough,2025-08-31,2242.611168907441
33626,Hillsborough,2025-09-30,2200.0738550194005
33626,Hillsborough,2025-10-31,2168.1387358484735
33626,Hillsborough,2025-11-30,2147.8401390974577
33626,Hillsborough,2025-12-31,2109.8847608763094
33626,Hillsborough,2026-01-31,2071.1811682982807
33626,Hillsborough,2026-02-28,2047.7433842383314
33626,Hillsborough,2026-03-31,2097.8955544134483
33626,Hillsborough,2026-04-30,2139.6353555479423
33626,Hillsborough,2026-05-31,2170.5903599410076
33626,Hillsborough,2026-06-30,2168.277492877493
33771,Pinellas,2017-01-31,956.6053968845706
33771,Pinellas,2017-02-28,956.4629530006217
33771,Pinellas,2017-03-31,950.0069357184381
33771,Pinellas,2017-04-30,928.8208799611837
33771,Pinellas,2017-05-31,945.1461666803561
33771,Pinellas,2017-06-30,949.033199635435
33771,Pinellas,2017-07-31,972.4397986201755
33771,Pinellas,2017-09-30,991.0945416160164
33771,Pinellas,2017-10-31,992.0313241686499
33771,Pinellas,2017-11-30,985.6815182236639
33771,Pinellas,2017-12-31,989.3204348435991
33771,Pinellas,2018-01-31,980.4613999559613
33771,Pinellas,2018-02-28,989.2671247674389
33771,Pinellas,2018-03-31,986.4156612171665
33771,Pinellas,2018-04-30,1025.2450897805875
33771,Pinellas,2018-05-31,1025.01214163467
33771,Pinellas,2018-06-30,1037.3549490508042
33771,Pinellas,2018-07-31,1027.0540202058771
33771,Pinellas,2018-08-31,1038.6866858026801
33771,Pinellas,2018-09-30,1039.7149178824423
33771,Pinellas,2018-10-31,1035.7357650010545
33771,Pinellas,2018-11-30,1024.3770435736524
33771,Pinellas,2018-12-31,1041.6102608479202
33771,Pinellas,2019-01-31,1060.0983441898445
33771,Pinellas,2019-02-28,1070.9702139423048
33771,Pinellas,2019-03-31,1061.01302142771
33771,Pinellas,2019-04-30,1065.5084368842195
33771,Pinellas,2019-05-31,1078.2265446811996
33771,Pinellas,2019-06-30,1075.5483517786697
33771,Pinellas,2019-07-31,1064.748916234996
33771,Pinellas,2019-08-31,1058.1251700694388
33771,Pinellas,2019-09-30,1067.4832811914816
33771,Pinellas,2019-10-31,1056.8670727479569
33771,Pinellas,2019-11-30,1064.841909733717
33771,Pinellas,2019-12-31,1080.1000453930262
33771,Pinellas,2020-01-31,1089.3272812694697
33771,Pinellas,2020-02-29,1094.1844734542685
33771,Pinellas,2020-03-31,1095.5645874410118
33771,Pinellas,2020-04-30,1108.4768441063736
33771,Pinellas,2020-05-31,1111.1219630882338
33771,Pinellas,2020-06-30,1129.9334458315197
33771,Pinellas,2020-07-31,1141.96779717887
33771,Pinellas,2020-08-31,1152.6975939869371
33771,Pinellas,2020-09-30,1147.1501141038716
33771,Pinellas,2020-10-31,1152.0062523682739
33771,Pinellas,2020-11-30,1159.9247425133456
33771,Pinellas,2020-12-31,1173.5464002223043
33771,Pinellas,2021-01-31,1190.8781713567191
33771,Pinellas,2021-02-28,1210.3290689670628
33771,Pinellas,2021-03-31,1226.8267471631
33771,Pinellas,2021-04-30,1243.5610468791588
33771,Pinellas,2021-05-31,1260.7198012394417
33771,Pinellas,2021-06-30,1285.2091920454982
33771,Pinellas,2021-07-31,1316.3316089003727
33771,Pinellas,2021-08-31,1346.537200931981
33771,Pinellas,2021-09-30,1358.41704521199
33771,Pinellas,2021-10-31,1368.5741561848163
33771,Pinellas,2021-11-30,1401.5565321058468
33771,Pinellas,2021-12-31,1428.4426829877073
33771,Pinellas,2022-01-31,1457.3373056118244
33771,Pinellas,2022-02-28,1469.9468545965026
33771,Pinellas,2022-03-31,1484.3283213638156
33771,Pinellas,2022-04-30,1509.0695446219174
33771,Pinellas,2022-05-31,1512.2676749694251
33771,Pinellas,2022-06-30,1534.181887556254
33771,Pinellas,2022-07-31,1539.5067638541848
33771,Pinellas,2022-08-31,1573.6462727481303
33771,Pinellas,2022-09-30,1613.2538549383007
33771,Pinellas,2022-10-31,1654.8229530513233
33771,Pinellas,2022-11-30,1679.337629478854
33771,Pinellas,2022-12-31,1676.3454724316655
33771,Pinellas,2023-01-31,1675.0464064679802
33771,Pinellas,2023-02-28,1653.241565954963
33771,Pinellas,2023-03-31,1646.3109375733304
33771,Pinellas,2023-04-30,1651.2274233555866
33771,Pinellas,2023-05-31,1656.638096690779
33771,Pinellas,2023-06-30,1675.4484536366476
33771,Pinellas,2023-07-31,1689.492976821737
33771,Pinellas,2023-08-31,1695.1256799971316
33771,Pinellas,2023-09-30,1684.0405087889444
33771,Pinellas,2023-10-31,1663.676888686781
33771,Pinellas,2023-11-30,1669.3104039613559
33771,Pinellas,2023-12-31,1681.9401512082404
33771,Pinellas,2024-01-31,1680.7772971920442
33771,Pinellas,2024-02-29,1674.3528201729205
33771,Pinellas,2024-03-31,1659.5359845231121
33771,Pinellas,2024-04-30,1660.476779427416
33771,Pinellas,2024-05-31,1672.3363956951807
33771,Pinellas,2024-06-30,1676.5731343514142
33771,Pinellas,2024-07-31,1675.5846883140641
33771,Pinellas,2024-08-31,1677.0314611939255
33771,Pinellas,2024-09-30,1671.2896400343031
33771,Pinellas,2024-10-31,1689.0798515111678
33771,Pinellas,2024-11-30,1667.9760111004894
33771,Pinellas,2024-12-31,1702.174684269096
33771,Pinellas,2025-01-31,1715.323332287312
33771,Pinellas,2025-02-28,1751.201046925534
33771,Pinellas,2025-03-31,1740.7715251374761
33771,Pinellas,2025-04-30,1731.8192071027445
33771,Pinellas,2025-05-31,1723.950053211162
33771,Pinellas,2025-06-30,1731.0333273008525
33771,Pinellas,2025-07-31,1728.4467803655778
33771,Pinellas,2025-08-31,1745.3137138605543
33771,Pinellas,2025-09-30,1745.1112615824338
33771,Pinellas,2025-10-31,1735.1037331573023
33771,Pinellas,2025-11-30,1716.637814454426
33771,Pinellas,2025-12-31,1696.6840352454003
33771,Pinellas,2026-01-31,1708.4932926659235
33771,Pinellas,2026-02-28,1710.584962639772
33771,Pinellas,2026-03-31,1720.866987933245
33771,Pinellas,2026-04-30,1721.357778020855
33771,Pinellas,2026-05-31,1738.4261558191545
33771,Pinellas,2026-06-30,1740.3464285714288
34606,Hernando,2021-09-30,1283.9446442251465
34606,Hernando,2021-10-31,1282.0610614112622
34606,Hernando,2021-11-30,1317.1623143928405
34606,Hernando,2021-12-31,1332.154112716732
34606,Hernando,2022-02-28,1346.3850835154117
34606,Hernando,2022-03-31,1407.1323415003276
34606,Hernando,2022-04-30,1544.3617339204886
34606,Hernando,2022-05-31,1535.1453136927696
34606,Hernando,2022-06-30,1546.7254105842555
34606,Hernando,2022-07-31,1528.1680777360043
34606,Hernando,2022-08-31,1564.7998496819387
34606,Hernando,2022-09-30,1568.3526383634635
34606,Hernando,2022-10-31,1568.706196809692
34606,Hernando,2022-11-30,1559.0748327170131
34606,Hernando,2022-12-31,1550.570610367591
34606,Hernando,2023-01-31,1561.9781013844126
34606,Hernando,2023-02-28,1582.0845951193637
34606,Hernando,2023-03-31,1602.211881205766
34606,Hernando,2023-04-30,1602.7626181219407
34606,Hernando,2023-05-31,1596.5083858963922
34606,Hernando,2023-06-30,1579.7564557663175
34606,Hernando,2023-07-31,1600.242244249365
34606,Hernando,2023-08-31,1599.974467410677
34606,Hernando,2023-09-30,1623.862802733181
34606,Hernando,2023-10-31,1623.55009493075
34606,Hernando,2023-11-30,1631.624438975947
34606,Hernando,2023-12-31,1621.5724395152993
34606,Hernando,2024-01-31,1642.3444562218156
34606,Hernando,2024-02-29,1642.680709709896
34606,Hernando,2024-03-31,1684.4101161151202
34606,Hernando,2024-04-30,1664.1389416005509
34606,Hernando,2024-05-31,1684.023871123072
34606,Hernando,2024-06-30,1653.3783483579202
34606,Hernando,2024-07-31,1668.2649216082432
34606,Hernando,2024-08-31,1657.9473756939835
34606,Hernando,2024-09-30,1661.0966738003374
34606,Hernando,2024-10-31,1637.673355128339
34606,Hernando,2024-11-30,1660.093639576117
34606,Hernando,2024-12-31,1670.8083715848093
34606,Hernando,2025-01-31,1695.1401914302803
34606,Hernando,2025-02-28,1691.4557138654488
34606,Hernando,2025-03-31,1709.0039205556216
34606,Hernando,2025-04-30,1741.7521605205634
34606,Hernando,2025-05-31,1739.7835632106678
34606,Hernando,2025-06-30,1750.2749161870681
34606,Hernando,2025-07-31,1716.780552180732
34606,Hernando,2025-08-31,1732.911886277278
34606,Hernando,2025-09-30,1728.3790214881042
34606,Hernando,2025-10-31,1723.7764442067296
34606,Hernando,2025-11-30,1681.7139033292628
34606,Hernando,2025-12-31,1662.0664140799697
34606,Hernando,2026-01-31,1647.1445103136869
34606,Hernando,2026-02-28,1683.971431882783
34606,Hernando,2026-03-31,1696.4363250415606
34606,Hernando,2026-04-30,1730.504939825652
34606,Hernando,2026-05-31,1727.1851380429928
34606,Hernando,2026-06-30,1709.9492063492062
33544,Pasco,2015-01-31,1342.4013539479015
33544,Pasco,2015-02-28,1332.8179824224485
33544,Pasco,2015-03-31,1340.3139034249552
33544,Pasco,2015-04-30,1348.5081861775873
33544,Pasco,2015-05-31,1366.0302937442127
33544,Pasco,2015-06-30,1372.4234915695502
33544,Pasco,2015-07-31,1367.2907850387792
33544,Pasco,2015-08-31,1363.988493264915
33544,Pasco,2015-09-30,1364.2114611401585
33544,Pasco,2015-10-31,1366.7810043954457
33544,Pasco,2015-11-30,1381.5688262912342
33544,Pasco,2015-12-31,1385.6773204863102
33544,Pasco,2016-01-31,1396.0769415274312
33544,Pasco,2016-02-29,1394.5077369115204
33544,Pasco,2016-03-31,1401.5836410478585
33544,Pasco,2016-04-30,1410.807152522042
33544,Pasco,2016-05-31,1416.7459250579138
33544,Pasco,2016-06-30,1430.1043207716973
33544,Pasco,2016-07-31,1432.8415207391158
33544,Pasco,2016-08-31,1438.9159795366966
33544,Pasco,2016-09-30,1446.7336954107427
33544,Pasco,2016-10-31,1445.1055109703434
33544,Pasco,2016-11-30,1443.8929393850187
33544,Pasco,2016-12-31,1433.839802499422
33544,Pasco,2017-01-31,1438.1966511062265
33544,Pasco,2017-02-28,1444.2568247849101
33544,Pasco,2017-03-31,1448.241202003188
33544,Pasco,2017-04-30,1464.5032109567753
33544,Pasco,2017-05-31,1475.3910653152168
33544,Pasco,2017-06-30,1497.5293188804183
33544,Pasco,2017-07-31,1503.8050879962873
33544,Pasco,2017-08-31,1503.6575415620603
33544,Pasco,2017-09-30,1496.0036533806401
33544,Pasco,2017-10-31,1491.7734851320156
33544,Pasco,2017-11-30,1485.963504894622
33544,Pasco,2017-12-31,1482.7220454885091
33544,Pasco,2018-01-31,1492.339560980926
33544,Pasco,2018-02-28,1490.5942916627744
33544,Pasco,2018-03-31,1516.5632612156649
33544,Pasco,2018-04-30,1517.4765116969543
33544,Pasco,2018-05-31,1537.1530579752339
33544,Pasco,2018-06-30,1541.552461773372
33544,Pasco,2018-07-31,1543.104475190638
33544,Pasco,2018-08-31,1542.349750732853
33544,Pasco,2018-09-30,1543.5775117430856
33544,Pasco,2018-10-31,1548.1509827748876
33544,Pasco,2018-11-30,1542.5787262045042
33544,Pasco,2018-12-31,1536.8133383312374
33544,Pasco,2019-01-31,1537.501323488707
33544,Pasco,2019-02-28,1558.0637393178959
33544,Pasco,2019-03-31,1571.9490028814291
33544,Pasco,2019-04-30,1585.30372442961
33544,Pasco,2019-05-31,1599.3087721875445
33544,Pasco,2019-06-30,1601.3190235009042
33544,Pasco,2019-07-31,1600.7852813691975
33544,Pasco,2019-08-31,1592.7879920055748
33544,Pasco,2019-09-30,1591.0249599252686
33544,Pasco,2019-10-31,1589.2392821665733
33544,Pasco,2019-11-30,1587.0053607488876
33544,Pasco,2019-12-31,1585.4165768906591
33544,Pasco,2020-01-31,1588.8384495463247
33544,Pasco,2020-02-29,1594.667616378485
33544,Pasco,2020-03-31,1621.6397588611471
33544,Pasco,2020-04-30,1626.064872903795
33544,Pasco,2020-05-31,1620.4569365281839
33544,Pasco,2020-06-30,1629.3344955994464
33544,Pasco,2020-07-31,1650.5158470501722
33544,Pasco,2020-08-31,1672.3909769961163
33544,Pasco,2020-09-30,1661.5287993382665
33544,Pasco,2020-10-31,1684.486505089426
33544,Pasco,2020-11-30,1721.0914816214254
33544,Pasco,2020-12-31,1721.0011602827649
33544,Pasco,2021-01-31,1717.844477355355
33544,Pasco,2021-02-28,1707.0428392546396
33544,Pasco,2021-03-31,1735.3185376917818
33544,Pasco,2021-04-30,1770.1563455828464
33544,Pasco,2021-05-31,1841.3006494139856
33544,Pasco,2021-06-30,1902.479863238486
33544,Pasco,2021-07-31,1968.5011191523934
33544,Pasco,2021-08-31,1998.945620787939
33544,Pasco,2021-09-30,2062.8345403809117
33544,Pasco,2021-10-31,2110.3787429040126
33544,Pasco,2021-11-30,2149.366739634495
33544,Pasco,2021-12-31,2170.6608418172486
33544,Pasco,2022-01-31,2154.6347559797114
33544,Pasco,2022-02-28,2150.1164687267096
33544,Pasco,2022-03-31,2145.454194591725
33544,Pasco,2022-04-30,2188.782463517635
33544,Pasco,2022-05-31,2224.5262621152933
33544,Pasco,2022-06-30,2277.476195736057
33544,Pasco,2022-07-31,2317.8074240255987
33544,Pasco,2022-08-31,2343.199719779309
33544,Pasco,2022-09-30,2300.0737243918697
33544,Pasco,2022-10-31,2261.435637730307
33544,Pasco,2022-11-30,2230.570604676314
33544,Pasco,2022-12-31,2244.3725039982533
33544,Pasco,2023-01-31,2233.4082878385375
33544,Pasco,2023-02-28,2244.598318538251
33544,Pasco,2023-03-31,2259.7603562213417
33544,Pasco,2023-04-30,2285.831750908173
33544,Pasco,2023-05-31,2302.7081849429032
33544,Pasco,2023-06-30,2307.836178684298
33544,Pasco,2023-07-31,2320.2392144994565
33544,Pasco,2023-08-31,2322.607534644322
33544,Pasco,2023-09-30,2313.1772059676673
33544,Pasco,2023-10-31,2293.363554490132
33544,Pasco,2023-11-30,2268.920340387089
33544,Pasco,2023-12-31,2229.0917484629604
33544,Pasco,2024-01-31,2202.693594313767
33544,Pasco,2024-02-29,2232.2415386638017
33544,Pasco,2024-03-31,2273.389131176595
33544,Pasco,2024-04-30,2294.3927413251918
33544,Pasco,2024-05-31,2277.633722358554
33544,Pasco,2024-06-30,2283.046156348362
33544,Pasco,2024-07-31,2293.194825043586
33544,Pasco,2024-08-31,2292.8009297356007
33544,Pasco,2024-09-30,2287.03232968213
33544,Pasco,2024-10-31,2271.9804227653976
33544,Pasco,2024-11-30,2250.259560931423
33544,Pasco,2024-12-31,2235.049857961046
33544,Pasco,2025-01-31,2245.4583523237816
33544,Pasco,2025-02-28,2283.679075979513
33544,Pasco,2025-03-31,2298.6591843607152
33544,Pasco,2025-04-30,2291.2527101576175
33544,Pasco,2025-05-31,2283.4666956766737
33544,Pasco,2025-06-30,2286.87073647066
33544,Pasco,2025-07-31,2293.4103955284527
33544,Pasco,2025-08-31,2270.222909341419
33544,Pasco,2025-09-30,2275.5319830450685
33544,Pasco,2025-10-31,2280.662054365053
33544,Pasco,2025-11-30,2268.4445509060047
33544,Pasco,2025-12-31,2229.612357924964
33544,Pasco,2026-01-31,2205.406277187224
33544,Pasco,2026-02-28,2212.866969620385
33544,Pasco,2026-03-31,2242.820550134332
33544,Pasco,2026-04-30,2253.877560554006
33544,Pasco,2026-05-31,2265.9262956512575
33544,Pasco,2026-06-30,2261.9636165577344
33764,Pinellas,2015-01-31,1112.7712427489005
33764,Pinellas,2015-02-28,1112.9614057498504
33764,Pinellas,2015-03-31,1107.079206329559
33764,Pinellas,2015-04-30,1113.8352816593974
33764,Pinellas,2015-05-31,1129.5224796487682
33764,Pinellas,2015-06-30,1140.068741821747
33764,Pinellas,2015-07-31,1155.9746276548854
33764,Pinellas,2015-08-31,1164.7299810663806
33764,Pinellas,2015-09-30,1170.7126480274676
33764,Pinellas,2015-10-31,1166.621488826684
33764,Pinellas,2015-11-30,1167.7283079860017
33764,Pinellas,2015-12-31,1167.662974398076
33764,Pinellas,2016-01-31,1187.05132041048
33764,Pinellas,2016-02-29,1193.9707286253526
33764,Pinellas,2016-03-31,1201.0450755188494
33764,Pinellas,2016-04-30,1182.3550168066122
33764,Pinellas,2016-05-31,1187.657649591957
33764,Pinellas,2016-06-30,1189.7022884926569
33764,Pinellas,2016-07-31,1188.3228803154316
33764,Pinellas,2016-08-31,1180.5745637655953
33764,Pinellas,2016-09-30,1184.9916153373324
33764,Pinellas,2016-10-31,1208.1683443460302
33764,Pinellas,2016-11-30,1223.5729602134172
33764,Pinellas,2016-12-31,1242.129956769171
33764,Pinellas,2017-01-31,1263.8796604239321
33764,Pinellas,2017-02-28,1272.4175555098445
33764,Pinellas,2017-03-31,1248.8999358387307
33764,Pinellas,2017-04-30,1229.0796280246466
33764,Pinellas,2017-05-31,1226.5226240685017
33764,Pinellas,2017-06-30,1246.9254071038145
33764,Pinellas,2017-07-31,1265.8972827937046
33764,Pinellas,2017-08-31,1284.567412679965
33764,Pinellas,2017-09-30,1283.6522697672146
33764,Pinellas,2017-10-31,1284.8057012844029
33764,Pinellas,2017-11-30,1280.7231502961276
33764,Pinellas,2017-12-31,1313.2467455593173
33764,Pinellas,2018-01-31,1322.0962440819983
33764,Pinellas,2018-02-28,1330.416086666672
33764,Pinellas,2018-03-31,1306.990957784431
33764,Pinellas,2018-04-30,1307.2703927115563
33764,Pinellas,2018-05-31,1305.5602230642269
33764,Pinellas,2018-06-30,1308.1776150109217
33764,Pinellas,2018-07-31,1314.6646857539324
33764,Pinellas,2018-09-30,1316.928215161322
33764,Pinellas,2018-10-31,1306.0896651904632
33764,Pinellas,2018-11-30,1310.3266561821683
33764,Pinellas,2018-12-31,1319.0784439303643
33764,Pinellas,2019-01-31,1331.102134840945
33764,Pinellas,2019-02-28,1341.7113794734125
33764,Pinellas,2019-03-31,1364.0986487099349
33764,Pinellas,2019-04-30,1373.0723598921136
33764,Pinellas,2019-05-31,1380.630939167398
33764,Pinellas,2019-06-30,1374.023302342441
33764,Pinellas,2019-07-31,1388.041861763817
33764,Pinellas,2019-08-31,1374.0661033499373
33764,Pinellas,2019-09-30,1386.3568677612247
33764,Pinellas,2019-10-31,1385.068489824541
33764,Pinellas,2019-11-30,1391.1598567278886
33764,Pinellas,2019-12-31,1377.9682829108165
33764,Pinellas,2020-01-31,1390.8300664556068
33764,Pinellas,2020-02-29,1436.7824710189686
33764,Pinellas,2020-03-31,1471.2730541088465
33764,Pinellas,2020-04-30,1489.894859626783
33764,Pinellas,2020-05-31,1466.2194015812631
33764,Pinellas,2020-06-30,1444.5073674650687
33764,Pinellas,2020-07-31,1428.5397776270854
33764,Pinellas,2020-08-31,1431.028330402549
33764,Pinellas,2020-09-30,1446.2376505720729
33764,Pinellas,2020-10-31,1433.7241617762825
33764,Pinellas,2020-11-30,1443.117516996719
33764,Pinellas,2020-12-31,1455.1956338706923
33764,Pinellas,2021-01-31,1501.8386355752652
33764,Pinellas,2021-02-28,1527.2325884263362
33764,Pinellas,2021-03-31,1566.824880541123
33764,Pinellas,2021-04-30,1596.339651971512
33764,Pinellas,2021-05-31,1660.038371373213
33764,Pinellas,2021-06-30,1736.8987415281163
33764,Pinellas,2021-07-31,1821.456452044678
33764,Pinellas,2021-08-31,1891.4467470106297
33764,Pinellas,2021-09-30,1937.9721028400588
33764,Pinellas,2021-10-31,1941.50271609794
33764,Pinellas,2021-11-30,1947.7252045810071
33764,Pinellas,2021-12-31,1914.0163190717044
33764,Pinellas,2022-01-31,1903.1295664817555
33764,Pinellas,2022-02-28,1873.904045904545
33764,Pinellas,2022-03-31,1910.0864721929856
33764,Pinellas,2022-04-30,1910.843498261359
33764,Pinellas,2022-05-31,1996.188133523522
33764,Pinellas,2022-06-30,2010.8340757021763
33764,Pinellas,2022-07-31,2076.653725588719
33764,Pinellas,2022-08-31,2026.3894504057018
33764,Pinellas,2022-09-30,2042.8483426977439
33764,Pinellas,2022-10-31,2037.9230241317825
33764,Pinellas,2022-11-30,2056.3885066287517
33764,Pinellas,2022-12-31,2047.0994983908085
33764,Pinellas,2023-01-31,2044.7693320571948
33764,Pinellas,2023-02-28,2083.87339933911
33764,Pinellas,2023-03-31,2113.817658414107
33764,Pinellas,2023-04-30,2123.370638379423
33764,Pinellas,2023-05-31,2088.447457362305
33764,Pinellas,2023-06-30,2076.538021880026
33764,Pinellas,2023-07-31,2079.695859694781
33764,Pinellas,2023-08-31,2084.937836450992
33764,Pinellas,2023-09-30,2074.9363905613495
33764,Pinellas,2023-10-31,2069.347020263212
33764,Pinellas,2023-11-30,2063.761316845387
33764,Pinellas,2023-12-31,2054.8671933461897
33764,Pinellas,2024-01-31,2056.3499795581865
33764,Pinellas,2024-02-29,2085.429340020267
33764,Pinellas,2024-03-31,2113.1702233478295
33764,Pinellas,2024-04-30,2130.2600498257507
33764,Pinellas,2024-05-31,2110.515324734928
33764,Pinellas,2024-06-30,2115.633076338734
33764,Pinellas,2024-07-31,2137.306289184469
33764,Pinellas,2024-08-31,2194.467200242733
33764,Pinellas,2024-09-30,2195.4531164489463
33764,Pinellas,2024-10-31,2213.120142789478
33764,Pinellas,2024-11-30,2203.3932134410793
33764,Pinellas,2024-12-31,2250.9595808133918
33764,Pinellas,2025-01-31,2250.359939087946
33764,Pinellas,2025-02-28,2244.0690425111184
33764,Pinellas,2025-03-31,2212.0279446914174
33764,Pinellas,2025-04-30,2201.514134870514
33764,Pinellas,2025-05-31,2190.6505594303053
33764,Pinellas,2025-06-30,2192.079857787548
33764,Pinellas,2025-07-31,2164.7681465135806
33764,Pinellas,2025-08-31,2162.354569042362
33764,Pinellas,2025-09-30,2135.2060021796688
33764,Pinellas,2025-10-31,2129.490231224528
33764,Pinellas,2025-11-30,2117.6000722376402
33764,Pinellas,2025-12-31,2110.5036508105986
33764,Pinellas,2026-01-31,2098.4326268203863
33764,Pinellas,2026-02-28,2086.956689864721
33764,Pinellas,2026-03-31,2093.3812060493165
33764,Pinellas,2026-04-30,2101.871260142365
33764,Pinellas,2026-05-31,2096.592899120991
33764,Pinellas,2026-06-30,2110.8696273291926
33510,Hillsborough,2015-01-31,903.5405684665648
33510,Hillsborough,2015-02-28,905.4672354693522
33510,Hillsborough,2015-03-31,900.804513603146
33510,Hillsborough,2015-04-30,911.5934132153661
33510,Hillsborough,2015-05-31,920.1389669945332
33510,Hillsborough,2015-06-30,929.3370859930134
33510,Hillsborough,2015-07-31,926.8389018996947
33510,Hillsborough,2015-08-31,930.0614213664671
33510,Hillsborough,2015-09-30,938.3720805159483
33510,Hillsborough,2015-10-31,933.6489850419417
33510,Hillsborough,2015-11-30,931.6331525400323
33510,Hillsborough,2015-12-31,933.7219094026784
33510,Hillsborough,2016-01-31,948.8630437282991
33510,Hillsborough,2016-02-29,954.6496859375686
33510,Hillsborough,2016-03-31,944.9738454231915
33510,Hillsborough,2016-04-30,942.7162499214758
33510,Hillsborough,2016-05-31,944.5511965532937
33510,Hillsborough,2016-06-30,955.0978926735191
33510,Hillsborough,2016-07-31,965.6049794211175
33510,Hillsborough,2016-08-31,967.4813708920312
33510,Hillsborough,2016-09-30,973.9254066234682
33510,Hillsborough,2016-10-31,980.2442095817742
33510,Hillsborough,2016-11-30,996.9392151598953
33510,Hillsborough,2016-12-31,986.8205985325058
33510,Hillsborough,2017-01-31,980.303483847253
33510,Hillsborough,2017-02-28,972.6441836091948
33510,Hillsborough,2017-03-31,991.5005622194883
33510,Hillsborough,2017-04-30,1001.8579676470581
33510,Hillsborough,2017-05-31,1016.2634983383638
33510,Hillsborough,2017-06-30,1012.454966838553
33510,Hillsborough,2017-07-31,1013.7469671654012
33510,Hillsborough,2017-08-31,1010.7915053720751
33510,Hillsborough,2017-09-30,1026.7513897402825
33510,Hillsborough,2017-10-31,1024.578101324884
33510,Hillsborough,2017-11-30,1021.642701396988
33510,Hillsborough,2017-12-31,1013.5963025481125
33510,Hillsborough,2018-01-31,1020.6952637107096
33510,Hillsborough,2018-02-28,1025.155492148461
33510,Hillsborough,2018-03-31,1029.4088245530268
33510,Hillsborough,2018-04-30,1027.3804582346436
33510,Hillsborough,2018-05-31,1032.150996205845
33510,Hillsborough,2018-06-30,1036.1326940988943
33510,Hillsborough,2018-07-31,1042.1724661244755
33510,Hillsborough,2018-08-31,1040.7619535241922
33510,Hillsborough,2018-09-30,1040.1292006331282
33510,Hillsborough,2018-10-31,1045.1590434447526
33510,Hillsborough,2018-11-30,1049.4941929771367
33510,Hillsborough,2018-12-31,1037.0734298780676
33510,Hillsborough,2019-01-31,1043.6625799879916
33510,Hillsborough,2019-02-28,1038.3837280340656
33510,Hillsborough,2019-03-31,1064.1659644315876
33510,Hillsborough,2019-04-30,1063.393315375109
33510,Hillsborough,2019-05-31,1078.2271524345047
33510,Hillsborough,2019-06-30,1082.2848007605862
33510,Hillsborough,2019-07-31,1083.4901168542879
33510,Hillsborough,2019-08-31,1090.8111752378572
33510,Hillsborough,2019-09-30,1083.2096245558334
33510,Hillsborough,2019-10-31,1089.3848034538048
33510,Hillsborough,2019-11-30,1080.455912225166
33510,Hillsborough,2019-12-31,1078.0091604027043
33510,Hillsborough,2020-01-31,1091.1619305162126
33510,Hillsborough,2020-02-29,1095.199260223194
33510,Hillsborough,2020-03-31,1119.877884956981
33510,Hillsborough,2020-04-30,1102.6903265416465
33510,Hillsborough,2020-05-31,1126.2264066379
33510,Hillsborough,2020-06-30,1127.3948240123232
33510,Hillsborough,2020-07-31,1148.9831877520128
33510,Hillsborough,2020-08-31,1150.4480944780844
33510,Hillsborough,2020-09-30,1171.6174223001017
33510,Hillsborough,2020-10-31,1184.2919251062533
33510,Hillsborough,2020-11-30,1185.00200745826
33510,Hillsborough,2020-12-31,1183.668616915858
33510,Hillsborough,2021-01-31,1176.756359472327
33510,Hillsborough,2021-02-28,1184.045664365102
33510,Hillsborough,2021-03-31,1192.0288161923695
33510,Hillsborough,2021-04-30,1230.7567070128189
33510,Hillsborough,2021-05-31,1238.344048038006
33510,Hillsborough,2021-06-30,1278.4924563433533
33510,Hillsborough,2021-07-31,1305.6403544911118
33510,Hillsborough,2021-08-31,1366.8117885777551
33510,Hillsborough,2021-09-30,1393.735107526428
33510,Hillsborough,2021-10-31,1432.9052605720901
33510,Hillsborough,2021-11-30,1462.6499440642672
33510,Hillsborough,2021-12-31,1483.7430774400566
33510,Hillsborough,2022-01-31,1452.578817526843
33510,Hillsborough,2022-02-28,1465.5105875542683
33510,Hillsborough,2022-03-31,1479.4243668848637
33510,Hillsborough,2022-04-30,1514.4676863754075
33510,Hillsborough,2022-05-31,1525.4934593410671
33510,Hillsborough,2022-06-30,1543.3361569714111
33510,Hillsborough,2022-07-31,1575.810889549541
33510,Hillsborough,2022-08-31,1613.4035878364646
33510,Hillsborough,2022-09-30,1615.6112439209815
33510,Hillsborough,2022-10-31,1619.742427174988
33510,Hillsborough,2022-11-30,1595.9740639241516
33510,Hillsborough,2022-12-31,1617.8770040753893
33510,Hillsborough,2023-01-31,1624.5399196544151
33510,Hillsborough,2023-02-28,1651.3627106413583
33510,Hillsborough,2023-03-31,1646.4711956999627
33510,Hillsborough,2023-04-30,1669.1083891813323
33510,Hillsborough,2023-05-31,1657.123868771064
33510,Hillsborough,2023-06-30,1660.7497151892019
33510,Hillsborough,2023-07-31,1652.6008508935865
33510,Hillsborough,2023-08-31,1667.8851178914108
33510,Hillsborough,2023-09-30,1659.7567818139923
33510,Hillsborough,2023-10-31,1654.2976172868412
33510,Hillsborough,2023-11-30,1644.5026379853155
33510,Hillsborough,2023-12-31,1651.9880985999143
33510,Hillsborough,2024-01-31,1646.640405315887
33510,Hillsborough,2024-02-29,1642.5534012758637
33510,Hillsborough,2024-03-31,1648.9048250418898
33510,Hillsborough,2024-04-30,1672.123119065172
33510,Hillsborough,2024-05-31,1684.4912431944533
33510,Hillsborough,2024-06-30,1687.4161147304849
33510,Hillsborough,2024-07-31,1669.4388259213963
33510,Hillsborough,2024-08-31,1677.1567115667358
33510,Hillsborough,2024-09-30,1660.7965956977882
33510,Hillsborough,2024-10-31,1665.24034760816
33510,Hillsborough,2024-11-30,1639.8367135120584
33510,Hillsborough,2024-12-31,1657.4411070340902
33510,Hillsborough,2025-01-31,1659.178529310544
33510,Hillsborough,2025-02-28,1677.4275429330705
33510,Hillsborough,2025-03-31,1692.8924045006713
33510,Hillsborough,2025-04-30,1712.1519701708496
33510,Hillsborough,2025-05-31,1727.5064841862961
33510,Hillsborough,2025-06-30,1716.770482630964
33510,Hillsborough,2025-07-31,1716.257474305656
33510,Hillsborough,2025-08-31,1713.2554669251217
33510,Hillsborough,2025-09-30,1679.3061819555992
33510,Hillsborough,2025-10-31,1665.2412089275267
33510,Hillsborough,2025-11-30,1669.280161143545
33510,Hillsborough,2025-12-31,1710.968949913407
33510,Hillsborough,2026-01-31,1732.0667507178025
33510,Hillsborough,2026-02-28,1715.9962562682701
33510,Hillsborough,2026-03-31,1682.7391544028605
33510,Hillsborough,2026-04-30,1662.2860558174052
33510,Hillsborough,2026-05-31,1673.5222234774062
33510,Hillsborough,2026-06-30,1684.3081232492998
33625,Hillsborough,2022-01-31,1879.0739506979976
33625,Hillsborough,2022-02-28,1861.3175486865093
33625,Hillsborough,2022-04-30,1926.1373763063868
33625,Hillsborough,2022-05-31,1937.3131281660833
33625,Hillsborough,2022-06-30,1987.5475395246701
33625,Hillsborough,2022-07-31,2017.459436752225
33625,Hillsborough,2022-08-31,2020.552412150704
33625,Hillsborough,2022-09-30,1992.1572770993569
33625,Hillsborough,2022-10-31,1981.730467175628
33625,Hillsborough,2022-11-30,1978.1747007238698
33625,Hillsborough,2022-12-31,1962.3382403471387
33625,Hillsborough,2023-01-31,1936.2068522863851
33625,Hillsborough,2023-02-28,1929.833834582917
33625,Hillsborough,2023-03-31,1965.3599263913566
33625,Hillsborough,2023-04-30,1968.2339438799015
33625,Hillsborough,2023-05-31,1968.795760858079
33625,Hillsborough,2023-06-30,1966.4625229708238
33625,Hillsborough,2023-07-31,1973.4224567372437
33625,Hillsborough,2023-08-31,2023.2200402992196
33625,Hillsborough,2023-09-30,2025.8631188292736
33625,Hillsborough,2023-10-31,2038.700768202931
33625,Hillsborough,2023-11-30,2033.8623722389177
33625,Hillsborough,2023-12-31,2025.1461760308139
33625,Hillsborough,2024-01-31,2035.5222127526308
33625,Hillsborough,2024-02-29,1998.1679299173932
33625,Hillsborough,2024-03-31,1990.0872008740648
33625,Hillsborough,2024-04-30,1977.2724224368615
33625,Hillsborough,2024-05-31,2002.4803148763765
33625,Hillsborough,2024-06-30,2023.9986913080245
33625,Hillsborough,2024-07-31,2026.4640358510508
33625,Hillsborough,2024-08-31,2018.4467262638532
33625,Hillsborough,2024-09-30,2031.3413668571093
33625,Hillsborough,2024-10-31,2048.8743823921236
33625,Hillsborough,2024-11-30,2087.628239384096
33625,Hillsborough,2024-12-31,2098.902593371241
33625,Hillsborough,2025-01-31,2092.0521835447166
33625,Hillsborough,2025-02-28,2074.738522358906
33625,Hillsborough,2025-03-31,2073.96192489737
33625,Hillsborough,2025-04-30,2064.613134293058
33625,Hillsborough,2025-05-31,2078.2856001189616
33625,Hillsborough,2025-06-30,2088.157751320478
33625,Hillsborough,2025-07-31,2106.353385525312
33625,Hillsborough,2025-08-31,2089.068242169156
33625,Hillsborough,2025-09-30,2070.6053650941376
33625,Hillsborough,2025-10-31,2071.644251094917
33625,Hillsborough,2025-11-30,2069.934291106135
33625,Hillsborough,2025-12-31,2061.879242984345
33625,Hillsborough,2026-01-31,2031.800001698513
33625,Hillsborough,2026-02-28,2026.6986226559277
33625,Hillsborough,2026-03-31,2024.2051012871364
33625,Hillsborough,2026-04-30,2038.1138880589526
33625,Hillsborough,2026-05-31,2057.9236747683008
33625,Hillsborough,2026-06-30,2059.4620771385476
33556,Hillsborough,2021-12-31,2064.9914916619027
33556,Hillsborough,2022-01-31,2043.2408061702326
33556,Hillsborough,2022-02-28,2048.3084240386374
33556,Hillsborough,2022-03-31,2065.8456938018935
33556,Hillsborough,2022-04-30,2074.686616768161
33556,Hillsborough,2022-05-31,2091.122406606317
33556,Hillsborough,2022-06-30,2121.784049037003
33556,Hillsborough,2022-07-31,2107.5842459169567
33556,Hillsborough,2022-08-31,2136.1083964300688
33556,Hillsborough,2022-09-30,2104.5263260087286
33556,Hillsborough,2022-10-31,2121.433751629519
33556,Hillsborough,2022-11-30,2064.046272030796
33556,Hillsborough,2022-12-31,2062.8608958600034
33556,Hillsborough,2023-01-31,2059.5360421169485
33556,Hillsborough,2023-02-28,2080.043730067171
33556,Hillsborough,2023-03-31,2100.2790658631234
33556,Hillsborough,2023-04-30,2103.6546806368938
33556,Hillsborough,2023-05-31,2113.451429699795
33556,Hillsborough,2023-06-30,2101.7107984367135
33556,Hillsborough,2023-07-31,2117.0587828109387
33556,Hillsborough,2023-08-31,2117.118733402681
33556,Hillsborough,2023-09-30,2133.7605488605122
33556,Hillsborough,2023-10-31,2218.5997335340066
33556,Hillsborough,2023-11-30,2226.0709108225637
33556,Hillsborough,2023-12-31,2210.728751021001
33556,Hillsborough,2024-01-31,2135.574328193095
33556,Hillsborough,2024-02-29,2154.6218111848157
33556,Hillsborough,2024-03-31,2167.233726459687
33556,Hillsborough,2024-04-30,2153.7328732044084
33556,Hillsborough,2024-05-31,2126.325200062872
33556,Hillsborough,2024-06-30,2095.9056800168346
33556,Hillsborough,2024-07-31,2094.3688891676074
33556,Hillsborough,2024-08-31,2119.8156085566666
33556,Hillsborough,2024-09-30,2166.3374031088297
33556,Hillsborough,2024-10-31,2177.775986807727
33556,Hillsborough,2024-11-30,2194.110392836105
33556,Hillsborough,2024-12-31,2215.880527573297
33556,Hillsborough,2025-01-31,2252.8598057056874
33556,Hillsborough,2025-02-28,2256.1303401705295
33556,Hillsborough,2025-03-31,2243.6506064972746
33556,Hillsborough,2025-04-30,2242.6783938114004
33556,Hillsborough,2025-05-31,2209.138977723125
33556,Hillsborough,2025-06-30,2184.3586089029413
33556,Hillsborough,2025-07-31,2156.3574512845335
33556,Hillsborough,2025-08-31,2184.8951111522124
33556,Hillsborough,2025-09-30,2189.124882350759
33556,Hillsborough,2025-10-31,2176.152740624202
33556,Hillsborough,2025-11-30,2160.698310679294
33556,Hillsborough,2025-12-31,2113.566786328068
33556,Hillsborough,2026-01-31,2157.4632614477105
33556,Hillsborough,2026-02-28,2176.6682950371705
33556,Hillsborough,2026-03-31,2238.912765467108
33556,Hillsborough,2026-04-30,2225.5063446431636
33556,Hillsborough,2026-05-31,2220.9776458988977
33556,Hillsborough,2026-06-30,2152.2481684981685
33584,Hillsborough,2021-07-31,1603.64017912103
33584,Hillsborough,2021-08-31,1657.8807527312706
33584,Hillsborough,2021-09-30,1747.5884104835538
33584,Hillsborough,2021-10-31,1743.7336363294796
33584,Hillsborough,2021-11-30,1771.089660048046
33584,Hillsborough,2021-12-31,1760.5281960586717
33584,Hillsborough,2022-01-31,1740.5924164056955
33584,Hillsborough,2022-02-28,1728.5541143529733
33584,Hillsborough,2022-03-31,1756.1157268287259
33584,Hillsborough,2022-04-30,1818.8046834860752
33584,Hillsborough,2022-05-31,1854.5458758710581
33584,Hillsborough,2022-06-30,1912.5984896199543
33584,Hillsborough,2022-07-31,1959.3606101253736
33584,Hillsborough,2022-08-31,1967.043113114719
33584,Hillsborough,2022-09-30,1956.8629732829365
33584,Hillsborough,2022-10-31,1942.39555087992
33584,Hillsborough,2022-11-30,1978.6937334156057
33584,Hillsborough,2022-12-31,1968.596825762066
33584,Hillsborough,2023-01-31,1973.412197361188
33584,Hillsborough,2023-02-28,1946.8202728789447
33584,Hillsborough,2023-03-31,1966.6444345797236
33584,Hillsborough,2023-04-30,1975.36116074955
33584,Hillsborough,2023-05-31,1999.475097162426
33584,Hillsborough,2023-06-30,2003.8232239878748
33584,Hillsborough,2023-07-31,2046.3143797689345
33584,Hillsborough,2023-08-31,2028.4179054396022
33584,Hillsborough,2023-09-30,2017.911405095119
33584,Hillsborough,2023-10-31,2002.1385666868784
33584,Hillsborough,2023-11-30,2033.1047680708434
33584,Hillsborough,2023-12-31,2044.2897656480022
33584,Hillsborough,2024-01-31,2041.7232794420436
33584,Hillsborough,2024-02-29,2026.017494403992
33584,Hillsborough,2024-03-31,2049.566426900924
33584,Hillsborough,2024-04-30,2040.5051878716313
33584,Hillsborough,2024-05-31,2044.6850720057444
33584,Hillsborough,2024-06-30,2026.9181618232649
33584,Hillsborough,2024-07-31,2046.0247377993044
33584,Hillsborough,2024-08-31,2063.1026949372895
33584,Hillsborough,2024-09-30,2067.864619712665
33584,Hillsborough,2024-10-31,2072.841232739386
33584,Hillsborough,2024-11-30,2063.3480426049655
33584,Hillsborough,2024-12-31,2038.9154684483972
33584,Hillsborough,2025-01-31,2034.315128219085
33584,Hillsborough,2025-02-28,2069.900596986546
33584,Hillsborough,2025-03-31,2095.0978148063487
33584,Hillsborough,2025-04-30,2092.2782000342163
33584,Hillsborough,2025-05-31,2105.476057722888
33584,Hillsborough,2025-06-30,2118.210295063315
33584,Hillsborough,2025-07-31,2165.4715252871974
33584,Hillsborough,2025-08-31,2160.0860698200763
33584,Hillsborough,2025-09-30,2175.8377999185905
33584,Hillsborough,2025-10-31,2152.071644357209
33584,Hillsborough,2025-11-30,2146.874969047952
33584,Hillsborough,2025-12-31,2126.2214432508717
33584,Hillsborough,2026-01-31,2120.1740328458263
33584,Hillsborough,2026-02-28,2124.1677801917485
33584,Hillsborough,2026-03-31,2127.6495134470483
33584,Hillsborough,2026-04-30,2101.4247442711217
33584,Hillsborough,2026-05-31,2119.7748432053745
33584,Hillsborough,2026-06-30,2156.425396825397
33618,Hillsborough,2021-12-31,1408.92549877451
33618,Hillsborough,2022-01-31,1423.7610735818641
33618,Hillsborough,2022-02-28,1468.1227469095327
33618,Hillsborough,2022-03-31,1460.4426314871116
33618,Hillsborough,2022-04-30,1475.5006521408425
33618,Hillsborough,2022-05-31,1486.196141549339
33618,Hillsborough,2022-06-30,1496.1644402193633
33618,Hillsborough,2022-07-31,1502.3847051460166
33618,Hillsborough,2022-08-31,1505.5452068220166
33618,Hillsborough,2022-09-30,1509.0607842936631
33618,Hillsborough,2022-10-31,1502.8131101043
33618,Hillsborough,2022-11-30,1504.2413901581688
33618,Hillsborough,2022-12-31,1498.4888687047319
33618,Hillsborough,2023-01-31,1501.3944208437836
33618,Hillsborough,2023-02-28,1499.0796090477631
33618,Hillsborough,2023-03-31,1523.2674596850713
33618,Hillsborough,2023-04-30,1525.3800403861053
33618,Hillsborough,2023-05-31,1529.747807816168
33618,Hillsborough,2023-06-30,1525.7899857449609
33618,Hillsborough,2023-07-31,1528.9450085904189
33618,Hillsborough,2023-08-31,1532.9439548374667
33618,Hillsborough,2023-09-30,1528.8067122951627
33618,Hillsborough,2023-10-31,1536.327779828165
33618,Hillsborough,2023-11-30,1533.199027051995
33618,Hillsborough,2023-12-31,1542.2631591503316
33618,Hillsborough,2024-01-31,1543.760585600666
33618,Hillsborough,2024-02-29,1551.8652488217417
33618,Hillsborough,2024-03-31,1556.1881272367752
33618,Hillsborough,2024-04-30,1560.8535831411248
33618,Hillsborough,2024-05-31,1556.9451693032045
33618,Hillsborough,2024-06-30,1566.8974788167955
33618,Hillsborough,2024-07-31,1580.1555972544015
33618,Hillsborough,2024-08-31,1564.9880456959866
33618,Hillsborough,2024-09-30,1552.9154306778205
33618,Hillsborough,2024-10-31,1529.2929382741056
33618,Hillsborough,2024-11-30,1557.8584963908297
33618,Hillsborough,2024-12-31,1575.682352570774
33618,Hillsborough,2025-01-31,1589.8821872862047
33618,Hillsborough,2025-02-28,1606.2804152991378
33618,Hillsborough,2025-03-31,1607.6091338235985
33618,Hillsborough,2025-04-30,1606.024442048199
33618,Hillsborough,2025-05-31,1591.3396748088371
33618,Hillsborough,2025-06-30,1594.3504506014629
33618,Hillsborough,2025-07-31,1598.6849223936426
33618,Hillsborough,2025-08-31,1603.5007694117558
33618,Hillsborough,2025-09-30,1585.7705329875978
33618,Hillsborough,2025-10-31,1578.318167438641
33618,Hillsborough,2025-11-30,1585.1061541320153
33618,Hillsborough,2025-12-31,1605.749696503498
33618,Hillsborough,2026-01-31,1608.6318470389954
33618,Hillsborough,2026-02-28,1586.0889709328824
33618,Hillsborough,2026-03-31,1578.8503355535197
33618,Hillsborough,2026-04-30,1586.6987996460919
33618,Hillsborough,2026-05-31,1595.043158454937
33618,Hillsborough,2026-06-30,1593.791452991453
33558,Hillsborough,2022-02-28,2163.38054871033
33558,Hillsborough,2022-03-31,2122.8076573767976
33558,Hillsborough,2022-04-30,2153.8016144745548
33558,Hillsborough,2022-05-31,2191.2402132617553
33558,Hillsborough,2022-06-30,2214.8577134901034
33558,Hillsborough,2022-07-31,2239.1229615613643
33558,Hillsborough,2022-08-31,2237.119836837566
33558,Hillsborough,2022-09-30,2253.880069932373
33558,Hillsborough,2022-10-31,2239.0313422701784
33558,Hillsborough,2022-11-30,2260.8162539938494
33558,Hillsborough,2022-12-31,2257.3510626921293
33558,Hillsborough,2023-01-31,2239.1591183141563
33558,Hillsborough,2023-02-28,2225.22102565106
33558,Hillsborough,2023-03-31,2219.881288996836
33558,Hillsborough,2023-04-30,2218.685344331183
33558,Hillsborough,2023-05-31,2211.952831303987
33558,Hillsborough,2023-06-30,2190.871389076742
33558,Hillsborough,2023-07-31,2203.7272883985534
33558,Hillsborough,2023-08-31,2253.3378905707295
33558,Hillsborough,2023-09-30,2293.9964393577743
33558,Hillsborough,2023-10-31,2282.9854196909937
33558,Hillsborough,2023-11-30,2241.1753556008066
33558,Hillsborough,2023-12-31,2216.6799890145517
33558,Hillsborough,2024-01-31,2258.1545767543053
33558,Hillsborough,2024-02-29,2260.9593798257156
33558,Hillsborough,2024-03-31,2266.0847448436125
33558,Hillsborough,2024-04-30,2258.4817309726377
33558,Hillsborough,2024-05-31,2247.565111601371
33558,Hillsborough,2024-06-30,2256.609971714044
33558,Hillsborough,2024-07-31,2239.427416306362
33558,Hillsborough,2024-08-31,2242.112770560017
33558,Hillsborough,2024-09-30,2242.443563950606
33558,Hillsborough,2024-10-31,2259.033712119749
33558,Hillsborough,2024-11-30,2289.953682335554
33558,Hillsborough,2024-12-31,2321.0959029503
33558,Hillsborough,2025-01-31,2330.1470929362904
33558,Hillsborough,2025-02-28,2325.569467473341
33558,Hillsborough,2025-03-31,2318.4409161526464
33558,Hillsborough,2025-04-30,2334.343179940888
33558,Hillsborough,2025-05-31,2350.8176283701528
33558,Hillsborough,2025-06-30,2343.4473312439486
33558,Hillsborough,2025-07-31,2344.210603315543
33558,Hillsborough,2025-08-31,2313.9974826458733
33558,Hillsborough,2025-09-30,2338.4757570910056
33558,Hillsborough,2025-10-31,2338.8088780484013
33558,Hillsborough,2025-11-30,2363.309557074752
33558,Hillsborough,2025-12-31,2328.6788019151
33558,Hillsborough,2026-01-31,2288.2342105164785
33558,Hillsborough,2026-02-28,2269.169669899768
33558,Hillsborough,2026-03-31,2247.4654796426757
33558,Hillsborough,2026-04-30,2275.4097253266673
33558,Hillsborough,2026-05-31,2274.815997572105
33558,Hillsborough,2026-06-30,2312.7584618110936
33705,Pinellas,2015-01-31,883.3027140254711
33705,Pinellas,2015-02-28,890.5969143506029
33705,Pinellas,2015-03-31,902.5813925475921
33705,Pinellas,2015-04-30,920.8999356651498
33705,Pinellas,2015-05-31,934.0089622869289
33705,Pinellas,2015-06-30,944.7517602666667
33705,Pinellas,2015-07-31,952.9088832188287
33705,Pinellas,2015-08-31,946.8433269496805
33705,Pinellas,2015-09-30,940.5376440311475
33705,Pinellas,2015-10-31,933.3459894232832
33705,Pinellas,2015-11-30,941.2569131661917
33705,Pinellas,2015-12-31,958.1455358105413
33705,Pinellas,2016-01-31,958.5639745127902
33705,Pinellas,2016-02-29,957.0623126757664
33705,Pinellas,2016-03-31,950.1591724622845
33705,Pinellas,2016-04-30,958.8865341543794
33705,Pinellas,2016-05-31,950.7949116578491
33705,Pinellas,2016-06-30,976.3683596348639
33705,Pinellas,2016-07-31,988.8467487245767
33705,Pinellas,2016-08-31,999.642811673802
33705,Pinellas,2016-09-30,989.6798354206646
33705,Pinellas,2016-10-31,988.8103082602544
33705,Pinellas,2016-11-30,1003.2671442089877
33705,Pinellas,2016-12-31,988.0161615264002
33705,Pinellas,2017-01-31,990.4744303361978
33705,Pinellas,2017-02-28,1010.6446793592486
33705,Pinellas,2017-03-31,1036.318683882812
33705,Pinellas,2017-04-30,1074.0564800178001
33705,Pinellas,2017-05-31,1071.53488864234
33705,Pinellas,2017-06-30,1094.4752413249544
33705,Pinellas,2017-07-31,1078.5233891693906
33705,Pinellas,2017-08-31,1079.958752902316
33705,Pinellas,2017-09-30,1067.7306889769866
33705,Pinellas,2017-10-31,1083.821627886297
33705,Pinellas,2017-11-30,1108.839753414633
33705,Pinellas,2017-12-31,1116.881161477061
33705,Pinellas,2018-01-31,1121.2918443179196
33705,Pinellas,2018-02-28,1105.3599804600997
33705,Pinellas,2018-03-31,1134.3004366025111
33705,Pinellas,2018-04-30,1129.5336677066543
33705,Pinellas,2018-05-31,1141.1527644582548
33705,Pinellas,2018-06-30,1141.7814127064617
33705,Pinellas,2018-07-31,1172.093612075444
33705,Pinellas,2018-08-31,1179.8792562773745
33705,Pinellas,2018-09-30,1195.6092720988277
33705,Pinellas,2018-10-31,1192.3668618164834
33705,Pinellas,2018-11-30,1216.4037767937268
33705,Pinellas,2018-12-31,1204.8358982356242
33705,Pinellas,2019-01-31,1204.226638843706
33705,Pinellas,2019-02-28,1179.2583006014602
33705,Pinellas,2019-03-31,1177.6718913485802
33705,Pinellas,2019-04-30,1187.203790975197
33705,Pinellas,2019-05-31,1215.337796826834
33705,Pinellas,2019-06-30,1224.9938976867409
33705,Pinellas,2019-07-31,1248.6496065254823
33705,Pinellas,2019-08-31,1268.571492616903
33705,Pinellas,2019-09-30,1300.0450819445662
33705,Pinellas,2019-10-31,1286.6338527233715
33705,Pinellas,2019-11-30,1278.8783256641468
33705,Pinellas,2019-12-31,1272.4886326524127
33705,Pinellas,2020-01-31,1274.2900778673556
33705,Pinellas,2020-02-29,1284.813924228369
33705,Pinellas,2020-03-31,1293.068753630501
33705,Pinellas,2020-04-30,1294.52525535436
33705,Pinellas,2020-05-31,1292.082072990851
33705,Pinellas,2020-06-30,1282.5610635627668
33705,Pinellas,2020-07-31,1315.0615973376111
33705,Pinellas,2020-08-31,1377.0670443090844
33705,Pinellas,2020-09-30,1407.475721654063
33705,Pinellas,2020-10-31,1420.9610042495308
33705,Pinellas,2020-11-30,1401.6770692417203
33705,Pinellas,2020-12-31,1454.9162103899032
33705,Pinellas,2021-01-31,1470.391851893676
33705,Pinellas,2021-02-28,1488.4127491869726
33705,Pinellas,2021-03-31,1486.4621108511924
33705,Pinellas,2021-04-30,1527.059456651294
33705,Pinellas,2021-05-31,1580.0753760574971
33705,Pinellas,2021-06-30,1618.4466492628699
33705,Pinellas,2021-07-31,1632.7475033441488
33705,Pinellas,2021-08-31,1710.9737604884915
33705,Pinellas,2021-09-30,1750.4081498507085
33705,Pinellas,2021-10-31,1806.579426238465
33705,Pinellas,2021-11-30,1797.061518289121
33705,Pinellas,2021-12-31,1822.7975237304138
33705,Pinellas,2022-01-31,1836.1141002167737
33705,Pinellas,2022-02-28,1851.4969644486962
33705,Pinellas,2022-03-31,1924.32948563703
33705,Pinellas,2022-04-30,1976.5943358823683
33705,Pinellas,2022-05-31,1998.2957845899682
33705,Pinellas,2022-06-30,1989.1817031253956
33705,Pinellas,2022-07-31,2000.7679340084164
33705,Pinellas,2022-08-31,1999.3998127843101
33705,Pinellas,2022-09-30,1964.7347267680393
33705,Pinellas,2022-10-31,1949.6889907474363
33705,Pinellas,2022-11-30,1972.956539422323
33705,Pinellas,2022-12-31,1992.5293422269438
33705,Pinellas,2023-01-31,2004.1751571411683
33705,Pinellas,2023-02-28,1989.8113141841434
33705,Pinellas,2023-03-31,2023.542954272151
33705,Pinellas,2023-04-30,2054.654076516865
33705,Pinellas,2023-05-31,2072.3407527484137
33705,Pinellas,2023-06-30,2043.0003684280443
33705,Pinellas,2023-07-31,2048.265088934292
33705,Pinellas,2023-08-31,2080.4086146416466
33705,Pinellas,2023-09-30,2117.6656776802374
33705,Pinellas,2023-10-31,2108.091928871705
33705,Pinellas,2023-11-30,2059.6682168122306
33705,Pinellas,2023-12-31,2057.3332915778833
33705,Pinellas,2024-01-31,2055.2327482310343
33705,Pinellas,2024-02-29,2082.917963740672
33705,Pinellas,2024-03-31,2077.3635713059753
33705,Pinellas,2024-04-30,2091.5375591918496
33705,Pinellas,2024-05-31,2116.314065959831
33705,Pinellas,2024-06-30,2133.305147136227
33705,Pinellas,2024-07-31,2129.7462710902396
33705,Pinellas,2024-08-31,2109.322263746603
33705,Pinellas,2024-09-30,2099.141004980871
33705,Pinellas,2024-10-31,2125.493652129439
33705,Pinellas,2024-11-30,2149.090258040975
33705,Pinellas,2024-12-31,2182.7676784665273
33705,Pinellas,2025-01-31,2174.5196545473773
33705,Pinellas,2025-02-28,2184.221021737397
33705,Pinellas,2025-03-31,2176.079537553239
33705,Pinellas,2025-04-30,2201.0690908046786
33705,Pinellas,2025-05-31,2183.475187226011
33705,Pinellas,2025-06-30,2211.1181037135852
33705,Pinellas,2025-07-31,2192.2628560797107
33705,Pinellas,2025-08-31,2185.6790288647626
33705,Pinellas,2025-09-30,2156.8607990670694
33705,Pinellas,2025-10-31,2127.561377599165
33705,Pinellas,2025-11-30,2128.08758212609
33705,Pinellas,2025-12-31,2112.990056592772
33705,Pinellas,2026-01-31,2147.3283496314325
33705,Pinellas,2026-02-28,2174.0520759829183
33705,Pinellas,2026-03-31,2174.6779753330793
33705,Pinellas,2026-04-30,2139.7226173930794
33705,Pinellas,2026-05-31,2119.6086338538717
33705,Pinellas,2026-06-30,2119.496492539971
34684,Pinellas,2021-12-31,1712.608980891826
34684,Pinellas,2022-01-31,1714.2324225365523
34684,Pinellas,2022-02-28,1744.7640515675998
34684,Pinellas,2022-03-31,1797.4462448206175
34684,Pinellas,2022-04-30,1832.2713698711493
34684,Pinellas,2022-05-31,1864.0983789102563
34684,Pinellas,2022-06-30,1866.59863505984
34684,Pinellas,2022-07-31,1879.6619632045033
34684,Pinellas,2022-08-31,1865.1970173437248
34684,Pinellas,2022-09-30,1860.423246418652
34684,Pinellas,2022-10-31,1831.0977207897424
34684,Pinellas,2022-11-30,1824.0666752539257
34684,Pinellas,2022-12-31,1809.3225842855682
34684,Pinellas,2023-01-31,1838.0530033162936
34684,Pinellas,2023-02-28,1843.990014847666
34684,Pinellas,2023-03-31,1889.44296901095
34684,Pinellas,2023-04-30,1883.3522144382216
34684,Pinellas,2023-05-31,1891.2702928913131
34684,Pinellas,2023-06-30,1877.104480311653
34684,Pinellas,2023-07-31,1879.7203229762897
34684,Pinellas,2023-08-31,1880.038332190845
34684,Pinellas,2023-09-30,1873.1430905299753
34684,Pinellas,2023-10-31,1850.7802276103562
34684,Pinellas,2023-11-30,1848.2679716869204
34684,Pinellas,2023-12-31,1832.7048609303768
34684,Pinellas,2024-01-31,1847.584590986447
34684,Pinellas,2024-02-29,1862.7294221645786
34684,Pinellas,2024-03-31,1896.9280520652885
34684,Pinellas,2024-04-30,1910.6454689275151
34684,Pinellas,2024-05-31,1894.153891614584
34684,Pinellas,2024-06-30,1857.4235310625
34684,Pinellas,2024-07-31,1858.1322387969874
34684,Pinellas,2024-08-31,1869.5235784775446
34684,Pinellas,2024-09-30,1906.9944111489635
34684,Pinellas,2024-10-31,1923.1477671445766
34684,Pinellas,2024-11-30,1901.1540624740255
34684,Pinellas,2024-12-31,1890.7506070041093
34684,Pinellas,2025-01-31,1866.2984906119734
34684,Pinellas,2025-02-28,1909.379633145821
34684,Pinellas,2025-03-31,1941.3610351414695
34684,Pinellas,2025-04-30,1961.2220971210634
34684,Pinellas,2025-05-31,1947.7038429094723
34684,Pinellas,2025-06-30,1929.3695790810461
34684,Pinellas,2025-07-31,1916.130175901711
34684,Pinellas,2025-08-31,1893.340899391773
34684,Pinellas,2025-09-30,1859.2343303525547
34684,Pinellas,2025-10-31,1841.0669703767596
34684,Pinellas,2025-11-30,1815.1814456167035
34684,Pinellas,2025-12-31,1811.5002639903882
34684,Pinellas,2026-01-31,1838.6260872456724
34684,Pinellas,2026-02-28,1864.771968553446
34684,Pinellas,2026-03-31,1858.078146823285
34684,Pinellas,2026-04-30,1856.1161778529085
34684,Pinellas,2026-05-31,1876.3437771940846
34684,Pinellas,2026-06-30,1892.2680652680654
33755,Pinellas,2016-05-31,1097.9454395001123
33755,Pinellas,2016-06-30,1087.2156925948364
33755,Pinellas,2016-07-31,1081.4085235871096
33755,Pinellas,2016-08-31,1082.7831152907356
33755,Pinellas,2016-09-30,1124.1592814341598
33755,Pinellas,2016-10-31,1128.720126105155
33755,Pinellas,2016-11-30,1125.4040279188068
33755,Pinellas,2016-12-31,1125.330222665301
33755,Pinellas,2017-01-31,1127.1989397985733
33755,Pinellas,2017-02-28,1130.812436265016
33755,Pinellas,2017-03-31,1124.3734788623894
33755,Pinellas,2017-04-30,1125.6561184468753
33755,Pinellas,2017-05-31,1150.3783613943126
33755,Pinellas,2017-06-30,1151.696373089803
33755,Pinellas,2017-07-31,1167.550919796353
33755,Pinellas,2017-08-31,1161.6698116998552
33755,Pinellas,2017-09-30,1152.716301000587
33755,Pinellas,2017-10-31,1172.6279177410565
33755,Pinellas,2017-11-30,1178.060426609115
33755,Pinellas,2017-12-31,1198.4092719861835
33755,Pinellas,2018-01-31,1186.460419053534
33755,Pinellas,2018-02-28,1191.0178419532112
33755,Pinellas,2018-03-31,1193.8923185223803
33755,Pinellas,2018-04-30,1225.9885344557022
33755,Pinellas,2018-05-31,1237.6480808401554
33755,Pinellas,2018-06-30,1238.9893758613068
33755,Pinellas,2018-07-31,1220.1524652109051
33755,Pinellas,2018-08-31,1231.6838049831142
33755,Pinellas,2018-09-30,1233.9114028875604
33755,Pinellas,2018-10-31,1240.9589409201078
33755,Pinellas,2018-11-30,1232.0568938676931
33755,Pinellas,2018-12-31,1266.9492297619522
33755,Pinellas,2019-01-31,1264.6806577336483
33755,Pinellas,2019-02-28,1272.736784012185
33755,Pinellas,2019-03-31,1263.268392240368
33755,Pinellas,2019-04-30,1286.5322186754802
33755,Pinellas,2019-05-31,1293.4616069359422
33755,Pinellas,2019-06-30,1295.2768438579308
33755,Pinellas,2019-07-31,1287.3087433758287
33755,Pinellas,2019-08-31,1288.8668341070827
33755,Pinellas,2019-09-30,1291.760421582611
33755,Pinellas,2019-10-31,1306.4904662438141
33755,Pinellas,2019-11-30,1305.3983792404626
33755,Pinellas,2019-12-31,1304.4181853294142
33755,Pinellas,2020-01-31,1295.8568041260048
33755,Pinellas,2020-02-29,1315.7992551621066
33755,Pinellas,2020-03-31,1315.060627636389
33755,Pinellas,2020-04-30,1325.195610959617
33755,Pinellas,2020-05-31,1321.1408861102316
33755,Pinellas,2020-06-30,1339.4839536670531
33755,Pinellas,2020-07-31,1365.1898382484235
33755,Pinellas,2020-08-31,1391.161757103695
33755,Pinellas,2020-09-30,1392.3409768325273
33755,Pinellas,2020-10-31,1388.0262142883505
33755,Pinellas,2020-11-30,1390.36376009822
33755,Pinellas,2020-12-31,1399.673747859522
33755,Pinellas,2021-01-31,1378.8976583509534
33755,Pinellas,2021-02-28,1392.4692120222314
33755,Pinellas,2021-03-31,1454.1113308805348
33755,Pinellas,2021-04-30,1524.9260124983887
33755,Pinellas,2021-05-31,1544.5713984245147
33755,Pinellas,2021-06-30,1539.002324167887
33755,Pinellas,2021-07-31,1555.4000119977632
33755,Pinellas,2021-08-31,1627.9541496662087
33755,Pinellas,2021-09-30,1666.749323971157
33755,Pinellas,2021-10-31,1731.2945971925571
33755,Pinellas,2021-11-30,1738.03230135067
33755,Pinellas,2021-12-31,1755.8539644508387
33755,Pinellas,2022-01-31,1790.4996704567832
33755,Pinellas,2022-02-28,1820.6922947242497
33755,Pinellas,2022-03-31,1855.8819402187974
33755,Pinellas,2022-04-30,1851.309153565732
33755,Pinellas,2022-05-31,1890.5388216122674
33755,Pinellas,2022-06-30,1934.246768833771
33755,Pinellas,2022-07-31,1980.5034959088418
33755,Pinellas,2022-08-31,1996.383695920413
33755,Pinellas,2022-09-30,2000.7495782443714
33755,Pinellas,2022-10-31,1985.141393935264
33755,Pinellas,2022-11-30,2001.2475391882215
33755,Pinellas,2022-12-31,1999.362862740761
33755,Pinellas,2023-01-31,2004.1078039815834
33755,Pinellas,2023-02-28,1980.7332866881338
33755,Pinellas,2023-03-31,2010.4813474535315
33755,Pinellas,2023-04-30,2024.6753881607895
33755,Pinellas,2023-05-31,2030.3261230976307
33755,Pinellas,2023-06-30,2053.6852137600404
33755,Pinellas,2023-07-31,2051.1366965471284
33755,Pinellas,2023-08-31,2061.857676378573
33755,Pinellas,2023-09-30,2038.1882442348945
33755,Pinellas,2023-10-31,2025.0491929925456
33755,Pinellas,2023-11-30,2005.5929217463288
33755,Pinellas,2023-12-31,2012.7754566755032
33755,Pinellas,2024-01-31,2063.708849208392
33755,Pinellas,2024-02-29,2114.635617901416
33755,Pinellas,2024-03-31,2133.1538655140903
33755,Pinellas,2024-04-30,2141.13701215273
33755,Pinellas,2024-05-31,2127.9447845367713
33755,Pinellas,2024-06-30,2117.75047038949
33755,Pinellas,2024-07-31,2096.1643276637183
33755,Pinellas,2024-08-31,2088.5323253293222
33755,Pinellas,2024-09-30,2120.7160677365787
33755,Pinellas,2024-10-31,2172.297285977672
33755,Pinellas,2024-11-30,2195.5334581447596
33755,Pinellas,2024-12-31,2162.2404151280753
33755,Pinellas,2025-01-31,2147.2321793815418
33755,Pinellas,2025-02-28,2190.361742500605
33755,Pinellas,2025-03-31,2235.935921187411
33755,Pinellas,2025-04-30,2224.7239803250113
33755,Pinellas,2025-05-31,2226.7415584678856
33755,Pinellas,2025-06-30,2231.794882293139
33755,Pinellas,2025-07-31,2208.8309738891826
33755,Pinellas,2025-08-31,2184.145742612924
33755,Pinellas,2025-09-30,2168.652244181672
33755,Pinellas,2025-10-31,2193.8238826259158
33755,Pinellas,2025-11-30,2180.9571715701836
33755,Pinellas,2025-12-31,2173.62532154782
33755,Pinellas,2026-01-31,2182.2367225547414
33755,Pinellas,2026-02-28,2193.427488893394
33755,Pinellas,2026-03-31,2202.2637521335714
33755,Pinellas,2026-04-30,2197.9723102795224
33755,Pinellas,2026-05-31,2193.9858961685136
33755,Pinellas,2026-06-30,2189.0760683760686
33781,Pinellas,2022-01-31,1852.3486512199977
33781,Pinellas,2022-02-28,1869.7253500475115
33781,Pinellas,2022-03-31,1892.109470081415
33781,Pinellas,2022-04-30,1894.1170829761534
33781,Pinellas,2022-05-31,1939.9047554449805
33781,Pinellas,2022-06-30,1981.6005981046633
33781,Pinellas,2022-07-31,2023.376852040345
33781,Pinellas,2022-08-31,2019.4548724359925
33781,Pinellas,2022-09-30,1986.613627230102
33781,Pinellas,2022-10-31,1974.1163302643058
33781,Pinellas,2022-11-30,1955.2959406074654
33781,Pinellas,2022-12-31,1988.4920736034865
33781,Pinellas,2023-01-31,1997.4507453264237
33781,Pinellas,2023-02-28,2005.594616511835
33781,Pinellas,2023-03-31,1999.633726818986
33781,Pinellas,2023-04-30,1992.872381554626
33781,Pinellas,2023-05-31,1984.4266633702882
33781,Pinellas,2023-06-30,2021.8433863868174
33781,Pinellas,2023-07-31,2056.7994532648113
33781,Pinellas,2023-08-31,2078.7226748421863
33781,Pinellas,2023-09-30,2044.81455328088
33781,Pinellas,2023-10-31,2011.1791611034316
33781,Pinellas,2023-11-30,1963.0262657984754
33781,Pinellas,2023-12-31,1946.8984892455346
33781,Pinellas,2024-01-31,1947.7485438817625
33781,Pinellas,2024-02-29,1986.840883065587
33781,Pinellas,2024-03-31,2001.5335250467883
33781,Pinellas,2024-04-30,2019.4644182407183
33781,Pinellas,2024-05-31,2037.243709997737
33781,Pinellas,2024-06-30,2049.046580615344
33781,Pinellas,2024-07-31,2048.393614755286
33781,Pinellas,2024-08-31,2045.9240802670734
33781,Pinellas,2024-09-30,2032.676031247716
33781,Pinellas,2024-10-31,2049.704988958085
33781,Pinellas,2024-11-30,2052.9520969281275
33781,Pinellas,2024-12-31,2087.8497192631166
33781,Pinellas,2025-01-31,2079.8807170802806
33781,Pinellas,2025-02-28,2114.0316242279036
33781,Pinellas,2025-03-31,2109.781008221111
33781,Pinellas,2025-04-30,2137.194590464959
33781,Pinellas,2025-05-31,2118.305416951692
33781,Pinellas,2025-06-30,2114.961494077407
33781,Pinellas,2025-07-31,2090.752009634492
33781,Pinellas,2025-08-31,2071.269051222152
33781,Pinellas,2025-09-30,2077.9704077706815
33781,Pinellas,2025-10-31,2087.2935311296824
33781,Pinellas,2025-11-30,2077.290799917258
33781,Pinellas,2025-12-31,2057.3634910630503
33781,Pinellas,2026-01-31,2041.272229663549
33781,Pinellas,2026-02-28,2048.6611343983527
33781,Pinellas,2026-03-31,2046.011523565832
33781,Pinellas,2026-04-30,2038.5583667573098
33781,Pinellas,2026-05-31,2049.6369602121204
33781,Pinellas,2026-06-30,2046.4079772079774
33569,Hillsborough,2015-01-31,1184.6374386422679
33569,Hillsborough,2015-02-28,1194.6884723785126
33569,Hillsborough,2015-03-31,1211.9697905259736
33569,Hillsborough,2015-04-30,1223.5016095187366
33569,Hillsborough,2015-05-31,1233.8615092890402
33569,Hillsborough,2015-06-30,1235.636798131232
33569,Hillsborough,2015-07-31,1239.6865678242361
33569,Hillsborough,2015-08-31,1241.8018872191142
33569,Hillsborough,2015-09-30,1244.3466577740337
33569,Hillsborough,2015-10-31,1258.1052199721125
33569,Hillsborough,2015-11-30,1253.1564865517248
33569,Hillsborough,2015-12-31,1263.0195696382812
33569,Hillsborough,2016-01-31,1244.2346970396213
33569,Hillsborough,2016-02-29,1252.894971841744
33569,Hillsborough,2016-03-31,1243.2020506901054
33569,Hillsborough,2016-04-30,1253.9605391183793
33569,Hillsborough,2016-05-31,1268.2176855727987
33569,Hillsborough,2016-06-30,1272.3171004485898
33569,Hillsborough,2016-07-31,1278.6133636831935
33569,Hillsborough,2016-08-31,1281.99975743908
33569,Hillsborough,2016-09-30,1284.9451723966733
33569,Hillsborough,2016-10-31,1275.2706763756514
33569,Hillsborough,2016-11-30,1275.2706275502323
33569,Hillsborough,2016-12-31,1280.6685275864495
33569,Hillsborough,2017-01-31,1294.8108688253444
33569,Hillsborough,2017-02-28,1291.1789078343063
33569,Hillsborough,2017-03-31,1304.5360814461385
33569,Hillsborough,2017-04-30,1312.0355079877127
33569,Hillsborough,2017-05-31,1328.5591777692412
33569,Hillsborough,2017-06-30,1338.6858511581013
33569,Hillsborough,2017-07-31,1347.33832420373
33569,Hillsborough,2017-08-31,1332.5647526268292
33569,Hillsborough,2017-09-30,1315.4916157523471
33569,Hillsborough,2017-10-31,1312.1667172856137
33569,Hillsborough,2017-11-30,1321.8415091975646
33569,Hillsborough,2017-12-31,1339.157279755425
33569,Hillsborough,2018-01-31,1337.8980178874895
33569,Hillsborough,2018-02-28,1338.1701653937348
33569,Hillsborough,2018-03-31,1345.6848317814074
33569,Hillsborough,2018-04-30,1361.7370897112987
33569,Hillsborough,2018-05-31,1376.2118316717404
33569,Hillsborough,2018-06-30,1379.7206679485632
33569,Hillsborough,2018-07-31,1381.3772795031953
33569,Hillsborough,2018-08-31,1377.6981422198646
33569,Hillsborough,2018-09-30,1360.882423732252
33569,Hillsborough,2018-10-31,1364.6894478896545
33569,Hillsborough,2018-11-30,1366.6728506860884
33569,Hillsborough,2018-12-31,1385.9047365448869
33569,Hillsborough,2019-01-31,1379.3622830680154
33569,Hillsborough,2019-02-28,1395.4132593666413
33569,Hillsborough,2019-03-31,1413.9564194582158
33569,Hillsborough,2019-04-30,1423.0305408681927
33569,Hillsborough,2019-05-31,1429.9477731041943
33569,Hillsborough,2019-06-30,1427.2897656049029
33569,Hillsborough,2019-07-31,1439.8535008618767
33569,Hillsborough,2019-08-31,1447.5209301797781
33569,Hillsborough,2019-09-30,1443.8833883742832
33569,Hillsborough,2019-10-31,1432.989327223231
33569,Hillsborough,2019-11-30,1411.7884825735691
33569,Hillsborough,2019-12-31,1418.7220241430425
33569,Hillsborough,2020-01-31,1421.0017216236727
33569,Hillsborough,2020-02-29,1453.397744660698
33569,Hillsborough,2020-03-31,1469.8299772062505
33569,Hillsborough,2020-04-30,1493.8518166025488
33569,Hillsborough,2020-05-31,1494.747653937576
33569,Hillsborough,2020-06-30,1505.6693670318084
33569,Hillsborough,2020-07-31,1517.0154213537107
33569,Hillsborough,2020-08-31,1527.5001828683885
33569,Hillsborough,2020-09-30,1517.5625273426622
33569,Hillsborough,2020-10-31,1511.688349583975
33569,Hillsborough,2020-11-30,1517.4355913146742
33569,Hillsborough,2020-12-31,1542.1425873916814
33569,Hillsborough,2021-01-31,1576.4861726565987
33569,Hillsborough,2021-02-28,1584.6688652795203
33569,Hillsborough,2021-03-31,1602.7060559321085
33569,Hillsborough,2021-04-30,1627.5818135648162
33569,Hillsborough,2021-05-31,1709.5353381597708
33569,Hillsborough,2021-06-30,1756.4139572522556
33569,Hillsborough,2021-07-31,1805.87721084944
33569,Hillsborough,2021-08-31,1811.3056632186288
33569,Hillsborough,2021-09-30,1832.7002905071558
33569,Hillsborough,2021-10-31,1844.5540105839527
33569,Hillsborough,2021-11-30,1871.4427243650946
33569,Hillsborough,2021-12-31,1911.852123272259
33569,Hillsborough,2022-01-31,1909.3189350941573
33569,Hillsborough,2022-02-28,1932.149289105267
33569,Hillsborough,2022-03-31,1934.5544384679824
33569,Hillsborough,2022-04-30,2000.3016371614217
33569,Hillsborough,2022-05-31,2001.3382579892607
33569,Hillsborough,2022-06-30,2070.952148858281
33569,Hillsborough,2022-07-31,2077.4346903266846
33569,Hillsborough,2022-08-31,2109.3717864120927
33569,Hillsborough,2022-09-30,2049.5890204455027
33569,Hillsborough,2022-10-31,2084.4637519482244
33569,Hillsborough,2022-11-30,2074.4232593241354
33569,Hillsborough,2022-12-31,2081.7732568309298
33569,Hillsborough,2023-01-31,2049.38392941695
33569,Hillsborough,2023-02-28,2054.093616944164
33569,Hillsborough,2023-03-31,2085.315192935717
33569,Hillsborough,2023-04-30,2111.006987017822
33569,Hillsborough,2023-05-31,2164.1016321263305
33569,Hillsborough,2023-06-30,2176.736617098744
33569,Hillsborough,2023-07-31,2131.6218109416404
33569,Hillsborough,2023-08-31,2115.2674483385545
33569,Hillsborough,2023-09-30,2115.7748476484558
33569,Hillsborough,2023-10-31,2171.444159172508
33569,Hillsborough,2023-11-30,2159.743962915264
33569,Hillsborough,2023-12-31,2149.7678629438333
33569,Hillsborough,2024-01-31,2145.632893650755
33569,Hillsborough,2024-02-29,2150.01086240617
33569,Hillsborough,2024-03-31,2168.531685696873
33569,Hillsborough,2024-04-30,2142.1871927327575
33569,Hillsborough,2024-05-31,2141.9038916959935
33569,Hillsborough,2024-06-30,2151.4695832595303
33569,Hillsborough,2024-07-31,2191.3273150234745
33569,Hillsborough,2024-08-31,2203.4383722342486
33569,Hillsborough,2024-09-30,2193.8747832552467
33569,Hillsborough,2024-10-31,2164.7718371660953
33569,Hillsborough,2024-11-30,2170.154929318174
33569,Hillsborough,2024-12-31,2204.824896116259
33569,Hillsborough,2025-01-31,2240.307850317437
33569,Hillsborough,2025-02-28,2231.5897887350598
33569,Hillsborough,2025-03-31,2266.7934921985516
33569,Hillsborough,2025-04-30,2279.931613355396
33569,Hillsborough,2025-05-31,2317.7367697754025
33569,Hillsborough,2025-06-30,2281.65076275261
33569,Hillsborough,2025-07-31,2281.250857617275
33569,Hillsborough,2025-08-31,2253.8194217444448
33569,Hillsborough,2025-09-30,2238.309499009908
33569,Hillsborough,2025-10-31,2270.858987941758
33569,Hillsborough,2025-11-30,2293.168457236464
33569,Hillsborough,2025-12-31,2312.758630629119
33569,Hillsborough,2026-01-31,2278.8387980005928
33569,Hillsborough,2026-02-28,2296.3296903572195
33569,Hillsborough,2026-03-31,2313.934900564886
33569,Hillsborough,2026-04-30,2313.764342473336
33569,Hillsborough,2026-05-31,2307.5563693647036
33569,Hillsborough,2026-06-30,2318.7435897435894
33563,Hillsborough,2020-07-31,1222.257130951097
33563,Hillsborough,2020-08-31,1236.7895231550613
33563,Hillsborough,2020-09-30,1208.425911560827
33563,Hillsborough,2020-10-31,1228.6815083868553
33563,Hillsborough,2020-11-30,1218.3796757444418
33563,Hillsborough,2020-12-31,1228.6530417429296
33563,Hillsborough,2021-01-31,1251.745846548081
33563,Hillsborough,2021-02-28,1276.0963921401021
33563,Hillsborough,2021-03-31,1303.748444967276
33563,Hillsborough,2021-04-30,1312.761394383747
33563,Hillsborough,2021-05-31,1338.3323968818565
33563,Hillsborough,2021-06-30,1374.795272359448
33563,Hillsborough,2021-07-31,1394.4072764005084
33563,Hillsborough,2021-08-31,1447.142492131041
33563,Hillsborough,2021-09-30,1469.4412755127846
33563,Hillsborough,2021-10-31,1518.7937232955505
33563,Hillsborough,2021-11-30,1531.4295184325779
33563,Hillsborough,2021-12-31,1558.3227788494805
33563,Hillsborough,2022-01-31,1576.3849599522928
33563,Hillsborough,2022-02-28,1593.2610352402132
33563,Hillsborough,2022-03-31,1577.5551483047614
33563,Hillsborough,2022-04-30,1559.2379438542644
33563,Hillsborough,2022-05-31,1541.054461467885
33563,Hillsborough,2022-06-30,1574.9160687925819
33563,Hillsborough,2022-07-31,1595.3269582511812
33563,Hillsborough,2022-08-31,1606.5544737182338
33563,Hillsborough,2022-09-30,1617.450231058917
33563,Hillsborough,2022-10-31,1654.0962092722398
33563,Hillsborough,2022-11-30,1671.2648656509105
33563,Hillsborough,2022-12-31,1663.748866957422
33563,Hillsborough,2023-01-31,1627.3632538847135
33563,Hillsborough,2023-02-28,1656.9965894198363
33563,Hillsborough,2023-03-31,1670.5747084769682
33563,Hillsborough,2023-04-30,1666.3482944638486
33563,Hillsborough,2023-05-31,1660.3528774564663
33563,Hillsborough,2023-06-30,1653.5138244984266
33563,Hillsborough,2023-07-31,1642.348842451686
33563,Hillsborough,2023-08-31,1637.825173010605
33563,Hillsborough,2023-09-30,1649.7223882813037
33563,Hillsborough,2023-10-31,1673.3632723767048
33563,Hillsborough,2023-11-30,1688.7971665167897
33563,Hillsborough,2023-12-31,1683.5219192154245
33563,Hillsborough,2024-01-31,1700.977132709944
33563,Hillsborough,2024-02-29,1699.58201904502
33563,Hillsborough,2024-03-31,1698.2534435233943
33563,Hillsborough,2024-04-30,1708.763593812804
33563,Hillsborough,2024-05-31,1709.583076867006
33563,Hillsborough,2024-06-30,1720.1435417951288
33563,Hillsborough,2024-07-31,1707.1970313592342
33563,Hillsborough,2024-08-31,1696.1038764829987
33563,Hillsborough,2024-09-30,1690.0965500977147
33563,Hillsborough,2024-10-31,1698.0837759684005
33563,Hillsborough,2024-11-30,1706.843711138669
33563,Hillsborough,2024-12-31,1727.1334597700566
33563,Hillsborough,2025-01-31,1710.0965458000805
33563,Hillsborough,2025-02-28,1707.274773647777
33563,Hillsborough,2025-03-31,1713.7167371036721
33563,Hillsborough,2025-04-30,1728.4067779397542
33563,Hillsborough,2025-05-31,1733.9713113605721
33563,Hillsborough,2025-06-30,1703.9777318657239
33563,Hillsborough,2025-07-31,1695.0973381821025
33563,Hillsborough,2025-08-31,1701.7580160649727
33563,Hillsborough,2025-09-30,1735.695807756763
33563,Hillsborough,2025-10-31,1727.0027114969744
33563,Hillsborough,2025-11-30,1710.65156441722
33563,Hillsborough,2025-12-31,1690.8842144636583
33563,Hillsborough,2026-01-31,1713.7989492943082
33563,Hillsborough,2026-02-28,1715.7704087913185
33563,Hillsborough,2026-03-31,1704.7874722751492
33563,Hillsborough,2026-04-30,1690.6419724765624
33563,Hillsborough,2026-05-31,1685.7313941335185
33563,Hillsborough,2026-06-30,1683.5595238095239
33703,Pinellas,2015-05-31,1066.1454034389988
33703,Pinellas,2015-06-30,1087.5386946054716
33703,Pinellas,2015-07-31,1104.8130312314252
33703,Pinellas,2015-08-31,1111.1849275452118
33703,Pinellas,2015-09-30,1103.8727261595857
33703,Pinellas,2015-10-31,1082.3355048724331
33703,Pinellas,2015-11-30,1092.8521106218486
33703,Pinellas,2015-12-31,1105.335334677292
33703,Pinellas,2016-01-31,1106.2767531892662
33703,Pinellas,2016-02-29,1110.9401428291706
33703,Pinellas,2016-03-31,1113.6517309222572
33703,Pinellas,2016-04-30,1118.3800578772614
33703,Pinellas,2016-05-31,1126.0897694942928
33703,Pinellas,2016-06-30,1152.5738693372057
33703,Pinellas,2016-07-31,1199.3561997345846
33703,Pinellas,2016-08-31,1218.4273015073063
33703,Pinellas,2016-09-30,1204.4750555638652
33703,Pinellas,2016-10-31,1195.1139610756522
33703,Pinellas,2016-11-30,1192.1314621216643
33703,Pinellas,2016-12-31,1190.5430265042057
33703,Pinellas,2017-01-31,1182.3197641270283
33703,Pinellas,2017-02-28,1192.295531879258
33703,Pinellas,2017-03-31,1196.0694477925247
33703,Pinellas,2017-04-30,1209.3374177585715
33703,Pinellas,2017-05-31,1202.1199128734743
33703,Pinellas,2017-06-30,1229.0374253197754
33703,Pinellas,2017-07-31,1240.929507715335
33703,Pinellas,2017-08-31,1261.906629534999
33703,Pinellas,2017-09-30,1264.3229915548561
33703,Pinellas,2017-10-31,1262.7369959392677
33703,Pinellas,2017-11-30,1260.784788444731
33703,Pinellas,2017-12-31,1270.9794329324254
33703,Pinellas,2018-01-31,1252.8741896993338
33703,Pinellas,2018-02-28,1249.7182567062407
33703,Pinellas,2018-03-31,1243.3959518247425
33703,Pinellas,2018-04-30,1267.572954559563
33703,Pinellas,2018-05-31,1301.6685452584227
33703,Pinellas,2018-06-30,1321.0405419072613
33703,Pinellas,2018-07-31,1337.184760118805
33703,Pinellas,2018-08-31,1319.8549969936018
33703,Pinellas,2018-09-30,1323.630284734009
33703,Pinellas,2018-10-31,1338.3600083766846
33703,Pinellas,2018-11-30,1337.0644545510872
33703,Pinellas,2018-12-31,1338.5423471716435
33703,Pinellas,2019-01-31,1339.4178622533207
33703,Pinellas,2019-02-28,1355.6608724238474
33703,Pinellas,2019-03-31,1372.9807280452985
33703,Pinellas,2019-04-30,1378.034695126124
33703,Pinellas,2019-05-31,1409.284999334036
33703,Pinellas,2019-06-30,1419.3811731250094
33703,Pinellas,2019-07-31,1447.7233950915715
33703,Pinellas,2019-08-31,1452.787800471677
33703,Pinellas,2019-09-30,1468.5392091905926
33703,Pinellas,2019-10-31,1438.937880828641
33703,Pinellas,2019-11-30,1436.6309671147235
33703,Pinellas,2019-12-31,1421.769598921164
33703,Pinellas,2020-01-31,1434.316941791645
33703,Pinellas,2020-02-29,1449.5976156034528
33703,Pinellas,2020-03-31,1484.6054841022083
33703,Pinellas,2020-04-30,1484.6561244892855
33703,Pinellas,2020-05-31,1473.4719616010475
33703,Pinellas,2020-06-30,1461.35508248487
33703,Pinellas,2020-07-31,1502.0378073392599
33703,Pinellas,2020-08-31,1522.9592845283946
33703,Pinellas,2020-09-30,1520.9360432573446
33703,Pinellas,2020-10-31,1520.2014560820235
33703,Pinellas,2020-11-30,1537.303338779332
33703,Pinellas,2020-12-31,1540.4712196529943
33703,Pinellas,2021-01-31,1573.4730728087607
33703,Pinellas,2021-02-28,1594.6314675635879
33703,Pinellas,2021-03-31,1642.4288584732706
33703,Pinellas,2021-04-30,1683.7733386740522
33703,Pinellas,2021-05-31,1688.754823162771
33703,Pinellas,2021-06-30,1746.6323190044975
33703,Pinellas,2021-07-31,1802.6722839063443
33703,Pinellas,2021-08-31,1892.3520276932156
33703,Pinellas,2021-09-30,1948.7406943396313
33703,Pinellas,2021-10-31,1950.702351551352
33703,Pinellas,2021-11-30,1966.1545969192284
33703,Pinellas,2021-12-31,1967.9907613068262
33703,Pinellas,2022-01-31,2010.1985469356096
33703,Pinellas,2022-02-28,2072.5859786742126
33703,Pinellas,2022-03-31,2131.7077380113715
33703,Pinellas,2022-04-30,2161.1938579395382
33703,Pinellas,2022-05-31,2124.8166774747415
33703,Pinellas,2022-06-30,2140.489488447208
33703,Pinellas,2022-07-31,2117.6477298240147
33703,Pinellas,2022-08-31,2153.71830572589
33703,Pinellas,2022-09-30,2140.314238582008
33703,Pinellas,2022-10-31,2188.6326003343215
33703,Pinellas,2022-11-30,2248.514692955781
33703,Pinellas,2022-12-31,2270.5923632148347
33703,Pinellas,2023-01-31,2237.119326818646
33703,Pinellas,2023-02-28,2207.513394795177
33703,Pinellas,2023-03-31,2221.2486245557875
33703,Pinellas,2023-04-30,2246.070221205785
33703,Pinellas,2023-05-31,2245.4055140613964
33703,Pinellas,2023-06-30,2218.1904415256863
33703,Pinellas,2023-07-31,2261.7184728987613
33703,Pinellas,2023-08-31,2296.809481108357
33703,Pinellas,2023-09-30,2336.549305479644
33703,Pinellas,2023-10-31,2331.225066435731
33703,Pinellas,2023-11-30,2338.02747987135
33703,Pinellas,2023-12-31,2337.1574358481494
33703,Pinellas,2024-01-31,2354.6431906808843
33703,Pinellas,2024-02-29,2365.5499006244936
33703,Pinellas,2024-03-31,2377.30793840809
33703,Pinellas,2024-04-30,2363.5389344631562
33703,Pinellas,2024-05-31,2365.1528236822996
33703,Pinellas,2024-06-30,2353.688669604004
33703,Pinellas,2024-07-31,2378.341498141117
33703,Pinellas,2024-08-31,2374.6530596677167
33703,Pinellas,2024-09-30,2403.476191878127
33703,Pinellas,2024-10-31,2438.6043135847876
33703,Pinellas,2024-11-30,2437.8724611245602
33703,Pinellas,2024-12-31,2462.1114891800125
33703,Pinellas,2025-01-31,2406.6796829367136
33703,Pinellas,2025-02-28,2493.3594523951256
33703,Pinellas,2025-03-31,2508.839853212146
33703,Pinellas,2025-04-30,2579.7532185995456
33703,Pinellas,2025-05-31,2544.949822211454
33703,Pinellas,2025-06-30,2529.870169915546
33703,Pinellas,2025-07-31,2531.4153410223703
33703,Pinellas,2025-08-31,2495.9357515212614
33703,Pinellas,2025-09-30,2492.7895220146097
33703,Pinellas,2025-10-31,2450.2870683892443
33703,Pinellas,2025-11-30,2438.634502550327
33703,Pinellas,2025-12-31,2468.0802663767286
33703,Pinellas,2026-01-31,2514.9386130633534
33703,Pinellas,2026-02-28,2573.0313521012986
33703,Pinellas,2026-03-31,2565.4515140962585
33703,Pinellas,2026-04-30,2587.078335778644
33703,Pinellas,2026-05-31,2555.359468191543
33703,Pinellas,2026-06-30,2581.2155067155068
33598,Hillsborough,2023-01-31,2215.95377787705
33598,Hillsborough,2023-02-28,2233.208138324749
33598,Hillsborough,2023-03-31,2271.9270455674305
33598,Hillsborough,2023-04-30,2279.694489564833
33598,Hillsborough,2023-05-31,2274.5831204962624
33598,Hillsborough,2023-06-30,2309.9120907322667
33598,Hillsborough,2023-07-31,2321.579586877619
33598,Hillsborough,2023-08-31,2321.144260813303
33598,Hillsborough,2023-09-30,2285.4904219867462
33598,Hillsborough,2023-10-31,2266.5935805425197
33598,Hillsborough,2023-11-30,2245.4525954686655
33598,Hillsborough,2023-12-31,2238.785250060414
33598,Hillsborough,2024-01-31,2242.4263428928007
33598,Hillsborough,2024-02-29,2278.5889190539733
33598,Hillsborough,2024-03-31,2345.026534172051
33598,Hillsborough,2024-04-30,2395.7551291540212
33598,Hillsborough,2024-05-31,2388.11992377058
33598,Hillsborough,2024-06-30,2343.518092007131
33598,Hillsborough,2024-07-31,2343.744698244749
33598,Hillsborough,2024-08-31,2345.222423746667
33598,Hillsborough,2024-09-30,2360.138915668843
33598,Hillsborough,2024-10-31,2348.532738639807
33598,Hillsborough,2024-11-30,2349.618437623647
33598,Hillsborough,2024-12-31,2348.912739551874
33598,Hillsborough,2025-01-31,2352.9579631883016
33598,Hillsborough,2025-02-28,2383.2759074373103
33598,Hillsborough,2025-03-31,2380.8749478752657
33598,Hillsborough,2025-04-30,2388.815264005803
33598,Hillsborough,2025-05-31,2375.548265427751
33598,Hillsborough,2025-06-30,2391.6676544928914
33598,Hillsborough,2025-07-31,2389.9704847758703
33598,Hillsborough,2025-08-31,2369.135894058361
33598,Hillsborough,2025-09-30,2379.138751056152
33598,Hillsborough,2025-10-31,2351.3368723596654
33598,Hillsborough,2025-11-30,2350.823751842015
33598,Hillsborough,2025-12-31,2297.581596084495
33598,Hillsborough,2026-01-31,2305.264578973106
33598,Hillsborough,2026-02-28,2303.797209965028
33598,Hillsborough,2026-03-31,2321.7394489278404
33598,Hillsborough,2026-04-30,2324.7740597932548
33598,Hillsborough,2026-05-31,2354.20502361545
33598,Hillsborough,2026-06-30,2374.4184704184704
34652,Pasco,2022-02-28,1274.5884207147508
34652,Pasco,2022-03-31,1257.896186255608
34652,Pasco,2022-04-30,1307.737936740487
34652,Pasco,2022-05-31,1337.2427522355695
34652,Pasco,2022-06-30,1348.9759468867305
34652,Pasco,2022-07-31,1342.9101061944798
34652,Pasco,2022-08-31,1358.5608931419765
34652,Pasco,2022-09-30,1380.527410948391
34652,Pasco,2022-10-31,1426.7955252837999
34652,Pasco,2022-11-30,1448.8399520368787
34652,Pasco,2022-12-31,1458.687873969474
34652,Pasco,2023-01-31,1436.3192171295816
34652,Pasco,2023-02-28,1429.10533503955
34652,Pasco,2023-03-31,1417.5290298448053
34652,Pasco,2023-04-30,1428.4101723851916
34652,Pasco,2023-05-31,1438.2129661013876
34652,Pasco,2023-06-30,1436.6212199756185
34652,Pasco,2023-07-31,1443.0109359999933
34652,Pasco,2023-08-31,1443.6861793693752
34652,Pasco,2023-09-30,1465.0691943426689
34652,Pasco,2023-10-31,1465.4699921727838
34652,Pasco,2023-11-30,1475.2163699770435
34652,Pasco,2023-12-31,1473.2880448727003
34652,Pasco,2024-01-31,1487.3017944750886
34652,Pasco,2024-02-29,1487.9019304483322
34652,Pasco,2024-03-31,1504.1896870070693
34652,Pasco,2024-04-30,1505.1424569297185
34652,Pasco,2024-05-31,1499.2831211933649
34652,Pasco,2024-06-30,1504.8389066874252
34652,Pasco,2024-07-31,1498.3152076548754
34652,Pasco,2024-08-31,1504.843502302836
34652,Pasco,2024-09-30,1507.6242291363355
34652,Pasco,2024-10-31,1507.4144976875511
34652,Pasco,2024-11-30,1522.6147806184756
34652,Pasco,2024-12-31,1544.6921213330234
34652,Pasco,2025-01-31,1546.1140137588125
34652,Pasco,2025-02-28,1539.3883665419844
34652,Pasco,2025-03-31,1530.097316333998
34652,Pasco,2025-04-30,1569.2504332156711
34652,Pasco,2025-05-31,1558.3277442287003
34652,Pasco,2025-06-30,1564.5243468189826
34652,Pasco,2025-07-31,1551.2652692509862
34652,Pasco,2025-08-31,1581.6936723178235
34652,Pasco,2025-09-30,1565.2121160266433
34652,Pasco,2025-10-31,1555.3901313602237
34652,Pasco,2025-11-30,1558.6058683723668
34652,Pasco,2025-12-31,1551.1567121366722
34652,Pasco,2026-01-31,1550.075416322096
34652,Pasco,2026-02-28,1531.034783289747
34652,Pasco,2026-03-31,1540.029630780038
34652,Pasco,2026-04-30,1564.815131742029
34652,Pasco,2026-05-31,1585.3957910152747
34652,Pasco,2026-06-30,1595.276495726496
33573,Hillsborough,2021-09-30,1790.8615239733103
33573,Hillsborough,2021-10-31,1807.7982806365076
33573,Hillsborough,2021-11-30,1788.358306389596
33573,Hillsborough,2021-12-31,1836.3623866492321
33573,Hillsborough,2022-01-31,1863.585364788387
33573,Hillsborough,2022-02-28,1935.7711266870529
33573,Hillsborough,2022-03-31,1942.4111272565
33573,Hillsborough,2022-04-30,1966.638611062676
33573,Hillsborough,2022-05-31,1920.8930657250269
33573,Hillsborough,2022-06-30,1914.4754080605167
33573,Hillsborough,2022-07-31,1949.6298255449506
33573,Hillsborough,2022-08-31,2023.692836882643
33573,Hillsborough,2022-09-30,2066.158047724442
33573,Hillsborough,2022-10-31,2049.4008443716657
33573,Hillsborough,2022-11-30,2026.8794850063236
33573,Hillsborough,2022-12-31,2021.2144063141682
33573,Hillsborough,2023-01-31,2029.5220296672462
33573,Hillsborough,2023-02-28,2070.2987139561747
33573,Hillsborough,2023-03-31,2095.554443363993
33573,Hillsborough,2023-04-30,2115.281543866453
33573,Hillsborough,2023-05-31,2086.6166658599263
33573,Hillsborough,2023-06-30,2060.177765839916
33573,Hillsborough,2023-07-31,2066.356570763246
33573,Hillsborough,2023-08-31,2094.6725810559446
33573,Hillsborough,2023-09-30,2076.609645199108
33573,Hillsborough,2023-10-31,2063.878300612069
33573,Hillsborough,2023-11-30,2042.9387120342703
33573,Hillsborough,2023-12-31,2089.029469996955
33573,Hillsborough,2024-01-31,2096.0948784746015
33573,Hillsborough,2024-02-29,2106.1093013848526
33573,Hillsborough,2024-03-31,2086.472844038137
33573,Hillsborough,2024-04-30,2088.871331454983
33573,Hillsborough,2024-05-31,2093.4587732552795
33573,Hillsborough,2024-06-30,2099.3640889353733
33573,Hillsborough,2024-07-31,2106.543568061783
33573,Hillsborough,2024-08-31,2106.69261989454
33573,Hillsborough,2024-09-30,2088.015471172814
33573,Hillsborough,2024-10-31,2087.267254068673
33573,Hillsborough,2024-11-30,2071.649636130603
33573,Hillsborough,2024-12-31,2063.729680991058
33573,Hillsborough,2025-01-31,2064.750361878555
33573,Hillsborough,2025-02-28,2083.605686999485
33573,Hillsborough,2025-03-31,2121.2424536567178
33573,Hillsborough,2025-04-30,2114.357678304294
33573,Hillsborough,2025-05-31,2124.443532483496
33573,Hillsborough,2025-06-30,2145.1358573340867
33573,Hillsborough,2025-07-31,2159.9827260854668
33573,Hillsborough,2025-08-31,2155.2511683315483
33573,Hillsborough,2025-09-30,2126.279726418574
33573,Hillsborough,2025-10-31,2104.8709977147732
33573,Hillsborough,2025-11-30,2102.0703271797493
33573,Hillsborough,2025-12-31,2090.679537110993
33573,Hillsborough,2026-01-31,2154.2788145255463
33573,Hillsborough,2026-02-28,2158.3372252292156
33573,Hillsborough,2026-03-31,2181.4501657619494
33573,Hillsborough,2026-04-30,2134.1867390377083
33573,Hillsborough,2026-05-31,2144.7101188197485
33573,Hillsborough,2026-06-30,2143.25641025641
33629,Hillsborough,2016-04-30,1490.9977880900128
33629,Hillsborough,2016-05-31,1515.4092001526149
33629,Hillsborough,2016-06-30,1570.9973593566726
33629,Hillsborough,2016-07-31,1561.0627452219435
33629,Hillsborough,2016-08-31,1536.0976225539255
33629,Hillsborough,2016-09-30,1538.0557610963567
33629,Hillsborough,2016-10-31,1544.7752725727855
33629,Hillsborough,2016-11-30,1576.9142883585366
33629,Hillsborough,2016-12-31,1590.4510516646858
33629,Hillsborough,2017-01-31,1600.0851475918494
33629,Hillsborough,2017-02-28,1629.5909351149871
33629,Hillsborough,2017-03-31,1596.2615585732115
33629,Hillsborough,2017-04-30,1640.231462472917
33629,Hillsborough,2017-05-31,1628.409897359247
33629,Hillsborough,2017-06-30,1660.5326681987535
33629,Hillsborough,2017-07-31,1637.9877565482282
33629,Hillsborough,2017-08-31,1625.649034136185
33629,Hillsborough,2017-09-30,1624.3924770098024
33629,Hillsborough,2017-10-31,1616.492483101206
33629,Hillsborough,2017-11-30,1634.2623484075466
33629,Hillsborough,2017-12-31,1669.1102828218698
33629,Hillsborough,2018-01-31,1677.5091590792033
33629,Hillsborough,2018-02-28,1686.3183892122202
33629,Hillsborough,2018-03-31,1675.2139716639379
33629,Hillsborough,2018-04-30,1716.341085764887
33629,Hillsborough,2018-05-31,1749.436022289347
33629,Hillsborough,2018-06-30,1773.5595584428208
33629,Hillsborough,2018-07-31,1771.814139556464
33629,Hillsborough,2018-08-31,1760.7539284962756
33629,Hillsborough,2018-09-30,1730.6087405399674
33629,Hillsborough,2018-10-31,1725.7398023955855
33629,Hillsborough,2018-11-30,1729.6154297314838
33629,Hillsborough,2018-12-31,1744.6250303289326
33629,Hillsborough,2019-01-31,1722.2284606370974
33629,Hillsborough,2019-02-28,1725.9878539691786
33629,Hillsborough,2019-03-31,1768.2809679649938
33629,Hillsborough,2019-04-30,1818.3776779843881
33629,Hillsborough,2019-05-31,1829.5168348698187
33629,Hillsborough,2019-06-30,1831.8234193212847
33629,Hillsborough,2019-07-31,1825.7887489639595
33629,Hillsborough,2019-08-31,1835.878158497451
33629,Hillsborough,2019-09-30,1838.362240145004
33629,Hillsborough,2019-10-31,1826.4868694637037
33629,Hillsborough,2019-11-30,1833.8374396807235
33629,Hillsborough,2019-12-31,1816.02249067231
33629,Hillsborough,2020-01-31,1844.3554332981785
33629,Hillsborough,2020-02-29,1861.5070584661553
33629,Hillsborough,2020-03-31,1896.325290669928
33629,Hillsborough,2020-04-30,1919.58169049357
33629,Hillsborough,2020-05-31,1918.5841448257083
33629,Hillsborough,2020-06-30,1927.0226082975482
33629,Hillsborough,2020-07-31,1906.2549121777554
33629,Hillsborough,2020-08-31,1911.9268645742766
33629,Hillsborough,2020-09-30,1921.590656029068
33629,Hillsborough,2020-10-31,1955.5816023830057
33629,Hillsborough,2020-11-30,1951.6523758194069
33629,Hillsborough,2020-12-31,1951.1815858198588
33629,Hillsborough,2021-01-31,1880.7341374797597
33629,Hillsborough,2021-02-28,1909.7681263729226
33629,Hillsborough,2021-03-31,1935.3986237759584
33629,Hillsborough,2021-04-30,2057.725025224585
33629,Hillsborough,2021-05-31,2081.573389202997
33629,Hillsborough,2021-06-30,2108.5998462834586
33629,Hillsborough,2021-07-31,2153.613445055481
33629,Hillsborough,2021-08-31,2236.881923764025
33629,Hillsborough,2021-09-30,2366.479921116912
33629,Hillsborough,2021-10-31,2450.2250648777162
33629,Hillsborough,2021-11-30,2486.7242019865453
33629,Hillsborough,2021-12-31,2469.366186027342
33629,Hillsborough,2022-01-31,2511.2779847948705
33629,Hillsborough,2022-02-28,2563.1241662019484
33629,Hillsborough,2022-03-31,2593.7050201805805
33629,Hillsborough,2022-04-30,2573.687657394993
33629,Hillsborough,2022-05-31,2624.974601192301
33629,Hillsborough,2022-06-30,2676.8475347358076
33629,Hillsborough,2022-07-31,2720.934580482161
33629,Hillsborough,2022-08-31,2696.501362368364
33629,Hillsborough,2022-09-30,2701.578066591468
33629,Hillsborough,2022-10-31,2678.191129535566
33629,Hillsborough,2022-11-30,2669.344920382641
33629,Hillsborough,2022-12-31,2634.760054873334
33629,Hillsborough,2023-01-31,2646.9594611172215
33629,Hillsborough,2023-02-28,2691.0467175093545
33629,Hillsborough,2023-03-31,2731.0667654744952
33629,Hillsborough,2023-04-30,2740.3421969608344
33629,Hillsborough,2023-05-31,2761.351432340271
33629,Hillsborough,2023-06-30,2757.9896356288946
33629,Hillsborough,2023-07-31,2771.9273283291577
33629,Hillsborough,2023-08-31,2778.6091430306556
33629,Hillsborough,2023-09-30,2774.3082229732227
33629,Hillsborough,2023-10-31,2776.6322916132644
33629,Hillsborough,2023-11-30,2740.4233833801927
33629,Hillsborough,2023-12-31,2809.8993485126534
33629,Hillsborough,2024-01-31,2864.157199586521
33629,Hillsborough,2024-02-29,2905.927989595874
33629,Hillsborough,2024-03-31,2850.8353342964106
33629,Hillsborough,2024-04-30,2853.9628797649516
33629,Hillsborough,2024-05-31,2872.570640215547
33629,Hillsborough,2024-06-30,2874.034574706182
33629,Hillsborough,2024-07-31,2848.4839962853525
33629,Hillsborough,2024-08-31,2811.2099055033905
33629,Hillsborough,2024-09-30,2828.13561349195
33629,Hillsborough,2024-10-31,2917.6434419803877
33629,Hillsborough,2024-11-30,2988.830678899137
33629,Hillsborough,2024-12-31,3070.677717292265
33629,Hillsborough,2025-01-31,3024.8144761320427
33629,Hillsborough,2025-02-28,3004.2245217684517
33629,Hillsborough,2025-03-31,2959.130272365111
33629,Hillsborough,2025-04-30,2958.48766807367
33629,Hillsborough,2025-05-31,2972.101396052269
33629,Hillsborough,2025-06-30,2993.498006364335
33629,Hillsborough,2025-07-31,2971.725049300079
33629,Hillsborough,2025-08-31,2957.9415759573635
33629,Hillsborough,2025-09-30,2915.274500700693
33629,Hillsborough,2025-10-31,2963.4609468996996
33629,Hillsborough,2025-11-30,2952.7929461002545
33629,Hillsborough,2025-12-31,2961.482044708547
33629,Hillsborough,2026-01-31,2910.896117514394
33629,Hillsborough,2026-02-28,2999.977657131655
33629,Hillsborough,2026-03-31,3051.415634670089
33629,Hillsborough,2026-04-30,3098.4934712899203
33629,Hillsborough,2026-05-31,3075.0552360305155
33629,Hillsborough,2026-06-30,3056.27905982906
33770,Pinellas,2017-04-30,924.4884788157462
33770,Pinellas,2017-05-31,927.8182301567685
33770,Pinellas,2017-06-30,938.0901189576657
33770,Pinellas,2017-07-31,926.4413435591182
33770,Pinellas,2017-08-31,933.4768020166257
33770,Pinellas,2017-09-30,918.1551173948634
33770,Pinellas,2017-10-31,925.3871323072553
33770,Pinellas,2017-11-30,925.8391115640397
33770,Pinellas,2017-12-31,930.4256121271163
33770,Pinellas,2018-01-31,942.3273196472028
33770,Pinellas,2018-02-28,956.0410962262915
33770,Pinellas,2018-03-31,969.578467277204
33770,Pinellas,2018-04-30,954.2614030203456
33770,Pinellas,2018-05-31,954.4084626519926
33770,Pinellas,2018-06-30,959.1383426930164
33770,Pinellas,2018-07-31,978.4891933926667
33770,Pinellas,2018-08-31,976.5686563620703
33770,Pinellas,2018-09-30,972.9215930687454
33770,Pinellas,2018-11-30,1005.7920797201635
33770,Pinellas,2018-12-31,1034.3133861737504
33770,Pinellas,2019-01-31,1022.4295447703494
33770,Pinellas,2019-02-28,990.5525224540652
33770,Pinellas,2019-03-31,960.8915520876723
33770,Pinellas,2019-04-30,973.2305188727964
33770,Pinellas,2019-05-31,993.1952050149716
33770,Pinellas,2019-06-30,1017.1345568536512
33770,Pinellas,2019-07-31,1024.133165975368
33770,Pinellas,2019-08-31,1027.2177818129903
33770,Pinellas,2019-09-30,1029.5688643360702
33770,Pinellas,2019-10-31,1029.3796483468943
33770,Pinellas,2019-11-30,1041.3830856291088
33770,Pinellas,2019-12-31,1039.0701033193875
33770,Pinellas,2020-01-31,1043.5056903528923
33770,Pinellas,2020-02-29,1038.251714892589
33770,Pinellas,2020-03-31,1051.2538877798206
33770,Pinellas,2020-04-30,1044.2598319353153
33770,Pinellas,2020-05-31,1045.2735485177886
33770,Pinellas,2020-06-30,1055.1906599874915
33770,Pinellas,2020-07-31,1073.0493273032646
33770,Pinellas,2020-08-31,1096.785371731534
33770,Pinellas,2020-09-30,1101.721281799048
33770,Pinellas,2020-10-31,1116.7379185888724
33770,Pinellas,2020-11-30,1122.3140972258698
33770,Pinellas,2020-12-31,1125.5066879855806
33770,Pinellas,2021-01-31,1123.3436738480525
33770,Pinellas,2021-02-28,1133.1405055007622
33770,Pinellas,2021-03-31,1147.710522865583
33770,Pinellas,2021-04-30,1178.7096105211554
33770,Pinellas,2021-05-31,1198.4183091371729
33770,Pinellas,2021-06-30,1256.2616920973942
33770,Pinellas,2021-07-31,1302.2621173837128
33770,Pinellas,2021-08-31,1359.263597891878
33770,Pinellas,2021-09-30,1381.7392866331968
33770,Pinellas,2021-10-31,1422.7555119437266
33770,Pinellas,2021-11-30,1432.7251015569523
33770,Pinellas,2021-12-31,1481.683745849506
33770,Pinellas,2022-01-31,1481.4081443233329
33770,Pinellas,2022-02-28,1527.4010424127848
33770,Pinellas,2022-03-31,1523.3736174416638
33770,Pinellas,2022-04-30,1530.873228300576
33770,Pinellas,2022-05-31,1545.7813605097679
33770,Pinellas,2022-06-30,1567.2001556177458
33770,Pinellas,2022-07-31,1595.2161688352558
33770,Pinellas,2022-08-31,1588.4425607384871
33770,Pinellas,2022-09-30,1603.222529129561
33770,Pinellas,2022-10-31,1620.7170798958898
33770,Pinellas,2022-11-30,1610.173617299415
33770,Pinellas,2022-12-31,1596.3815093563019
33770,Pinellas,2023-01-31,1592.9061098346504
33770,Pinellas,2023-02-28,1633.344094648329
33770,Pinellas,2023-03-31,1629.9559688266795
33770,Pinellas,2023-04-30,1627.282203286256
33770,Pinellas,2023-05-31,1607.1578465808998
33770,Pinellas,2023-06-30,1629.132136941662
33770,Pinellas,2023-07-31,1618.4147104393337
33770,Pinellas,2023-08-31,1644.6510238207065
33770,Pinellas,2023-09-30,1652.2418750240972
33770,Pinellas,2023-10-31,1682.709059256958
33770,Pinellas,2023-11-30,1665.383312115315
33770,Pinellas,2023-12-31,1659.1854259424197
33770,Pinellas,2024-01-31,1662.0561909120509
33770,Pinellas,2024-02-29,1663.039896593935
33770,Pinellas,2024-03-31,1687.4447336068224
33770,Pinellas,2024-04-30,1673.6686670131007
33770,Pinellas,2024-05-31,1701.008417678872
33770,Pinellas,2024-06-30,1678.0418086301127
33770,Pinellas,2024-07-31,1707.4291727842951
33770,Pinellas,2024-08-31,1699.6201022450718
33770,Pinellas,2024-09-30,1714.920384604185
33770,Pinellas,2024-10-31,1727.6883966357234
33770,Pinellas,2024-11-30,1774.7293343998822
33770,Pinellas,2024-12-31,1804.7574907834623
33770,Pinellas,2025-01-31,1811.6837655385705
33770,Pinellas,2025-02-28,1798.520116737636
33770,Pinellas,2025-03-31,1794.7010506934605
33770,Pinellas,2025-04-30,1786.3170774455582
33770,Pinellas,2025-05-31,1765.9476431200867
33770,Pinellas,2025-06-30,1732.3894449831055
33770,Pinellas,2025-07-31,1713.5992918086718
33770,Pinellas,2025-08-31,1714.0771175696884
33770,Pinellas,2025-09-30,1714.3613439607336
33770,Pinellas,2025-10-31,1728.6084892661652
33770,Pinellas,2025-11-30,1726.7519352114082
33770,Pinellas,2025-12-31,1747.4702746000623
33770,Pinellas,2026-01-31,1760.603719240696
33770,Pinellas,2026-02-28,1757.4573222317665
33770,Pinellas,2026-03-31,1738.6266926372216
33770,Pinellas,2026-04-30,1731.230974797085
33770,Pinellas,2026-05-31,1736.6605986086981
33770,Pinellas,2026-06-30,1744.1566951566954
33547,Hillsborough,2015-01-31,1563.6777887167207
33547,Hillsborough,2015-02-28,1575.4943883627213
33547,Hillsborough,2015-03-31,1572.6940952611058
33547,Hillsborough,2015-04-30,1568.7273927321592
33547,Hillsborough,2015-05-31,1580.724565254208
33547,Hillsborough,2015-06-30,1595.8181477222802
33547,Hillsborough,2015-07-31,1611.534327008407
33547,Hillsborough,2015-08-31,1607.289764128234
33547,Hillsborough,2015-09-30,1600.292511986681
33547,Hillsborough,2015-10-31,1601.0991158289999
33547,Hillsborough,2015-11-30,1607.2674080029287
33547,Hillsborough,2015-12-31,1622.2827649243861
33547,Hillsborough,2016-01-31,1627.58394166785
33547,Hillsborough,2016-02-29,1623.810284893585
33547,Hillsborough,2016-03-31,1606.305681962175
33547,Hillsborough,2016-04-30,1591.2288267605109
33547,Hillsborough,2016-05-31,1601.024230357579
33547,Hillsborough,2016-06-30,1629.6111374644106
33547,Hillsborough,2016-07-31,1655.5194184256736
33547,Hillsborough,2016-08-31,1654.5090580473106
33547,Hillsborough,2016-09-30,1645.1153434802018
33547,Hillsborough,2016-10-31,1639.608633169534
33547,Hillsborough,2016-11-30,1639.5945481737158
33547,Hillsborough,2016-12-31,1646.1163444117963
33547,Hillsborough,2017-01-31,1643.4830168198796
33547,Hillsborough,2017-02-28,1645.616282102733
33547,Hillsborough,2017-03-31,1655.3549057481666
33547,Hillsborough,2017-04-30,1675.901825757845
33547,Hillsborough,2017-05-31,1695.0343197538941
33547,Hillsborough,2017-06-30,1705.6801886612002
33547,Hillsborough,2017-07-31,1718.3378820441826
33547,Hillsborough,2017-08-31,1714.7652831041028
33547,Hillsborough,2017-09-30,1694.2561902759146
33547,Hillsborough,2017-10-31,1674.5376814272252
33547,Hillsborough,2017-11-30,1662.5118809242676
33547,Hillsborough,2017-12-31,1664.5545835686141
33547,Hillsborough,2018-01-31,1666.5139908967587
33547,Hillsborough,2018-02-28,1684.7680086265245
33547,Hillsborough,2018-03-31,1698.478827422103
33547,Hillsborough,2018-04-30,1720.0467962420416
33547,Hillsborough,2018-05-31,1744.892628670696
33547,Hillsborough,2018-06-30,1756.187105752471
33547,Hillsborough,2018-07-31,1751.3493031975254
33547,Hillsborough,2018-08-31,1735.8224293572193
33547,Hillsborough,2018-09-30,1723.7493830434423
33547,Hillsborough,2018-10-31,1717.150027187816
33547,Hillsborough,2018-11-30,1718.289028108388
33547,Hillsborough,2018-12-31,1723.6093856449836
33547,Hillsborough,2019-01-31,1721.6449634503217
33547,Hillsborough,2019-02-28,1733.1350242204892
33547,Hillsborough,2019-03-31,1727.7977684804732
33547,Hillsborough,2019-04-30,1746.8389172561529
33547,Hillsborough,2019-05-31,1748.301711352754
33547,Hillsborough,2019-06-30,1772.0223943242822
33547,Hillsborough,2019-07-31,1764.4799007097631
33547,Hillsborough,2019-08-31,1792.6506417220612
33547,Hillsborough,2019-09-30,1781.5663900971601
33547,Hillsborough,2019-10-31,1798.0744446657434
33547,Hillsborough,2019-11-30,1754.2050833387443
33547,Hillsborough,2019-12-31,1758.625619531073
33547,Hillsborough,2020-01-31,1754.8384993756456
33547,Hillsborough,2020-02-29,1758.6517933073665
33547,Hillsborough,2020-03-31,1767.6236795513555
33547,Hillsborough,2020-04-30,1770.9701239649464
33547,Hillsborough,2020-05-31,1791.0657346065
33547,Hillsborough,2020-06-30,1804.8194918826898
33547,Hillsborough,2020-07-31,1830.4747476123066
33547,Hillsborough,2020-08-31,1838.5951988399381
33547,Hillsborough,2020-09-30,1862.3460716835402
33547,Hillsborough,2020-10-31,1854.9106832772932
33547,Hillsborough,2020-11-30,1857.4208190539011
33547,Hillsborough,2020-12-31,1870.433487098117
33547,Hillsborough,2021-01-31,1892.972826003187
33547,Hillsborough,2021-02-28,1926.3690396001812
33547,Hillsborough,2021-03-31,1922.7927004399446
33547,Hillsborough,2021-04-30,1976.4034480051737
33547,Hillsborough,2021-05-31,2055.0347490452136
33547,Hillsborough,2021-06-30,2151.330418006631
33547,Hillsborough,2021-07-31,2240.710123834508
33547,Hillsborough,2021-08-31,2286.9372899846944
33547,Hillsborough,2021-09-30,2338.8753079750604
33547,Hillsborough,2021-10-31,2290.9984723695807
33547,Hillsborough,2021-11-30,2278.1877158782722
33547,Hillsborough,2021-12-31,2248.357497043093
33547,Hillsborough,2022-01-31,2271.9358656675927
33547,Hillsborough,2022-02-28,2284.2428164621874
33547,Hillsborough,2022-03-31,2313.3597419726084
33547,Hillsborough,2022-04-30,2323.2935374202502
33547,Hillsborough,2022-05-31,2368.5356166553543
33547,Hillsborough,2022-06-30,2406.367815206435
33547,Hillsborough,2022-07-31,2472.7829821764353
33547,Hillsborough,2022-08-31,2486.84721150073
33547,Hillsborough,2022-09-30,2448.246233442375
33547,Hillsborough,2022-10-31,2402.1684834726525
33547,Hillsborough,2022-11-30,2371.1988736617823
33547,Hillsborough,2022-12-31,2401.9769647974554
33547,Hillsborough,2023-01-31,2390.364292901777
33547,Hillsborough,2023-02-28,2408.8417654213404
33547,Hillsborough,2023-03-31,2417.2000556383064
33547,Hillsborough,2023-04-30,2467.4036331054263
33547,Hillsborough,2023-05-31,2476.846164342151
33547,Hillsborough,2023-06-30,2478.6366277527545
33547,Hillsborough,2023-07-31,2460.65977968006
33547,Hillsborough,2023-08-31,2462.425859757482
33547,Hillsborough,2023-09-30,2460.188218868674
33547,Hillsborough,2023-10-31,2473.565339171225
33547,Hillsborough,2023-11-30,2447.492839187627
33547,Hillsborough,2023-12-31,2468.099179391576
33547,Hillsborough,2024-01-31,2460.719986864048
33547,Hillsborough,2024-02-29,2491.433380822413
33547,Hillsborough,2024-03-31,2457.298872371485
33547,Hillsborough,2024-04-30,2479.5657511565323
33547,Hillsborough,2024-05-31,2473.2914106337753
33547,Hillsborough,2024-06-30,2505.987891517332
33547,Hillsborough,2024-07-31,2501.231926384103
33547,Hillsborough,2024-08-31,2482.950115222256
33547,Hillsborough,2024-09-30,2479.2592026873604
33547,Hillsborough,2024-10-31,2448.943411862903
33547,Hillsborough,2024-11-30,2477.1851023079553
33547,Hillsborough,2024-12-31,2471.7086928174313
33547,Hillsborough,2025-01-31,2500.489448434613
33547,Hillsborough,2025-02-28,2533.157515330154
33547,Hillsborough,2025-03-31,2548.4778194260675
33547,Hillsborough,2025-04-30,2547.482983025113
33547,Hillsborough,2025-05-31,2516.141785637754
33547,Hillsborough,2025-06-30,2489.922343500673
33547,Hillsborough,2025-07-31,2506.9093911680184
33547,Hillsborough,2025-08-31,2523.742960163903
33547,Hillsborough,2025-09-30,2533.465955880201
33547,Hillsborough,2025-10-31,2538.512298087589
33547,Hillsborough,2025-11-30,2508.980893011249
33547,Hillsborough,2025-12-31,2583.609246146972
33547,Hillsborough,2026-01-31,2573.743049746447
33547,Hillsborough,2026-02-28,2562.2559261354772
33547,Hillsborough,2026-03-31,2482.4110421451032
33547,Hillsborough,2026-04-30,2515.9542501055585
33547,Hillsborough,2026-05-31,2564.5804274757147
33547,Hillsborough,2026-06-30,2591.7727272727275
34654,Pasco,2024-09-30,1730.5715796176728
34654,Pasco,2024-10-31,1712.5703398923965
34654,Pasco,2024-11-30,1753.2683202746985
34654,Pasco,2024-12-31,1771.6364811127448
34654,Pasco,2025-01-31,1794.1840202611356
34654,Pasco,2025-02-28,1813.3852965088138
34654,Pasco,2025-03-31,1828.5553447029029
34654,Pasco,2025-04-30,1852.6155484980536
34654,Pasco,2025-05-31,1831.0984392218984
34654,Pasco,2025-06-30,1810.9366275455682
34654,Pasco,2025-07-31,1813.9525599285266
34654,Pasco,2025-08-31,1761.3892469313269
34654,Pasco,2025-09-30,1725.141749739562
34654,Pasco,2025-10-31,1737.959108668324
34654,Pasco,2025-11-30,1779.6572913184648
34654,Pasco,2025-12-31,1816.600699416959
34654,Pasco,2026-01-31,1801.386491072963
34654,Pasco,2026-02-28,1813.8413780665044
34654,Pasco,2026-03-31,1783.1098927003195
34654,Pasco,2026-04-30,1767.7625355610073
34654,Pasco,2026-05-31,1754.8251795105073
34654,Pasco,2026-06-30,1765.8333333333333
33707,Pinellas,2018-01-31,1151.892234219517
33707,Pinellas,2018-02-28,1135.5664963602148
33707,Pinellas,2018-03-31,1114.374142579374
33707,Pinellas,2018-04-30,1114.9873685891391
33707,Pinellas,2018-05-31,1136.537621891853
33707,Pinellas,2018-06-30,1144.8173408696864
33707,Pinellas,2018-07-31,1141.8788394419526
33707,Pinellas,2018-08-31,1144.2277458185433
33707,Pinellas,2018-09-30,1174.1350765942254
33707,Pinellas,2018-10-31,1200.3542347284854
33707,Pinellas,2018-11-30,1214.8480880500204
33707,Pinellas,2018-12-31,1174.0914426767167
33707,Pinellas,2019-01-31,1172.1422700612177
33707,Pinellas,2019-02-28,1195.5681577220755
33707,Pinellas,2019-03-31,1237.07466257648
33707,Pinellas,2019-04-30,1237.5117387385296
33707,Pinellas,2019-05-31,1226.2177035225668
33707,Pinellas,2019-06-30,1204.0690946658292
33707,Pinellas,2019-07-31,1203.2401265525934
33707,Pinellas,2019-08-31,1195.992891969153
33707,Pinellas,2019-09-30,1216.3834476571083
33707,Pinellas,2019-10-31,1247.698906340433
33707,Pinellas,2019-11-30,1264.4396965666153
33707,Pinellas,2019-12-31,1285.7700684516428
33707,Pinellas,2020-01-31,1280.480984141577
33707,Pinellas,2020-02-29,1270.7090892755791
33707,Pinellas,2020-03-31,1264.0026217208233
33707,Pinellas,2020-04-30,1286.3746035062297
33707,Pinellas,2020-05-31,1306.8373685294562
33707,Pinellas,2020-06-30,1327.8208640267926
33707,Pinellas,2020-07-31,1284.734204159205
33707,Pinellas,2020-08-31,1313.078987529062
33707,Pinellas,2020-09-30,1313.9976592338548
33707,Pinellas,2020-10-31,1349.7409472598724
33707,Pinellas,2020-11-30,1425.2266057937152
33707,Pinellas,2020-12-31,1450.0092790115289
33707,Pinellas,2021-01-31,1507.602993713779
33707,Pinellas,2021-02-28,1441.617680680317
33707,Pinellas,2021-03-31,1466.392636267033
33707,Pinellas,2021-04-30,1463.096661919206
33707,Pinellas,2021-05-31,1488.822963758696
33707,Pinellas,2021-06-30,1545.9828554135277
33707,Pinellas,2021-07-31,1535.8750941248343
33707,Pinellas,2021-08-31,1619.1655113944907
33707,Pinellas,2021-09-30,1623.5833540738258
33707,Pinellas,2021-10-31,1725.2084532125214
33707,Pinellas,2021-11-30,1761.7606601976663
33707,Pinellas,2021-12-31,1820.1026612739906
33707,Pinellas,2022-01-31,1860.30411626361
33707,Pinellas,2022-02-28,1890.680960192335
33707,Pinellas,2022-03-31,1909.7553684352029
33707,Pinellas,2022-04-30,1876.4969388513482
33707,Pinellas,2022-05-31,1904.9312556487832
33707,Pinellas,2022-06-30,1939.1210110940276
33707,Pinellas,2022-07-31,2034.1731629681622
33707,Pinellas,2022-08-31,2052.16580283216
33707,Pinellas,2022-09-30,2069.8239135927793
33707,Pinellas,2022-10-31,2075.0734424701745
33707,Pinellas,2022-11-30,2080.6716706755014
33707,Pinellas,2022-12-31,2056.880973093594
33707,Pinellas,2023-01-31,2052.656025360132
33707,Pinellas,2023-02-28,2043.2548958510013
33707,Pinellas,2023-03-31,2084.7904865524833
33707,Pinellas,2023-04-30,2114.547113878352
33707,Pinellas,2023-05-31,2139.103893204319
33707,Pinellas,2023-06-30,2130.948671351755
33707,Pinellas,2023-07-31,2100.4521342954736
33707,Pinellas,2023-08-31,2110.931640815757
33707,Pinellas,2023-09-30,2155.8886459309656
33707,Pinellas,2023-10-31,2197.8206319474148
33707,Pinellas,2023-11-30,2203.5023305487202
33707,Pinellas,2023-12-31,2197.240226002203
33707,Pinellas,2024-01-31,2209.0625067085657
33707,Pinellas,2024-02-29,2174.9529623487647
33707,Pinellas,2024-03-31,2142.223140684446
33707,Pinellas,2024-04-30,2096.8840813627085
33707,Pinellas,2024-05-31,2099.862784373733
33707,Pinellas,2024-06-30,2095.492037944652
33707,Pinellas,2024-07-31,2115.150916207552
33707,Pinellas,2024-08-31,2139.47000139429
33707,Pinellas,2024-09-30,2194.325885744189
33707,Pinellas,2024-10-31,2229.321974338164
33707,Pinellas,2024-11-30,2267.613348748933
33707,Pinellas,2024-12-31,2262.1230388838885
33707,Pinellas,2025-01-31,2257.5424277696675
33707,Pinellas,2025-02-28,2254.580012046338
33707,Pinellas,2025-03-31,2267.855843705245
33707,Pinellas,2025-04-30,2250.535262370556
33707,Pinellas,2025-05-31,2209.4982846114704
33707,Pinellas,2025-06-30,2178.370904275532
33707,Pinellas,2025-07-31,2179.215810305298
33707,Pinellas,2025-08-31,2182.4618104027472
33707,Pinellas,2025-09-30,2222.4157173247636
33707,Pinellas,2025-10-31,2272.620323727256
33707,Pinellas,2025-11-30,2298.301335962869
33707,Pinellas,2025-12-31,2334.5547189362787
33707,Pinellas,2026-01-31,2277.1555046553035
33707,Pinellas,2026-02-28,2294.049433615122
33707,Pinellas,2026-03-31,2259.6372251483303
33707,Pinellas,2026-04-30,2250.9986658866073
33707,Pinellas,2026-05-31,2228.9088374303938
33707,Pinellas,2026-06-30,2233.1417004048585
34689,Pinellas,2021-06-30,1517.0200235940542
34689,Pinellas,2021-07-31,1549.6599325793247
34689,Pinellas,2021-08-31,1553.8246862298324
34689,Pinellas,2021-09-30,1608.4724889651682
34689,Pinellas,2021-10-31,1644.0205693361688
34689,Pinellas,2021-11-30,1699.4893544699353
34689,Pinellas,2021-12-31,1721.3862094364804
34689,Pinellas,2022-01-31,1758.5585308709012
34689,Pinellas,2022-02-28,1792.2139389151657
34689,Pinellas,2022-03-31,1814.489068897529
34689,Pinellas,2022-04-30,1810.5228095232637
34689,Pinellas,2022-05-31,1820.5985951508235
34689,Pinellas,2022-06-30,1822.5462248958158
34689,Pinellas,2022-07-31,1835.6095770860072
34689,Pinellas,2022-08-31,1827.4501825289851
34689,Pinellas,2022-09-30,1831.585439020328
34689,Pinellas,2022-10-31,1864.330841228549
34689,Pinellas,2022-11-30,1916.7515057983348
34689,Pinellas,2022-12-31,1945.4531920571696
34689,Pinellas,2023-01-31,1941.1415891734089
34689,Pinellas,2023-02-28,1913.204914485027
34689,Pinellas,2023-03-31,1899.3037418365304
34689,Pinellas,2023-04-30,1900.3722048991833
34689,Pinellas,2023-05-31,1889.0802096539994
34689,Pinellas,2023-06-30,1886.790603964528
34689,Pinellas,2023-07-31,1882.8257336815288
34689,Pinellas,2023-08-31,1907.1754280016917
34689,Pinellas,2023-09-30,1930.910096428194
34689,Pinellas,2023-10-31,1945.9972544659688
34689,Pinellas,2023-11-30,1951.8646426370578
34689,Pinellas,2023-12-31,1968.8686992550113
34689,Pinellas,2024-01-31,1985.990304970239
34689,Pinellas,2024-02-29,1972.6180875494133
34689,Pinellas,2024-03-31,1937.86880376773
34689,Pinellas,2024-04-30,1908.761839510105
34689,Pinellas,2024-05-31,1899.2331930394705
34689,Pinellas,2024-06-30,1892.7071830828875
34689,Pinellas,2024-07-31,1908.8971153485593
34689,Pinellas,2024-08-31,1931.6786060826194
34689,Pinellas,2024-09-30,1963.807651064331
34689,Pinellas,2024-10-31,1959.4144571675124
34689,Pinellas,2024-11-30,1997.901759687699
34689,Pinellas,2024-12-31,2034.2050028159263
34689,Pinellas,2025-01-31,2076.4031601119045
34689,Pinellas,2025-02-28,2064.796961853908
34689,Pinellas,2025-03-31,2070.648105290166
34689,Pinellas,2025-04-30,2051.2545276861215
34689,Pinellas,2025-05-31,2049.794451498182
34689,Pinellas,2025-06-30,2025.8709708978781
34689,Pinellas,2025-07-31,2014.317951754522
34689,Pinellas,2025-08-31,2019.3892773885693
34689,Pinellas,2025-09-30,2010.9670929371387
34689,Pinellas,2025-10-31,2030.8360192148468
34689,Pinellas,2025-11-30,2010.0297994361908
34689,Pinellas,2025-12-31,2040.144669856549
34689,Pinellas,2026-01-31,2029.985866071703
34689,Pinellas,2026-02-28,2041.8381995375928
34689,Pinellas,2026-03-31,2045.087486316823
34689,Pinellas,2026-04-30,2060.4510886254748
34689,Pinellas,2026-05-31,2065.521894897708
34689,Pinellas,2026-06-30,2032.8300653594772
33634,Hillsborough,2021-01-31,1153.6557229674495
33634,Hillsborough,2021-02-28,1173.5026001890158
33634,Hillsborough,2021-03-31,1188.7015137770575
33634,Hillsborough,2021-04-30,1195.9865690305685
33634,Hillsborough,2021-05-31,1209.3802649078768
33634,Hillsborough,2021-06-30,1246.2575096260307
33634,Hillsborough,2021-07-31,1263.1574356516467
33634,Hillsborough,2021-08-31,1348.6593094635473
33634,Hillsborough,2021-09-30,1411.3281454462688
33634,Hillsborough,2021-10-31,1438.3759518647466
33634,Hillsborough,2021-11-30,1494.0020991349106
33634,Hillsborough,2021-12-31,1504.8012261342005
33634,Hillsborough,2022-01-31,1649.2153217398918
33634,Hillsborough,2022-02-28,1659.121513568622
33634,Hillsborough,2022-03-31,1722.83231749834
33634,Hillsborough,2022-04-30,1693.37092949473
33634,Hillsborough,2022-05-31,1676.4196524222557
33634,Hillsborough,2022-06-30,1697.2846226554714
33634,Hillsborough,2022-07-31,1717.2366322300957
33634,Hillsborough,2022-08-31,1757.4096711158393
33634,Hillsborough,2022-09-30,1752.4820954454956
33634,Hillsborough,2022-10-31,1737.5170550296086
33634,Hillsborough,2022-11-30,1679.3988284541933
33634,Hillsborough,2022-12-31,1630.0841035724561
33634,Hillsborough,2023-01-31,1609.5721560050167
33634,Hillsborough,2023-02-28,1650.7157974063114
33634,Hillsborough,2023-03-31,1727.3666683633348
33634,Hillsborough,2023-04-30,1770.1905394809833
33634,Hillsborough,2023-05-31,1775.3624844708079
33634,Hillsborough,2023-06-30,1744.7410784986268
33634,Hillsborough,2023-07-31,1765.2987708986857
33634,Hillsborough,2023-08-31,1766.2970052123758
33634,Hillsborough,2023-09-30,1755.6197051320974
33634,Hillsborough,2023-10-31,1756.884508256992
33634,Hillsborough,2023-11-30,1786.618713089409
33634,Hillsborough,2023-12-31,1847.595929034925
33634,Hillsborough,2024-01-31,1849.3077446563489
33634,Hillsborough,2024-02-29,1817.7078056213552
33634,Hillsborough,2024-03-31,1767.0544646532649
33634,Hillsborough,2024-04-30,1749.0332224092974
33634,Hillsborough,2024-05-31,1773.0953753337892
33634,Hillsborough,2024-06-30,1786.7700418188683
33634,Hillsborough,2024-07-31,1797.2130230925861
33634,Hillsborough,2024-08-31,1750.659304940649
33634,Hillsborough,2024-09-30,1717.5828529201854
33634,Hillsborough,2024-10-31,1695.064661906764
33634,Hillsborough,2024-11-30,1704.2976800386389
33634,Hillsborough,2024-12-31,1734.1543262441942
33634,Hillsborough,2025-01-31,1764.4067145675565
33634,Hillsborough,2025-02-28,1787.5069634417298
33634,Hillsborough,2025-03-31,1813.844093059101
33634,Hillsborough,2025-04-30,1806.2875853382543
33634,Hillsborough,2025-05-31,1818.3401016659725
33634,Hillsborough,2025-06-30,1799.0408479838513
33634,Hillsborough,2025-07-31,1777.6037444918727
33634,Hillsborough,2025-08-31,1775.1927056194638
33634,Hillsborough,2025-09-30,1774.0591056829671
33634,Hillsborough,2025-10-31,1784.0255688955237
33634,Hillsborough,2025-11-30,1767.6253991426138
33634,Hillsborough,2025-12-31,1766.3750660028968
33634,Hillsborough,2026-01-31,1768.5434291112037
33634,Hillsborough,2026-02-28,1792.1597152426377
33634,Hillsborough,2026-03-31,1812.203741816534
33634,Hillsborough,2026-04-30,1819.9018148800064
33634,Hillsborough,2026-05-31,1792.6193571171975
33634,Hillsborough,2026-06-30,1773.8589743589746
33782,Pinellas,2021-10-31,1919.2112869309099
33782,Pinellas,2021-11-30,1879.2401591131527
33782,Pinellas,2021-12-31,2000.462230172766
33782,Pinellas,2022-01-31,2096.1933210450056
33782,Pinellas,2022-02-28,2143.7754672658034
33782,Pinellas,2022-03-31,2136.500615119395
33782,Pinellas,2022-04-30,2124.37256103082
33782,Pinellas,2022-05-31,2149.421092072873
33782,Pinellas,2022-06-30,2198.0986798966455
33782,Pinellas,2022-07-31,2204.2875539896527
33782,Pinellas,2022-08-31,2228.903975375458
33782,Pinellas,2022-09-30,2210.2423825852893
33782,Pinellas,2022-10-31,2214.4455589672893
33782,Pinellas,2022-11-30,2192.0789703315936
33782,Pinellas,2022-12-31,2171.490627909264
33782,Pinellas,2023-01-31,2180.39097666462
33782,Pinellas,2023-02-28,2166.2659782639826
33782,Pinellas,2023-03-31,2201.4914994717737
33782,Pinellas,2023-04-30,2207.3974001706774
33782,Pinellas,2023-05-31,2207.9553529834448
33782,Pinellas,2023-06-30,2174.233024687811
33782,Pinellas,2023-07-31,2148.768770639805
33782,Pinellas,2023-08-31,2141.074499936671
33782,Pinellas,2023-09-30,2138.767487040797
33782,Pinellas,2023-10-31,2118.981199874474
33782,Pinellas,2023-11-30,2131.976780591504
33782,Pinellas,2023-12-31,2131.421331581502
33782,Pinellas,2024-01-31,2134.602136346864
33782,Pinellas,2024-02-29,2131.986242482855
33782,Pinellas,2024-03-31,2136.3410849026973
33782,Pinellas,2024-04-30,2141.0308530694388
33782,Pinellas,2024-05-31,2150.807473100485
33782,Pinellas,2024-06-30,2149.076812373777
33782,Pinellas,2024-07-31,2152.6232654746186
33782,Pinellas,2024-08-31,2147.023102837242
33782,Pinellas,2024-09-30,2163.3998741537434
33782,Pinellas,2024-10-31,2192.343429028452
33782,Pinellas,2024-11-30,2227.7318628441208
33782,Pinellas,2024-12-31,2257.144121672431
33782,Pinellas,2025-01-31,2278.441506173098
33782,Pinellas,2025-02-28,2251.9408536839405
33782,Pinellas,2025-03-31,2212.9408929712936
33782,Pinellas,2025-04-30,2184.9343011199467
33782,Pinellas,2025-05-31,2162.527645667981
33782,Pinellas,2025-06-30,2158.1960317209105
33782,Pinellas,2025-07-31,2149.4112681472584
33782,Pinellas,2025-08-31,2157.739907800032
33782,Pinellas,2025-09-30,2155.0695367146895
33782,Pinellas,2025-10-31,2160.9047208571196
33782,Pinellas,2025-11-30,2136.133782832427
33782,Pinellas,2025-12-31,2097.5316844999206
33782,Pinellas,2026-01-31,2072.2380368029067
33782,Pinellas,2026-02-28,2060.7634268667134
33782,Pinellas,2026-03-31,2097.1922357232434
33782,Pinellas,2026-04-30,2093.9343586701766
33782,Pinellas,2026-05-31,2131.8724044177347
33782,Pinellas,2026-06-30,2118.6266666666666
33772,Pinellas,2022-02-28,1682.0041912467073
33772,Pinellas,2022-03-31,1727.4522428053558
33772,Pinellas,2022-04-30,1766.8784705572248
33772,Pinellas,2022-05-31,1800.5933512540769
33772,Pinellas,2022-06-30,1798.8575178165015
33772,Pinellas,2022-07-31,1805.2309012112455
33772,Pinellas,2022-08-31,1785.0406312176879
33772,Pinellas,2022-09-30,1764.2517825925452
33772,Pinellas,2022-10-31,1749.6577177702318
33772,Pinellas,2022-11-30,1743.9363007506888
33772,Pinellas,2022-12-31,1757.7023678907588
33772,Pinellas,2023-01-31,1766.9754512555246
33772,Pinellas,2023-02-28,1777.5862765321965
33772,Pinellas,2023-03-31,1826.6522608975013
33772,Pinellas,2023-04-30,1862.1777188678739
33772,Pinellas,2023-05-31,1899.376218263444
33772,Pinellas,2023-06-30,1879.0526623782746
33772,Pinellas,2023-07-31,1868.5903764357645
33772,Pinellas,2023-08-31,1885.9104046703721
33772,Pinellas,2023-09-30,1881.6744434588343
33772,Pinellas,2023-10-31,1890.4415295109304
33772,Pinellas,2023-11-30,1852.8379364334623
33772,Pinellas,2023-12-31,1845.1594302405006
33772,Pinellas,2024-01-31,1847.1903169587729
33772,Pinellas,2024-02-29,1868.0067489814007
33772,Pinellas,2024-03-31,1909.863493511566
33772,Pinellas,2024-04-30,1879.0557302763934
33772,Pinellas,2024-05-31,1867.03641800627
33772,Pinellas,2024-06-30,1842.2246710441048
33772,Pinellas,2024-07-31,1877.423108378851
33772,Pinellas,2024-08-31,1902.730407006669
33772,Pinellas,2024-09-30,1923.7790278355067
33772,Pinellas,2024-10-31,1958.9811078410107
33772,Pinellas,2024-11-30,1970.0250029146275
33772,Pinellas,2024-12-31,2018.3482253196134
33772,Pinellas,2025-01-31,2030.059646773278
33772,Pinellas,2025-02-28,2029.2376676910671
33772,Pinellas,2025-03-31,1983.6657944551666
33772,Pinellas,2025-04-30,1946.5131992800034
33772,Pinellas,2025-05-31,1958.880183514714
33772,Pinellas,2025-06-30,1969.0539603706773
33772,Pinellas,2025-07-31,2042.5093894161353
33772,Pinellas,2025-08-31,2043.4218655754948
33772,Pinellas,2025-09-30,2066.0865745167443
33772,Pinellas,2025-10-31,2020.6464400368627
33772,Pinellas,2025-11-30,2014.934228447096
33772,Pinellas,2025-12-31,2036.4829897582108
33772,Pinellas,2026-01-31,2021.2295845180547
33772,Pinellas,2026-02-28,2022.0222637572238
33772,Pinellas,2026-03-31,1978.9947259601176
33772,Pinellas,2026-04-30,1989.737459769268
33772,Pinellas,2026-05-31,1999.1960115945062
33772,Pinellas,2026-06-30,2010.3564814814815
33545,Pasco,2016-01-31,1254.5930134277598
33545,Pasco,2016-02-29,1265.3030645003796
33545,Pasco,2016-03-31,1284.5993099432817
33545,Pasco,2016-04-30,1297.075903489523
33545,Pasco,2016-05-31,1307.962992133946
33545,Pasco,2016-06-30,1315.2304097788792
33545,Pasco,2016-07-31,1311.2822114951566
33545,Pasco,2016-08-31,1307.375240640153
33545,Pasco,2016-09-30,1309.6960960959073
33545,Pasco,2016-10-31,1320.9969972815225
33545,Pasco,2016-11-30,1331.6689490124327
33545,Pasco,2016-12-31,1343.5039694231514
33545,Pasco,2017-01-31,1338.6886273171995
33545,Pasco,2017-02-28,1328.0728927045525
33545,Pasco,2017-03-31,1331.1860536721729
33545,Pasco,2017-04-30,1345.1969982834266
33545,Pasco,2017-05-31,1355.3869320809279
33545,Pasco,2017-07-31,1375.4763410724674
33545,Pasco,2017-08-31,1387.006799759614
33545,Pasco,2017-09-30,1395.5057691057095
33545,Pasco,2017-10-31,1377.9558303836795
33545,Pasco,2017-11-30,1367.939214652614
33545,Pasco,2017-12-31,1369.9070773235278
33545,Pasco,2018-01-31,1380.5160048136374
33545,Pasco,2018-02-28,1414.0769556495654
33545,Pasco,2018-03-31,1426.1407633076624
33545,Pasco,2018-04-30,1443.4482581089032
33545,Pasco,2018-05-31,1423.9549617030523
33545,Pasco,2018-06-30,1427.7759246191656
33545,Pasco,2018-07-31,1427.6816422451618
33545,Pasco,2018-08-31,1432.0763192892803
33545,Pasco,2018-09-30,1416.7918362752462
33545,Pasco,2018-10-31,1424.3308828746506
33545,Pasco,2018-11-30,1436.051241526368
33545,Pasco,2018-12-31,1449.8331003328242
33545,Pasco,2019-01-31,1454.210563511224
33545,Pasco,2019-02-28,1446.7410268608453
33545,Pasco,2019-03-31,1457.8407207536752
33545,Pasco,2019-04-30,1469.2456332171312
33545,Pasco,2019-05-31,1478.1792571237816
33545,Pasco,2019-06-30,1478.0704586837735
33545,Pasco,2019-07-31,1482.3138676258422
33545,Pasco,2019-08-31,1504.3389598411763
33545,Pasco,2019-09-30,1512.3420441661601
33545,Pasco,2019-10-31,1499.15176673062
33545,Pasco,2019-11-30,1501.1948903412963
33545,Pasco,2019-12-31,1497.1617858384388
33545,Pasco,2020-01-31,1513.7477523749312
33545,Pasco,2020-02-29,1504.909838332192
33545,Pasco,2020-03-31,1516.4126066271654
33545,Pasco,2020-04-30,1516.8185357688226
33545,Pasco,2020-05-31,1541.048770755309
33545,Pasco,2020-06-30,1545.4124705687293
33545,Pasco,2020-07-31,1558.8821175559315
33545,Pasco,2020-08-31,1581.3413264398826
33545,Pasco,2020-09-30,1612.6824231814678
33545,Pasco,2020-10-31,1615.4929949924363
33545,Pasco,2020-11-30,1622.2703883039167
33545,Pasco,2020-12-31,1594.0122067756533
33545,Pasco,2021-01-31,1618.4568542998645
33545,Pasco,2021-02-28,1630.5838983318338
33545,Pasco,2021-03-31,1676.7130329026843
33545,Pasco,2021-04-30,1719.3542902521747
33545,Pasco,2021-05-31,1791.0793865714163
33545,Pasco,2021-06-30,1889.9853043143728
33545,Pasco,2021-07-31,1990.3601086027782
33545,Pasco,2021-08-31,2012.6209595936484
33545,Pasco,2021-09-30,2049.052944320485
33545,Pasco,2021-10-31,2049.941210987358
33545,Pasco,2021-11-30,2094.609036927358
33545,Pasco,2021-12-31,2100.546126896736
33545,Pasco,2022-01-31,2096.8017876945632
33545,Pasco,2022-02-28,2094.33125728718
33545,Pasco,2022-03-31,2095.8435388064563
33545,Pasco,2022-04-30,2115.3034762887955
33545,Pasco,2022-05-31,2152.5912559892777
33545,Pasco,2022-06-30,2173.0661026099974
33545,Pasco,2022-07-31,2210.762262565908
33545,Pasco,2022-08-31,2203.274260477574
33545,Pasco,2022-09-30,2202.975945610952
33545,Pasco,2022-10-31,2198.3160558542554
33545,Pasco,2022-11-30,2198.2985023338765
33545,Pasco,2022-12-31,2205.015788655058
33545,Pasco,2023-01-31,2180.8515567593636
33545,Pasco,2023-02-28,2199.197735640475
33545,Pasco,2023-03-31,2207.781121695684
33545,Pasco,2023-04-30,2243.882231526286
33545,Pasco,2023-05-31,2249.1464556381093
33545,Pasco,2023-06-30,2247.1989459909496
33545,Pasco,2023-07-31,2232.7626431155645
33545,Pasco,2023-08-31,2236.0415830875177
33545,Pasco,2023-09-30,2260.008098305382
33545,Pasco,2023-10-31,2297.7408396836236
33545,Pasco,2023-11-30,2272.903503222818
33545,Pasco,2023-12-31,2252.1916695424907
33545,Pasco,2024-01-31,2217.2543011111243
33545,Pasco,2024-02-29,2225.7574628892726
33545,Pasco,2024-03-31,2228.380887699346
33545,Pasco,2024-04-30,2223.4128349437115
33545,Pasco,2024-05-31,2231.676031038146
33545,Pasco,2024-06-30,2232.991641541778
33545,Pasco,2024-07-31,2250.7321851091397
33545,Pasco,2024-08-31,2235.008026359552
33545,Pasco,2024-09-30,2236.2797546001448
33545,Pasco,2024-10-31,2227.8940097804284
33545,Pasco,2024-11-30,2241.282919544076
33545,Pasco,2024-12-31,2235.655750270774
33545,Pasco,2025-01-31,2254.1157325173644
33545,Pasco,2025-02-28,2262.442832289977
33545,Pasco,2025-03-31,2283.506954095988
33545,Pasco,2025-04-30,2264.915070224635
33545,Pasco,2025-05-31,2256.938196564887
33545,Pasco,2025-06-30,2237.7824197169557
33545,Pasco,2025-07-31,2252.6619355736702
33545,Pasco,2025-08-31,2256.6438457930926
33545,Pasco,2025-09-30,2260.8380750630713
33545,Pasco,2025-10-31,2253.4673626004105
33545,Pasco,2025-11-30,2239.7859183849982
33545,Pasco,2025-12-31,2238.451288540308
33545,Pasco,2026-01-31,2216.1831536326954
33545,Pasco,2026-02-28,2209.735839020368
33545,Pasco,2026-03-31,2216.5803387367187
33545,Pasco,2026-04-30,2240.274668581169
33545,Pasco,2026-05-31,2264.480903056263
33545,Pasco,2026-06-30,2272.9355235042735
33709,Pinellas,2023-01-31,1743.986859339531
33709,Pinellas,2023-02-28,1737.8608256980378
33709,Pinellas,2023-03-31,1751.2041731343636
33709,Pinellas,2023-04-30,1749.03252569412
33709,Pinellas,2023-05-31,1760.7927685983323
33709,Pinellas,2023-06-30,1773.2188377796213
33709,Pinellas,2023-07-31,1754.4020514507397
33709,Pinellas,2023-08-31,1723.2032703302807
33709,Pinellas,2023-09-30,1734.6824458504661
33709,Pinellas,2023-10-31,1757.7159297603314
33709,Pinellas,2023-11-30,1775.529171418449
33709,Pinellas,2023-12-31,1815.9137850370957
33709,Pinellas,2024-01-31,1810.0054509957276
33709,Pinellas,2024-02-29,1817.1335655293824
33709,Pinellas,2024-03-31,1777.7647640039738
33709,Pinellas,2024-04-30,1807.1468921847186
33709,Pinellas,2024-05-31,1816.569459217949
33709,Pinellas,2024-06-30,1799.6429658612649
33709,Pinellas,2024-07-31,1812.3960646364987
33709,Pinellas,2024-08-31,1814.9062292569395
33709,Pinellas,2024-09-30,1826.905492004817
33709,Pinellas,2024-10-31,1826.497043558762
33709,Pinellas,2024-11-30,1865.2358118259508
33709,Pinellas,2024-12-31,1875.725538447649
33709,Pinellas,2025-01-31,1876.902848896638
33709,Pinellas,2025-02-28,1851.8976943645132
33709,Pinellas,2025-03-31,1870.0107458390241
33709,Pinellas,2025-04-30,1864.3255501850501
33709,Pinellas,2025-05-31,1874.557321746395
33709,Pinellas,2025-06-30,1859.126467085498
33709,Pinellas,2025-07-31,1850.842449990911
33709,Pinellas,2025-08-31,1885.3285182339418
33709,Pinellas,2025-09-30,1900.9066338464067
33709,Pinellas,2025-10-31,1933.3412799012376
33709,Pinellas,2025-11-30,1878.6767900395064
33709,Pinellas,2025-12-31,1924.0442664501227
33709,Pinellas,2026-01-31,1901.4534371592417
33709,Pinellas,2026-02-28,1932.060257964119
33709,Pinellas,2026-03-31,1898.3924627690706
33709,Pinellas,2026-04-30,1920.6726857991555
33709,Pinellas,2026-05-31,1926.9865509707165
33709,Pinellas,2026-06-30,1937.484126984127
33541,Pasco,2022-12-31,1889.450492188195
33541,Pasco,2023-01-31,1926.843784247088
33541,Pasco,2023-02-28,1923.9260828028932
33541,Pasco,2023-03-31,1894.445838254327
33541,Pasco,2023-04-30,1854.4214889067234
33541,Pasco,2023-05-31,1892.5948887885754
33541,Pasco,2023-06-30,1899.186926595957
33541,Pasco,2023-07-31,1909.5777211342324
33541,Pasco,2023-08-31,1879.5380399257433
33541,Pasco,2023-09-30,1888.6248353357573
33541,Pasco,2023-10-31,1916.009258701578
33541,Pasco,2023-11-30,1956.7518638213417
33541,Pasco,2023-12-31,1953.3786240865102
33541,Pasco,2024-01-31,1944.8617877827287
33541,Pasco,2024-02-29,1929.219485761741
33541,Pasco,2024-03-31,1936.3731659928503
33541,Pasco,2024-04-30,1940.1630068803977
33541,Pasco,2024-05-31,1934.6320302527995
33541,Pasco,2024-06-30,1938.6825973365555
33541,Pasco,2024-07-31,1935.2209813963366
33541,Pasco,2024-08-31,1929.3797273950515
33541,Pasco,2024-09-30,1906.790646376963
33541,Pasco,2024-10-31,1908.1650900016389
33541,Pasco,2024-11-30,1925.5972653665494
33541,Pasco,2024-12-31,1952.229442543324
33541,Pasco,2025-01-31,1982.4630777722155
33541,Pasco,2025-02-28,2009.936030028845
33541,Pasco,2025-03-31,2020.4496256572352
33541,Pasco,2025-04-30,2002.3485417345516
33541,Pasco,2025-05-31,1975.7389840063029
33541,Pasco,2025-06-30,1958.523627119908
33541,Pasco,2025-07-31,1954.2842077826215
33541,Pasco,2025-08-31,1983.8395344513558
33541,Pasco,2025-09-30,1980.9865113396131
33541,Pasco,2025-10-31,1988.04051058409
33541,Pasco,2025-11-30,1969.6180553202225
33541,Pasco,2025-12-31,1995.9949329591725
33541,Pasco,2026-01-31,1983.3900354973998
33541,Pasco,2026-02-28,1964.8062493159514
33541,Pasco,2026-03-31,1960.4071376157942
33541,Pasco,2026-04-30,1959.0847069228764
33541,Pasco,2026-05-31,1944.2613133414945
33541,Pasco,2026-06-30,1905.4358974358975
33607,Hillsborough,2016-05-31,1342.7641334778757
33607,Hillsborough,2016-07-31,1361.7133133282325
33607,Hillsborough,2016-08-31,1357.93218735637
33607,Hillsborough,2016-09-30,1319.1165412974008
33607,Hillsborough,2016-10-31,1335.4450773125664
33607,Hillsborough,2016-11-30,1325.0447978542904
33607,Hillsborough,2016-12-31,1354.465762579005
33607,Hillsborough,2017-01-31,1349.774408080843
33607,Hillsborough,2017-02-28,1360.471219781753
33607,Hillsborough,2017-03-31,1375.5894574452686
33607,Hillsborough,2017-04-30,1400.593588434966
33607,Hillsborough,2017-05-31,1434.9593438759625
33607,Hillsborough,2017-06-30,1456.2310479695575
33607,Hillsborough,2017-07-31,1448.4014103419183
33607,Hillsborough,2017-08-31,1425.715745255706
33607,Hillsborough,2017-09-30,1392.069885569138
33607,Hillsborough,2017-10-31,1398.4752626513093
33607,Hillsborough,2017-11-30,1416.7834072251194
33607,Hillsborough,2017-12-31,1420.6749496166187
33607,Hillsborough,2018-01-31,1426.9572401053094
33607,Hillsborough,2018-02-28,1426.9396314805829
33607,Hillsborough,2018-03-31,1453.216571862111
33607,Hillsborough,2018-04-30,1462.5536886741488
33607,Hillsborough,2018-05-31,1489.0685685784215
33607,Hillsborough,2018-06-30,1515.403540715428
33607,Hillsborough,2018-07-31,1526.468272452858
33607,Hillsborough,2018-08-31,1544.7653791804587
33607,Hillsborough,2018-09-30,1524.4412143779525
33607,Hillsborough,2018-10-31,1511.5976335320179
33607,Hillsborough,2018-11-30,1510.5146170085266
33607,Hillsborough,2018-12-31,1509.208718496651
33607,Hillsborough,2019-01-31,1521.7435015659087
33607,Hillsborough,2019-02-28,1514.383983369191
33607,Hillsborough,2019-03-31,1570.2544601592615
33607,Hillsborough,2019-04-30,1583.4146628678716
33607,Hillsborough,2019-05-31,1592.553023355913
33607,Hillsborough,2019-06-30,1588.2783446390392
33607,Hillsborough,2019-07-31,1604.5824547714167
33607,Hillsborough,2019-08-31,1613.4989633234177
33607,Hillsborough,2019-09-30,1606.1952233925458
33607,Hillsborough,2019-10-31,1580.6351030039998
33607,Hillsborough,2019-11-30,1565.5338318949666
33607,Hillsborough,2019-12-31,1562.8540646332249
33607,Hillsborough,2020-01-31,1590.990090007723
33607,Hillsborough,2020-02-29,1612.0431984591148
33607,Hillsborough,2020-03-31,1612.7264278428381
33607,Hillsborough,2020-04-30,1612.3146045590856
33607,Hillsborough,2020-05-31,1588.0502270650147
33607,Hillsborough,2020-06-30,1597.318188251662
33607,Hillsborough,2020-07-31,1599.4310568082747
33607,Hillsborough,2020-08-31,1625.3185764323239
33607,Hillsborough,2020-09-30,1644.774739867165
33607,Hillsborough,2020-10-31,1664.0939259219604
33607,Hillsborough,2020-11-30,1680.3041883624205
33607,Hillsborough,2020-12-31,1672.895911436885
33607,Hillsborough,2021-01-31,1690.6799939942975
33607,Hillsborough,2021-02-28,1719.7974651861284
33607,Hillsborough,2021-03-31,1752.820218120248
33607,Hillsborough,2021-04-30,1768.3080980381656
33607,Hillsborough,2021-05-31,1819.5337977822237
33607,Hillsborough,2021-06-30,1876.861224564206
33607,Hillsborough,2021-07-31,1961.7398703027825
33607,Hillsborough,2021-08-31,2045.0400622608363
33607,Hillsborough,2021-09-30,2148.7574768237346
33607,Hillsborough,2021-10-31,2163.8024590390896
33607,Hillsborough,2021-11-30,2145.9119411465776
33607,Hillsborough,2021-12-31,2133.442736164112
33607,Hillsborough,2022-01-31,2189.257643360485
33607,Hillsborough,2022-02-28,2203.8383236148306
33607,Hillsborough,2022-03-31,2213.954289168988
33607,Hillsborough,2022-04-30,2225.4689618995903
33607,Hillsborough,2022-05-31,2266.86606772902
33607,Hillsborough,2022-06-30,2286.0216880862595
33607,Hillsborough,2022-07-31,2302.806693619
33607,Hillsborough,2022-08-31,2302.6754905294606
33607,Hillsborough,2022-09-30,2300.8818676240016
33607,Hillsborough,2022-10-31,2273.795705784582
33607,Hillsborough,2022-11-30,2250.4175627203836
33607,Hillsborough,2022-12-31,2196.6825496058304
33607,Hillsborough,2023-01-31,2194.627447678383
33607,Hillsborough,2023-02-28,2224.069164678852
33607,Hillsborough,2023-03-31,2290.762028635298
33607,Hillsborough,2023-04-30,2322.2986588819376
33607,Hillsborough,2023-05-31,2332.436733095489
33607,Hillsborough,2023-06-30,2316.6073611478146
33607,Hillsborough,2023-07-31,2300.6208447073654
33607,Hillsborough,2023-08-31,2296.420018494235
33607,Hillsborough,2023-09-30,2283.524052673388
33607,Hillsborough,2023-10-31,2268.6613287941163
33607,Hillsborough,2023-11-30,2238.449615188717
33607,Hillsborough,2023-12-31,2222.090074618668
33607,Hillsborough,2024-01-31,2219.1896758493067
33607,Hillsborough,2024-02-29,2242.355396082714
33607,Hillsborough,2024-03-31,2260.4891675765593
33607,Hillsborough,2024-04-30,2272.435308896541
33607,Hillsborough,2024-05-31,2263.349958043888
33607,Hillsborough,2024-06-30,2261.7337798715803
33607,Hillsborough,2024-07-31,2266.9073396831063
33607,Hillsborough,2024-08-31,2254.773643151281
33607,Hillsborough,2024-09-30,2253.035032840245
33607,Hillsborough,2024-10-31,2252.128088456641
33607,Hillsborough,2024-11-30,2252.0051275135556
33607,Hillsborough,2024-12-31,2280.2306144105087
33607,Hillsborough,2025-01-31,2289.7650046215567
33607,Hillsborough,2025-02-28,2318.619708604068
33607,Hillsborough,2025-03-31,2304.3196813797067
33607,Hillsborough,2025-04-30,2304.696010861651
33607,Hillsborough,2025-05-31,2310.093785575913
33607,Hillsborough,2025-06-30,2319.869060531441
33607,Hillsborough,2025-07-31,2313.002219799562
33607,Hillsborough,2025-08-31,2300.5624580258927
33607,Hillsborough,2025-09-30,2276.4120050373062
33607,Hillsborough,2025-10-31,2254.083765007455
33607,Hillsborough,2025-11-30,2233.145166661637
33607,Hillsborough,2025-12-31,2227.134086307484
33607,Hillsborough,2026-01-31,2217.859390470823
33607,Hillsborough,2026-02-28,2233.832109840967
33607,Hillsborough,2026-03-31,2248.4582537376155
33607,Hillsborough,2026-04-30,2282.408511227512
33607,Hillsborough,2026-05-31,2284.617412056675
33607,Hillsborough,2026-06-30,2291.461800972717
34601,Hernando,2024-11-30,1455.614104966037
34601,Hernando,2024-12-31,1429.3384114201087
34601,Hernando,2025-01-31,1422.4720003806426
34601,Hernando,2025-02-28,1410.343549093474
34601,Hernando,2025-03-31,1395.3101953867902
34601,Hernando,2025-04-30,1376.2171492941025
34601,Hernando,2025-05-31,1384.5182376134899
34601,Hernando,2025-06-30,1397.4079059461274
34601,Hernando,2025-07-31,1397.809167177567
34601,Hernando,2025-08-31,1413.8575427935098
34601,Hernando,2025-09-30,1436.3050423153245
34601,Hernando,2025-10-31,1449.4785805875483
34601,Hernando,2025-11-30,1413.1435759970443
34601,Hernando,2025-12-31,1386.3966695440693
34601,Hernando,2026-01-31,1371.729522120238
34601,Hernando,2026-02-28,1375.66875776247
34601,Hernando,2026-03-31,1404.9449122616118
34601,Hernando,2026-04-30,1376.5478769530014
34601,Hernando,2026-05-31,1381.579329094245
34601,Hernando,2026-06-30,1360.7
33542,Pasco,2022-03-31,1352.8566252855942
33542,Pasco,2022-04-30,1325.8622838043016
33542,Pasco,2022-05-31,1363.7868672142476
33542,Pasco,2022-06-30,1382.9998695178344
33542,Pasco,2022-07-31,1409.489110152267
33542,Pasco,2022-08-31,1395.0446770238868
33542,Pasco,2022-09-30,1416.6462770487378
33542,Pasco,2022-10-31,1422.8524831749623
33542,Pasco,2022-11-30,1446.5970726482387
33542,Pasco,2022-12-31,1432.8459097438918
33542,Pasco,2023-01-31,1453.5382015135401
33542,Pasco,2023-02-28,1478.2031198833477
33542,Pasco,2023-03-31,1479.347084207023
33542,Pasco,2023-04-30,1461.477311003937
33542,Pasco,2023-05-31,1454.2224781262769
33542,Pasco,2023-07-31,1468.182875114172
33542,Pasco,2023-08-31,1461.6350321439375
33542,Pasco,2023-09-30,1476.9621045012966
33542,Pasco,2023-10-31,1496.1924894828517
33542,Pasco,2023-11-30,1499.7817777829066
33542,Pasco,2023-12-31,1503.0522090425582
33542,Pasco,2024-01-31,1521.9698200629282
33542,Pasco,2024-02-29,1518.1224562327545
33542,Pasco,2024-03-31,1497.1710660476745
33542,Pasco,2024-04-30,1491.3524997484585
33542,Pasco,2024-05-31,1505.0715060868065
33542,Pasco,2024-06-30,1511.1579930205176
33542,Pasco,2024-07-31,1500.6973749853166
33542,Pasco,2024-08-31,1512.766002271839
33542,Pasco,2024-09-30,1527.0482426723704
33542,Pasco,2024-10-31,1517.117044255928
33542,Pasco,2024-11-30,1489.571034164361
33542,Pasco,2024-12-31,1471.8253833253852
33542,Pasco,2025-01-31,1501.1289090770133
33542,Pasco,2025-02-28,1550.9771612522159
33542,Pasco,2025-03-31,1594.134187077159
33542,Pasco,2025-04-30,1598.1286647175448
33542,Pasco,2025-05-31,1592.7793819382105
33542,Pasco,2025-06-30,1578.680557111253
33542,Pasco,2025-07-31,1566.6573563413474
33542,Pasco,2025-08-31,1538.214378126091
33542,Pasco,2025-09-30,1538.6613253076935
33542,Pasco,2025-10-31,1515.1882776902714
33542,Pasco,2025-11-30,1524.223034471954
33542,Pasco,2025-12-31,1503.8346288696666
33542,Pasco,2026-01-31,1535.9026450331473
33542,Pasco,2026-02-28,1532.6005326212994
33542,Pasco,2026-03-31,1548.3950690852994
33542,Pasco,2026-04-30,1561.061723269501
33542,Pasco,2026-05-31,1577.4906426259788
33542,Pasco,2026-06-30,1574.1666666666667
33712,Pinellas,2020-10-31,1191.5678240646305
33712,Pinellas,2020-11-30,1195.485113523078
33712,Pinellas,2020-12-31,1193.545290858319
33712,Pinellas,2021-01-31,1185.042940817103
33712,Pinellas,2021-02-28,1192.0671641244835
33712,Pinellas,2021-03-31,1198.8675161846359
33712,Pinellas,2021-04-30,1239.439603232761
33712,Pinellas,2021-05-31,1275.5907451236303
33712,Pinellas,2021-06-30,1309.2836885280242
33712,Pinellas,2021-07-31,1327.266513755712
33712,Pinellas,2021-08-31,1374.8612315426988
33712,Pinellas,2021-09-30,1428.9561593124479
33712,Pinellas,2021-10-31,1464.1956182405834
33712,Pinellas,2021-11-30,1473.042417579009
33712,Pinellas,2021-12-31,1500.5981339285095
33712,Pinellas,2022-01-31,1507.1003122347522
33712,Pinellas,2022-02-28,1510.9304116939766
33712,Pinellas,2022-03-31,1534.6793637108767
33712,Pinellas,2022-04-30,1599.299840475638
33712,Pinellas,2022-05-31,1667.5655928839813
33712,Pinellas,2022-06-30,1717.4699126452545
33712,Pinellas,2022-07-31,1733.558159905138
33712,Pinellas,2022-08-31,1750.1047233909117
33712,Pinellas,2022-09-30,1740.6844416751171
33712,Pinellas,2022-10-31,1725.084516126903
33712,Pinellas,2022-11-30,1699.2894569461457
33712,Pinellas,2022-12-31,1705.288230346429
33712,Pinellas,2023-01-31,1714.4783874792872
33712,Pinellas,2023-02-28,1749.155673432365
33712,Pinellas,2023-03-31,1744.023660524387
33712,Pinellas,2023-04-30,1779.2072726592974
33712,Pinellas,2023-05-31,1796.7231280002209
33712,Pinellas,2023-06-30,1804.1821134813274
33712,Pinellas,2023-07-31,1792.1294119890722
33712,Pinellas,2023-08-31,1791.4303798075377
33712,Pinellas,2023-09-30,1803.2368028522076
33712,Pinellas,2023-10-31,1818.685356517315
33712,Pinellas,2023-11-30,1823.7143179232123
33712,Pinellas,2023-12-31,1816.92655627236
33712,Pinellas,2024-01-31,1812.2956628913194
33712,Pinellas,2024-02-29,1832.458648481008
33712,Pinellas,2024-03-31,1845.6689675563634
33712,Pinellas,2024-04-30,1844.6276951032667
33712,Pinellas,2024-05-31,1813.3988313866896
33712,Pinellas,2024-06-30,1804.2700509609947
33712,Pinellas,2024-07-31,1814.347895941104
33712,Pinellas,2024-08-31,1826.0279296794313
33712,Pinellas,2024-09-30,1831.7384214930041
33712,Pinellas,2024-10-31,1827.9866318436548
33712,Pinellas,2024-11-30,1816.3477189585672
33712,Pinellas,2024-12-31,1834.7129023221855
33712,Pinellas,2025-01-31,1853.6868200992733
33712,Pinellas,2025-02-28,1894.4886414352356
33712,Pinellas,2025-03-31,1910.5055634330386
33712,Pinellas,2025-04-30,1910.7416645542341
33712,Pinellas,2025-05-31,1912.2383635816961
33712,Pinellas,2025-06-30,1906.839112721007
33712,Pinellas,2025-07-31,1931.2754538838797
33712,Pinellas,2025-08-31,1895.8248229434528
33712,Pinellas,2025-09-30,1894.3001219343187
33712,Pinellas,2025-10-31,1867.1110818595016
33712,Pinellas,2025-11-30,1905.8658789821138
33712,Pinellas,2025-12-31,1914.385218513673
33712,Pinellas,2026-01-31,1912.3252091035495
33712,Pinellas,2026-02-28,1899.6644055143288
33712,Pinellas,2026-03-31,1888.4460385851737
33712,Pinellas,2026-04-30,1912.163452563422
33712,Pinellas,2026-05-31,1919.3632730942347
33712,Pinellas,2026-06-30,1937.5902921555096
33572,Hillsborough,2015-01-31,1019.5756562064782
33572,Hillsborough,2015-02-28,1018.0347321008861
33572,Hillsborough,2015-03-31,994.5974578794244
33572,Hillsborough,2015-04-30,1016.4409698732707
33572,Hillsborough,2015-05-31,1026.9833295080027
33572,Hillsborough,2015-06-30,1049.679645235256
33572,Hillsborough,2015-07-31,1046.489666248442
33572,Hillsborough,2015-08-31,1050.6664804943737
33572,Hillsborough,2015-09-30,1061.8736300802914
33572,Hillsborough,2015-10-31,1073.4952826839067
33572,Hillsborough,2015-11-30,1080.0947284845422
33572,Hillsborough,2015-12-31,1078.1884746661833
33572,Hillsborough,2016-01-31,1077.518622098318
33572,Hillsborough,2016-02-29,1080.4420730204051
33572,Hillsborough,2016-03-31,1072.5198320506752
33572,Hillsborough,2016-04-30,1076.1476347810822
33572,Hillsborough,2016-05-31,1086.4148902290146
33572,Hillsborough,2016-06-30,1098.0896031934728
33572,Hillsborough,2016-07-31,1106.1875475862985
33572,Hillsborough,2016-08-31,1110.465195657474
33572,Hillsborough,2016-09-30,1126.3555003079466
33572,Hillsborough,2016-10-31,1130.080221449719
33572,Hillsborough,2016-11-30,1130.390176478759
33572,Hillsborough,2016-12-31,1120.0648634562158
33572,Hillsborough,2017-01-31,1113.2605330087322
33572,Hillsborough,2017-02-28,1107.0004210789766
33572,Hillsborough,2017-03-31,1118.7786938277438
33572,Hillsborough,2017-04-30,1124.4015026457914
33572,Hillsborough,2017-05-31,1144.2195161912298
33572,Hillsborough,2017-06-30,1156.4168681932483
33572,Hillsborough,2017-07-31,1166.2207691359258
33572,Hillsborough,2017-08-31,1162.7921896718349
33572,Hillsborough,2017-09-30,1161.7244567746227
33572,Hillsborough,2017-10-31,1136.5100549954518
33572,Hillsborough,2017-11-30,1127.5833338418217
33572,Hillsborough,2017-12-31,1129.515921016246
33572,Hillsborough,2018-01-31,1160.9291105726427
33572,Hillsborough,2018-02-28,1176.1423316988446
33572,Hillsborough,2018-03-31,1196.4774783267128
33572,Hillsborough,2018-04-30,1196.4135149454476
33572,Hillsborough,2018-05-31,1214.05515280472
33572,Hillsborough,2018-06-30,1210.920757892871
33572,Hillsborough,2018-07-31,1230.2311434828805
33572,Hillsborough,2018-08-31,1217.9072786863128
33572,Hillsborough,2018-09-30,1218.7990478083914
33572,Hillsborough,2018-10-31,1219.3515573271384
33572,Hillsborough,2018-11-30,1257.3716306031984
33572,Hillsborough,2018-12-31,1265.1104355139628
33572,Hillsborough,2019-01-31,1260.7105283675
33572,Hillsborough,2019-02-28,1249.6216366638785
33572,Hillsborough,2019-03-31,1252.641416757505
33572,Hillsborough,2019-04-30,1268.2835876488912
33572,Hillsborough,2019-05-31,1254.5939264021451
33572,Hillsborough,2019-06-30,1269.6316906660436
33572,Hillsborough,2019-07-31,1279.8554409517933
33572,Hillsborough,2019-08-31,1302.132508943268
33572,Hillsborough,2019-09-30,1311.7068938700522
33572,Hillsborough,2019-10-31,1317.78493274146
33572,Hillsborough,2019-11-30,1321.1170109223706
33572,Hillsborough,2019-12-31,1316.001702584408
33572,Hillsborough,2020-01-31,1315.509367221921
33572,Hillsborough,2020-02-29,1316.024184788371
33572,Hillsborough,2020-03-31,1315.9778734576182
33572,Hillsborough,2020-04-30,1302.6954431126744
33572,Hillsborough,2020-05-31,1309.123472514376
33572,Hillsborough,2020-06-30,1320.7327562701707
33572,Hillsborough,2020-07-31,1337.7775121386487
33572,Hillsborough,2020-08-31,1353.1501109869175
33572,Hillsborough,2020-09-30,1361.2847595987892
33572,Hillsborough,2020-10-31,1394.7750314015982
33572,Hillsborough,2020-11-30,1421.4906540590084
33572,Hillsborough,2020-12-31,1450.2998005297482
33572,Hillsborough,2021-01-31,1465.7244850855552
33572,Hillsborough,2021-02-28,1482.2910355109543
33572,Hillsborough,2021-03-31,1491.9154241816927
33572,Hillsborough,2021-04-30,1519.0234989671026
33572,Hillsborough,2021-05-31,1533.7722798115828
33572,Hillsborough,2021-06-30,1590.860881362694
33572,Hillsborough,2021-07-31,1609.5805658880756
33572,Hillsborough,2021-08-31,1649.627650360242
33572,Hillsborough,2021-09-30,1646.641936588212
33572,Hillsborough,2021-10-31,1668.3206823385965
33572,Hillsborough,2021-11-30,1727.5263982905021
33572,Hillsborough,2021-12-31,1761.5713141534002
33572,Hillsborough,2022-01-31,1756.4516473178378
33572,Hillsborough,2022-02-28,1735.7317399078704
33572,Hillsborough,2022-03-31,1751.4159596213387
33572,Hillsborough,2022-04-30,1818.2490244688518
33572,Hillsborough,2022-05-31,1813.932794413533
33572,Hillsborough,2022-06-30,1827.3099315185273
33572,Hillsborough,2022-07-31,1850.8930115770406
33572,Hillsborough,2022-08-31,1875.8216581685754
33572,Hillsborough,2022-09-30,1893.9817122963807
33572,Hillsborough,2022-10-31,1899.0674564816927
33572,Hillsborough,2022-11-30,1944.670875369143
33572,Hillsborough,2022-12-31,1937.0221140054034
33572,Hillsborough,2023-01-31,1907.7025404417677
33572,Hillsborough,2023-02-28,1907.398364617706
33572,Hillsborough,2023-03-31,1925.1530298371117
33572,Hillsborough,2023-04-30,1957.6846571239996
33572,Hillsborough,2023-05-31,1938.1463638791636
33572,Hillsborough,2023-06-30,1991.4212662805096
33572,Hillsborough,2023-07-31,1987.8624293529886
33572,Hillsborough,2023-08-31,2013.4848032760156
33572,Hillsborough,2023-09-30,1957.46100140486
33572,Hillsborough,2023-10-31,1969.5786524955129
33572,Hillsborough,2023-11-30,1957.9784312580052
33572,Hillsborough,2023-12-31,1974.36428775005
33572,Hillsborough,2024-01-31,1989.5460790097495
33572,Hillsborough,2024-02-29,1993.377246151539
33572,Hillsborough,2024-03-31,1996.265606101912
33572,Hillsborough,2024-04-30,1973.4393492738368
33572,Hillsborough,2024-05-31,1978.7372759050716
33572,Hillsborough,2024-06-30,1996.3047876738271
33572,Hillsborough,2024-07-31,2010.7303933434998
33572,Hillsborough,2024-08-31,2027.293125418952
33572,Hillsborough,2024-09-30,2024.9063118163708
33572,Hillsborough,2024-10-31,2065.022073262304
33572,Hillsborough,2024-11-30,2080.478096099979
33572,Hillsborough,2024-12-31,2106.8162433074053
33572,Hillsborough,2025-01-31,2127.931068566607
33572,Hillsborough,2025-02-28,2112.813595341643
33572,Hillsborough,2025-03-31,2134.001813474149
33572,Hillsborough,2025-04-30,2101.8004373445992
33572,Hillsborough,2025-05-31,2156.0849873682323
33572,Hillsborough,2025-06-30,2148.1367705470843
33572,Hillsborough,2025-07-31,2182.3949212450025
33572,Hillsborough,2025-08-31,2173.906957719631
33572,Hillsborough,2025-09-30,2152.945366868465
33572,Hillsborough,2025-10-31,2143.3155192768895
33572,Hillsborough,2025-11-30,2141.624755880546
33572,Hillsborough,2025-12-31,2176.3184835096613
33572,Hillsborough,2026-01-31,2165.9095597356572
33572,Hillsborough,2026-02-28,2187.0206664017087
33572,Hillsborough,2026-03-31,2217.701647923557
33572,Hillsborough,2026-04-30,2245.1292025606763
33572,Hillsborough,2026-05-31,2235.926508282382
33572,Hillsborough,2026-06-30,2215.7190733243365
33566,Hillsborough,2023-04-30,1695.645487974321
33566,Hillsborough,2023-05-31,1756.9342391131752
33566,Hillsborough,2023-06-30,1731.8355084793573
33566,Hillsborough,2023-07-31,1705.8196545935634
33566,Hillsborough,2023-08-31,1693.6916942260666
33566,Hillsborough,2023-09-30,1718.2856055222646
33566,Hillsborough,2023-10-31,1715.3586358747993
33566,Hillsborough,2023-11-30,1705.9882489315828
33566,Hillsborough,2023-12-31,1696.0121492507005
33566,Hillsborough,2024-01-31,1693.1905559918503
33566,Hillsborough,2024-02-29,1726.338516736692
33566,Hillsborough,2024-03-31,1739.8144739956124
33566,Hillsborough,2024-04-30,1769.0232951896296
33566,Hillsborough,2024-05-31,1746.5865972390438
33566,Hillsborough,2024-06-30,1728.5622934027163
33566,Hillsborough,2024-07-31,1720.1935793424402
33566,Hillsborough,2024-08-31,1737.4204959668775
33566,Hillsborough,2024-09-30,1740.4416497322145
33566,Hillsborough,2024-10-31,1732.3846687993505
33566,Hillsborough,2024-11-30,1704.9283389269847
33566,Hillsborough,2024-12-31,1686.4933988549003
33566,Hillsborough,2025-01-31,1683.053280957254
33566,Hillsborough,2025-02-28,1711.053133925997
33566,Hillsborough,2025-03-31,1784.0337640914017
33566,Hillsborough,2025-04-30,1820.2090831420307
33566,Hillsborough,2025-05-31,1830.3386065541122
33566,Hillsborough,2025-06-30,1753.3859715064043
33566,Hillsborough,2025-07-31,1763.5544167663738
33566,Hillsborough,2025-08-31,1776.7421297907358
33566,Hillsborough,2025-09-30,1814.7741728806216
33566,Hillsborough,2025-10-31,1792.574354464524
33566,Hillsborough,2025-11-30,1857.0657268934797
33566,Hillsborough,2025-12-31,1898.4870193602267
33566,Hillsborough,2026-01-31,1916.1536512370951
33566,Hillsborough,2026-02-28,1866.0343032831934
33566,Hillsborough,2026-03-31,1861.6994134371628
33566,Hillsborough,2026-04-30,1863.0188621906661
33566,Hillsborough,2026-05-31,1843.019281384488
33566,Hillsborough,2026-06-30,1796.5333333333335
34677,Pinellas,2022-04-30,1745.9809517265041
34677,Pinellas,2022-05-31,1788.2390720943483
34677,Pinellas,2022-06-30,1798.5961003130672
34677,Pinellas,2022-07-31,1823.164543583429
34677,Pinellas,2022-08-31,1826.0268854423384
34677,Pinellas,2022-09-30,1838.1071555846947
34677,Pinellas,2022-10-31,1837.9904698919283
34677,Pinellas,2022-12-31,1857.8880216261691
34677,Pinellas,2023-01-31,1903.2664138597397
34677,Pinellas,2023-02-28,1867.1825746218294
34677,Pinellas,2023-03-31,1892.3786410234595
34677,Pinellas,2023-04-30,1893.9081977994724
34677,Pinellas,2023-05-31,1910.0150019624136
34677,Pinellas,2023-06-30,1916.428338239299
34677,Pinellas,2023-07-31,1902.9302684398044
34677,Pinellas,2023-08-31,1945.1053607518772
34677,Pinellas,2023-09-30,1955.8856016904365
34677,Pinellas,2023-10-31,1975.906549187487
34677,Pinellas,2023-11-30,1963.7751152056608
34677,Pinellas,2023-12-31,1951.627684630157
34677,Pinellas,2024-01-31,1950.1472796616163
34677,Pinellas,2024-02-29,1911.0168798781965
34677,Pinellas,2024-03-31,1937.1323320646068
34677,Pinellas,2024-04-30,1941.2351010290552
34677,Pinellas,2024-05-31,1980.837344798558
34677,Pinellas,2024-06-30,1970.4213281027914
34677,Pinellas,2024-07-31,1950.15857083772
34677,Pinellas,2024-08-31,1949.6323092909327
34677,Pinellas,2024-09-30,1938.1901280457903
34677,Pinellas,2024-10-31,1994.2430014375711
34677,Pinellas,2024-11-30,2032.3602525935494
34677,Pinellas,2024-12-31,2085.267582701579
34677,Pinellas,2025-01-31,2049.0403330381364
34677,Pinellas,2025-02-28,2025.2699694803666
34677,Pinellas,2025-03-31,2037.0867953909963
34677,Pinellas,2025-04-30,2051.302712823576
34677,Pinellas,2025-05-31,2056.4886759615515
34677,Pinellas,2025-06-30,2012.4895836323628
34677,Pinellas,2025-07-31,2006.2304017933095
34677,Pinellas,2025-08-31,2018.2949842111193
34677,Pinellas,2025-09-30,2026.8322424359676
34677,Pinellas,2025-10-31,1976.8481229266808
34677,Pinellas,2025-11-30,1927.6430468161382
34677,Pinellas,2025-12-31,1923.779599575365
34677,Pinellas,2026-01-31,1965.6071873446267
34677,Pinellas,2026-02-28,1989.2002112183775
34677,Pinellas,2026-03-31,1980.9878840131414
34677,Pinellas,2026-04-30,1985.4737854037407
34677,Pinellas,2026-05-31,1983.9426192475485
34677,Pinellas,2026-06-30,1990.4920634920636
33606,Hillsborough,2015-01-31,1182.5034893967752
33606,Hillsborough,2015-02-28,1172.6653434885363
33606,Hillsborough,2015-03-31,1193.6915697408256
33606,Hillsborough,2015-04-30,1198.08467507703
33606,Hillsborough,2015-05-31,1232.3226665408486
33606,Hillsborough,2015-06-30,1239.3729467113503
33606,Hillsborough,2015-07-31,1245.8486118307162
33606,Hillsborough,2015-08-31,1237.031599472037
33606,Hillsborough,2015-09-30,1251.5868404271107
33606,Hillsborough,2015-10-31,1254.3959003340472
33606,Hillsborough,2015-11-30,1277.4470119946152
33606,Hillsborough,2015-12-31,1274.3466575186587
33606,Hillsborough,2016-01-31,1278.42967540506
33606,Hillsborough,2016-02-29,1276.3920276565168
33606,Hillsborough,2016-03-31,1277.4230418606346
33606,Hillsborough,2016-04-30,1297.9025483605726
33606,Hillsborough,2016-05-31,1301.6609833065847
33606,Hillsborough,2016-06-30,1319.887597818907
33606,Hillsborough,2016-07-31,1313.5126939677714
33606,Hillsborough,2016-08-31,1320.9010807556904
33606,Hillsborough,2016-09-30,1322.3463402511968
33606,Hillsborough,2016-10-31,1325.476488045493
33606,Hillsborough,2016-11-30,1321.9099575489518
33606,Hillsborough,2016-12-31,1314.7919615641572
33606,Hillsborough,2017-01-31,1327.3702149940227
33606,Hillsborough,2017-02-28,1343.8565132344195
33606,Hillsborough,2017-03-31,1367.389740134253
33606,Hillsborough,2017-04-30,1379.8383033356806
33606,Hillsborough,2017-05-31,1388.5013257815742
33606,Hillsborough,2017-06-30,1389.9785526377066
33606,Hillsborough,2017-07-31,1387.2588274091793
33606,Hillsborough,2017-08-31,1390.7552842310868
33606,Hillsborough,2017-09-30,1374.5089039056836
33606,Hillsborough,2017-10-31,1364.4423115522488
33606,Hillsborough,2017-11-30,1341.3026005256604
33606,Hillsborough,2017-12-31,1350.0967706543515
33606,Hillsborough,2018-01-31,1359.4631559505262
33606,Hillsborough,2018-02-28,1391.1398720847167
33606,Hillsborough,2018-03-31,1409.7749780965628
33606,Hillsborough,2018-04-30,1445.032242045397
33606,Hillsborough,2018-05-31,1453.7632269084993
33606,Hillsborough,2018-06-30,1467.7672368338676
33606,Hillsborough,2018-07-31,1455.937683004949
33606,Hillsborough,2018-08-31,1459.139653392953
33606,Hillsborough,2018-09-30,1443.1015685947705
33606,Hillsborough,2018-10-31,1440.748506008918
33606,Hillsborough,2018-11-30,1442.8165176637362
33606,Hillsborough,2018-12-31,1454.713909144776
33606,Hillsborough,2019-01-31,1467.5430566704495
33606,Hillsborough,2019-02-28,1472.795177934406
33606,Hillsborough,2019-03-31,1476.6915565145423
33606,Hillsborough,2019-04-30,1481.507552871613
33606,Hillsborough,2019-05-31,1493.365550732964
33606,Hillsborough,2019-06-30,1517.9107081590532
33606,Hillsborough,2019-07-31,1540.1342252196632
33606,Hillsborough,2019-08-31,1562.5279852463696
33606,Hillsborough,2019-09-30,1553.301423847283
33606,Hillsborough,2019-10-31,1544.8316164683652
33606,Hillsborough,2019-11-30,1516.7872939076476
33606,Hillsborough,2019-12-31,1534.6149260047694
33606,Hillsborough,2020-01-31,1533.3064583584903
33606,Hillsborough,2020-02-29,1551.1127972067725
33606,Hillsborough,2020-03-31,1551.9957491054504
33606,Hillsborough,2020-04-30,1549.2452093870618
33606,Hillsborough,2020-05-31,1552.1624671388854
33606,Hillsborough,2020-06-30,1561.3525657315745
33606,Hillsborough,2020-07-31,1573.7540264710976
33606,Hillsborough,2020-08-31,1569.415010209451
33606,Hillsborough,2020-09-30,1562.9983915132043
33606,Hillsborough,2020-10-31,1569.2624986562882
33606,Hillsborough,2020-11-30,1581.023250485016
33606,Hillsborough,2020-12-31,1595.814638622976
33606,Hillsborough,2021-01-31,1615.2796402881572
33606,Hillsborough,2021-02-28,1638.9526743447948
33606,Hillsborough,2021-03-31,1667.6819326681161
33606,Hillsborough,2021-04-30,1705.4402509946115
33606,Hillsborough,2021-05-31,1757.9660127358093
33606,Hillsborough,2021-06-30,1813.7772460788458
33606,Hillsborough,2021-07-31,1857.5458939282232
33606,Hillsborough,2021-08-31,1913.8526531810496
33606,Hillsborough,2021-09-30,1982.4377619520908
33606,Hillsborough,2021-10-31,2054.93382215988
33606,Hillsborough,2021-11-30,2062.2754498058384
33606,Hillsborough,2021-12-31,2078.343486916891
33606,Hillsborough,2022-01-31,2065.4908800111652
33606,Hillsborough,2022-02-28,2097.550744971559
33606,Hillsborough,2022-03-31,2094.2598234728557
33606,Hillsborough,2022-04-30,2135.2269199528087
33606,Hillsborough,2022-05-31,2162.7773710364263
33606,Hillsborough,2022-06-30,2164.8821595793956
33606,Hillsborough,2022-07-31,2174.6218873232733
33606,Hillsborough,2022-08-31,2172.5536135346183
33606,Hillsborough,2022-09-30,2193.796736501996
33606,Hillsborough,2022-10-31,2166.7207083858357
33606,Hillsborough,2022-11-30,2155.377581613024
33606,Hillsborough,2022-12-31,2145.146907714555
33606,Hillsborough,2023-01-31,2170.1813744357937
33606,Hillsborough,2023-02-28,2179.850498964308
33606,Hillsborough,2023-03-31,2187.0733615296213
33606,Hillsborough,2023-04-30,2203.6075333227095
33606,Hillsborough,2023-05-31,2225.13578881619
33606,Hillsborough,2023-06-30,2242.38983732657
33606,Hillsborough,2023-07-31,2237.8280602373743
33606,Hillsborough,2023-08-31,2246.7472790568204
33606,Hillsborough,2023-09-30,2234.9727384187977
33606,Hillsborough,2023-10-31,2218.7025845826065
33606,Hillsborough,2023-11-30,2202.286850015795
33606,Hillsborough,2023-12-31,2206.7372822276757
33606,Hillsborough,2024-01-31,2229.9771693359903
33606,Hillsborough,2024-02-29,2229.1644564390845
33606,Hillsborough,2024-03-31,2234.5497265738036
33606,Hillsborough,2024-04-30,2228.9576792749185
33606,Hillsborough,2024-05-31,2261.8428350747945
33606,Hillsborough,2024-06-30,2279.937870847595
33606,Hillsborough,2024-07-31,2294.9168026794937
33606,Hillsborough,2024-08-31,2278.2183824313406
33606,Hillsborough,2024-09-30,2265.9899829338683
33606,Hillsborough,2024-10-31,2277.678390640547
33606,Hillsborough,2024-11-30,2276.1346233328672
33606,Hillsborough,2024-12-31,2277.4546635683005
33606,Hillsborough,2025-01-31,2261.231458894673
33606,Hillsborough,2025-02-28,2294.1620993052165
33606,Hillsborough,2025-03-31,2320.4625148184964
33606,Hillsborough,2025-04-30,2342.637172825621
33606,Hillsborough,2025-05-31,2337.6278424432626
33606,Hillsborough,2025-06-30,2353.5184656131255
33606,Hillsborough,2025-07-31,2365.521456368512
33606,Hillsborough,2025-08-31,2356.100494358989
33606,Hillsborough,2025-09-30,2317.2463618508
33606,Hillsborough,2025-10-31,2290.270627252027
33606,Hillsborough,2025-11-30,2282.0480466313343
33606,Hillsborough,2025-12-31,2291.55327758754
33606,Hillsborough,2026-01-31,2293.9970412230023
33606,Hillsborough,2026-02-28,2299.9116924153595
33606,Hillsborough,2026-03-31,2326.9683500822516
33606,Hillsborough,2026-04-30,2349.3017294165697
33606,Hillsborough,2026-05-31,2374.7838649164105
33606,Hillsborough,2026-06-30,2380.1524123219774
33774,Pinellas,2023-01-31,1784.3817341259833
33774,Pinellas,2023-02-28,1787.3976907135018
33774,Pinellas,2023-03-31,1821.2380165600875
33774,Pinellas,2023-04-30,1846.8585290007957
33774,Pinellas,2023-05-31,1830.7175655417986
33774,Pinellas,2023-06-30,1814.8109471353987
33774,Pinellas,2023-07-31,1798.0408730398567
33774,Pinellas,2023-08-31,1815.4908477400838
33774,Pinellas,2023-09-30,1809.0764364390743
33774,Pinellas,2023-10-31,1852.683334133846
33774,Pinellas,2023-11-30,1859.374212868668
33774,Pinellas,2023-12-31,1844.98654055129
33774,Pinellas,2024-01-31,1817.804767118979
33774,Pinellas,2024-02-29,1816.755808775863
33774,Pinellas,2024-03-31,1834.0142497028305
33774,Pinellas,2024-04-30,1842.9227058730626
33774,Pinellas,2024-05-31,1836.5464058425412
33774,Pinellas,2024-06-30,1808.4336639193582
33774,Pinellas,2024-07-31,1814.6205657522485
33774,Pinellas,2024-08-31,1828.663677051737
33774,Pinellas,2024-09-30,1863.6311787919847
33774,Pinellas,2024-10-31,1898.4806335186179
33774,Pinellas,2024-11-30,1902.4841938819895
33774,Pinellas,2024-12-31,1902.8965479201313
33774,Pinellas,2025-01-31,1860.5739006712042
33774,Pinellas,2025-02-28,1864.1283894648577
33774,Pinellas,2025-03-31,1867.4878115004658
33774,Pinellas,2025-04-30,1894.9587834120828
33774,Pinellas,2025-05-31,1899.661997296303
33774,Pinellas,2025-06-30,1892.420873802051
33774,Pinellas,2025-07-31,1868.9239877150637
33774,Pinellas,2025-08-31,1881.2635596090524
33774,Pinellas,2025-09-30,1881.8030627103115
33774,Pinellas,2025-10-31,1884.7845984279963
33774,Pinellas,2025-11-30,1858.4827374471802
33774,Pinellas,2025-12-31,1838.3950488984171
33774,Pinellas,2026-01-31,1863.0255679652062
33774,Pinellas,2026-02-28,1859.0745535281465
33774,Pinellas,2026-03-31,1895.2877034333512
33774,Pinellas,2026-04-30,1870.6275860837811
33774,Pinellas,2026-05-31,1861.9884903731268
33774,Pinellas,2026-06-30,1898.8809523809523
33714,Pinellas,2021-11-30,1342.1837295528048
33714,Pinellas,2021-12-31,1362.5184403723852
33714,Pinellas,2022-02-28,1393.7442944476577
33714,Pinellas,2022-03-31,1476.6720074498146
33714,Pinellas,2022-04-30,1509.1675994388704
33714,Pinellas,2022-05-31,1535.8070299472613
33714,Pinellas,2022-06-30,1512.6480620132807
33714,Pinellas,2022-07-31,1506.0332047687516
33714,Pinellas,2022-08-31,1517.349925964654
33714,Pinellas,2022-09-30,1516.8045185044548
33714,Pinellas,2022-10-31,1526.8137774218962
33714,Pinellas,2022-11-30,1552.4656950701903
33714,Pinellas,2022-12-31,1573.7673446246
33714,Pinellas,2023-01-31,1613.6183049933215
33714,Pinellas,2023-02-28,1602.1156535922837
33714,Pinellas,2023-03-31,1610.9103821191045
33714,Pinellas,2023-04-30,1574.4685800207142
33714,Pinellas,2023-05-31,1597.4544578567518
33714,Pinellas,2023-06-30,1594.1295124187611
33714,Pinellas,2023-07-31,1624.8918213268796
33714,Pinellas,2023-08-31,1622.9673959491167
33714,Pinellas,2023-09-30,1636.367073615206
33714,Pinellas,2023-10-31,1625.2871295490827
33714,Pinellas,2023-11-30,1628.7044588554168
33714,Pinellas,2023-12-31,1658.1973233994686
33714,Pinellas,2024-01-31,1637.7596169422259
33714,Pinellas,2024-02-29,1646.59345927991
33714,Pinellas,2024-03-31,1655.8944446173587
33714,Pinellas,2024-04-30,1707.4912687365725
33714,Pinellas,2024-05-31,1709.0093473220609
33714,Pinellas,2024-06-30,1694.333535515922
33714,Pinellas,2024-07-31,1703.6058337264403
33714,Pinellas,2024-08-31,1691.3127159146977
33714,Pinellas,2024-09-30,1684.6962054317985
33714,Pinellas,2024-10-31,1659.1483364021362
33714,Pinellas,2024-11-30,1710.9730321034701
33714,Pinellas,2024-12-31,1724.218997989176
33714,Pinellas,2025-01-31,1746.2013179701653
33714,Pinellas,2025-02-28,1741.6230795930385
33714,Pinellas,2025-03-31,1778.949722597987
33714,Pinellas,2025-04-30,1779.2103841919825
33714,Pinellas,2025-05-31,1757.3741661336155
33714,Pinellas,2025-06-30,1722.5313044559966
33714,Pinellas,2025-07-31,1734.6117400481073
33714,Pinellas,2025-08-31,1740.0765152672388
33714,Pinellas,2025-09-30,1743.7415337662985
33714,Pinellas,2025-10-31,1749.6091597063353
33714,Pinellas,2025-11-30,1760.5773809805714
33714,Pinellas,2025-12-31,1741.4126771477931
33714,Pinellas,2026-01-31,1682.4242614899197
33714,Pinellas,2026-02-28,1686.302735114467
33714,Pinellas,2026-03-31,1732.1260054433762
33714,Pinellas,2026-04-30,1796.1956652649435
33714,Pinellas,2026-05-31,1812.7202312591728
33714,Pinellas,2026-06-30,1796.5595238095239
33763,Pinellas,2022-01-31,1774.2700574535077
33763,Pinellas,2022-02-28,1814.2765723699385
33763,Pinellas,2022-03-31,1824.7432313451714
33763,Pinellas,2022-04-30,1843.6557626304125
33763,Pinellas,2022-05-31,1851.3623810766
33763,Pinellas,2022-06-30,1861.653768077532
33763,Pinellas,2022-07-31,1855.4152382191653
33763,Pinellas,2022-08-31,1871.724305540692
33763,Pinellas,2022-09-30,1888.4898523317127
33763,Pinellas,2022-10-31,1879.406597125947
33763,Pinellas,2022-11-30,1870.614516250392
33763,Pinellas,2022-12-31,1859.4563841554452
33763,Pinellas,2023-01-31,1845.8207967945993
33763,Pinellas,2023-02-28,1841.318655866432
33763,Pinellas,2023-03-31,1849.4071298565593
33763,Pinellas,2023-04-30,1882.114089419142
33763,Pinellas,2023-05-31,1901.9466793360914
33763,Pinellas,2023-06-30,1894.8133004012434
33763,Pinellas,2023-07-31,1896.7135780475053
33763,Pinellas,2023-08-31,1906.938491760721
33763,Pinellas,2023-09-30,1917.8148222475882
33763,Pinellas,2023-10-31,1898.0879087093085
33763,Pinellas,2023-11-30,1888.9875896122967
33763,Pinellas,2023-12-31,1878.7834400870604
33763,Pinellas,2024-01-31,1890.745669047728
33763,Pinellas,2024-02-29,1898.7175570466507
33763,Pinellas,2024-03-31,1924.892559947515
33763,Pinellas,2024-04-30,1934.655933113115
33763,Pinellas,2024-05-31,1928.5472211938081
33763,Pinellas,2024-06-30,1925.5644110162184
33763,Pinellas,2024-07-31,1935.5135698723207
33763,Pinellas,2024-08-31,1957.148239969667
33763,Pinellas,2024-09-30,1985.7920283390654
33763,Pinellas,2024-10-31,1984.0286082796113
33763,Pinellas,2024-11-30,1997.260787091222
33763,Pinellas,2024-12-31,1993.8234933781725
33763,Pinellas,2025-01-31,1999.4435112535577
33763,Pinellas,2025-02-28,1976.1379934018892
33763,Pinellas,2025-03-31,1971.9602746958742
33763,Pinellas,2025-04-30,1955.5208025135917
33763,Pinellas,2025-05-31,1941.394616771295
33763,Pinellas,2025-06-30,1931.5709290382167
33763,Pinellas,2025-07-31,1944.7850734192832
33763,Pinellas,2025-08-31,1959.4464950597098
33763,Pinellas,2025-09-30,1940.726721282035
33763,Pinellas,2025-10-31,1913.6713865192105
33763,Pinellas,2025-11-30,1886.2859350188162
33763,Pinellas,2025-12-31,1921.1578546070791
33763,Pinellas,2026-01-31,1937.985801392288
33763,Pinellas,2026-02-28,1959.8629357065204
33763,Pinellas,2026-03-31,1924.3246148479384
33763,Pinellas,2026-04-30,1920.3314364711766
33763,Pinellas,2026-05-31,1907.7843997971656
33763,Pinellas,2026-06-30,1905.1457070707067
33603,Hillsborough,2021-12-31,1581.824824908985
33603,Hillsborough,2022-01-31,1609.016823914118
33603,Hillsborough,2022-02-28,1662.6542813946778
33603,Hillsborough,2022-03-31,1679.2762158937112
33603,Hillsborough,2022-04-30,1731.0942253280903
33603,Hillsborough,2022-05-31,1758.866735107361
33603,Hillsborough,2022-06-30,1780.7492751786315
33603,Hillsborough,2022-07-31,1793.6567671386647
33603,Hillsborough,2022-08-31,1798.681913314333
33603,Hillsborough,2022-09-30,1799.3092929829072
33603,Hillsborough,2022-10-31,1782.976781797512
33603,Hillsborough,2022-11-30,1811.3357571691993
33603,Hillsborough,2022-12-31,1835.661382459463
33603,Hillsborough,2023-01-31,1876.892785492319
33603,Hillsborough,2023-02-28,1818.2890994794136
33603,Hillsborough,2023-03-31,1842.135895798217
33603,Hillsborough,2023-04-30,1831.8216187915682
33603,Hillsborough,2023-05-31,1869.7683166389174
33603,Hillsborough,2023-06-30,1877.8156568219513
33603,Hillsborough,2023-07-31,1880.4003111347697
33603,Hillsborough,2023-08-31,1910.1166771766245
33603,Hillsborough,2023-09-30,1927.5606564658929
33603,Hillsborough,2023-10-31,1928.918040481814
33603,Hillsborough,2023-11-30,1889.7283103452817
33603,Hillsborough,2023-12-31,1859.084161672902
33603,Hillsborough,2024-01-31,1873.1489478851875
33603,Hillsborough,2024-02-29,1883.6903778195651
33603,Hillsborough,2024-03-31,1905.7489899920072
33603,Hillsborough,2024-04-30,1922.5937868938217
33603,Hillsborough,2024-05-31,1923.713741972905
33603,Hillsborough,2024-06-30,1918.9555121897379
33603,Hillsborough,2024-07-31,1935.4305011788006
33603,Hillsborough,2024-08-31,1974.5267560519385
33603,Hillsborough,2024-09-30,1990.9717300388488
33603,Hillsborough,2024-10-31,1957.7622709180416
33603,Hillsborough,2024-11-30,1937.2453194914056
33603,Hillsborough,2024-12-31,1924.15405612784
33603,Hillsborough,2025-01-31,1951.0557790092453
33603,Hillsborough,2025-02-28,1949.8551678234978
33603,Hillsborough,2025-03-31,1959.6929094060395
33603,Hillsborough,2025-04-30,1939.3219844722973
33603,Hillsborough,2025-05-31,1949.655079988095
33603,Hillsborough,2025-06-30,1942.60887337419
33603,Hillsborough,2025-07-31,1970.7677451253403
33603,Hillsborough,2025-08-31,2007.2369309494393
33603,Hillsborough,2025-09-30,2038.0535221052783
33603,Hillsborough,2025-10-31,2042.1600803772908
33603,Hillsborough,2025-11-30,2015.1752804841149
33603,Hillsborough,2025-12-31,1989.8096851119003
33603,Hillsborough,2026-01-31,1964.2424965539394
33603,Hillsborough,2026-02-28,1918.608977659838
33603,Hillsborough,2026-03-31,1930.7687481159362
33603,Hillsborough,2026-04-30,1933.0477057400763
33603,Hillsborough,2026-05-31,1983.5590300603824
33603,Hillsborough,2026-06-30,1993.0961538461536
33525,Pasco,2024-10-31,1768.4281849021231
33525,Pasco,2024-11-30,1771.1090104585546
33525,Pasco,2025-02-28,1745.8004697967754
33525,Pasco,2025-03-31,1746.0610190336427
33525,Pasco,2025-04-30,1768.2675643226216
33525,Pasco,2025-05-31,1767.6679893171936
33525,Pasco,2025-06-30,1780.042837662586
33525,Pasco,2025-07-31,1738.1906860193749
33525,Pasco,2025-08-31,1765.9873836485622
33525,Pasco,2025-09-30,1761.2630176458485
33525,Pasco,2025-10-31,1812.245662578733
33525,Pasco,2025-11-30,1814.9406974200722
33525,Pasco,2025-12-31,1863.4827169728198
33525,Pasco,2026-01-31,1857.6324572293995
33525,Pasco,2026-03-31,1802.4459507460383
33525,Pasco,2026-04-30,1777.129019829814
33525,Pasco,2026-05-31,1791.3199534225796
33525,Pasco,2026-06-30,1781.8055555555557
33549,Hillsborough,2024-03-31,1830.7224455726705
33549,Hillsborough,2024-04-30,1859.9136357818206
33549,Hillsborough,2024-05-31,1799.156392624336
33549,Hillsborough,2024-06-30,1839.5090405073925
33549,Hillsborough,2024-07-31,1848.2335317359193
33549,Hillsborough,2024-08-31,1896.9620030888386
33549,Hillsborough,2024-09-30,1899.2845719500954
33549,Hillsborough,2024-10-31,1866.8721178169956
33549,Hillsborough,2024-11-30,1835.8654601472783
33549,Hillsborough,2024-12-31,1795.2545130831218
33549,Hillsborough,2025-01-31,1793.4513014506251
33549,Hillsborough,2025-02-28,1817.5149189622116
33549,Hillsborough,2025-03-31,1846.2903283255607
33549,Hillsborough,2025-04-30,1864.6785709892563
33549,Hillsborough,2025-05-31,1878.7385699058361
33549,Hillsborough,2025-06-30,1866.0978181307742
33549,Hillsborough,2025-07-31,1905.1216128663968
33549,Hillsborough,2025-08-31,1872.5707592753288
33549,Hillsborough,2025-09-30,1884.5602917571061
33549,Hillsborough,2025-10-31,1877.5552906795665
33549,Hillsborough,2025-11-30,1881.902074719775
33549,Hillsborough,2025-12-31,1873.682846293045
33549,Hillsborough,2026-01-31,1839.5074849848108
33549,Hillsborough,2026-02-28,1842.2762792450292
33549,Hillsborough,2026-03-31,1852.3181886694992
33549,Hillsborough,2026-04-30,1854.8193158778897
33549,Hillsborough,2026-05-31,1842.7590689914914
33549,Hillsborough,2026-06-30,1871.7460317460318
34691,Pasco,2015-01-31,796.3017127921128
34691,Pasco,2015-03-31,822.8863086032754
34691,Pasco,2015-04-30,830.7055256406643
34691,Pasco,2015-05-31,846.4171621878818
34691,Pasco,2015-06-30,835.4351924992096
34691,Pasco,2015-07-31,845.593351837034
34691,Pasco,2015-08-31,853.8190181003465
34691,Pasco,2015-09-30,867.9644414000564
34691,Pasco,2015-10-31,870.4431981890419
34691,Pasco,2015-11-30,865.1501238333663
34691,Pasco,2015-12-31,854.6146572370118
34691,Pasco,2016-01-31,865.5516727727319
34691,Pasco,2016-02-29,858.1695746247545
34691,Pasco,2016-03-31,857.4308515042753
34691,Pasco,2016-04-30,858.2485631157593
34691,Pasco,2016-05-31,874.2490853282802
34691,Pasco,2016-06-30,893.5352811970967
34691,Pasco,2016-07-31,890.9371798334377
34691,Pasco,2016-08-31,889.9809272041932
34691,Pasco,2016-09-30,894.8409303540453
34691,Pasco,2016-10-31,906.2186951856426
34691,Pasco,2016-11-30,916.6185257377842
34691,Pasco,2016-12-31,919.8892373824061
34691,Pasco,2017-01-31,914.9038829748363
34691,Pasco,2017-02-28,909.7111326286546
34691,Pasco,2017-03-31,907.5599019914404
34691,Pasco,2017-04-30,918.2100334415811
34691,Pasco,2017-05-31,936.1533737926152
34691,Pasco,2017-06-30,934.552019069789
34691,Pasco,2017-07-31,933.7435043397766
34691,Pasco,2017-08-31,933.1894082714961
34691,Pasco,2017-09-30,948.0639529536838
34691,Pasco,2017-10-31,957.1848943997782
34691,Pasco,2017-11-30,963.8575394399797
34691,Pasco,2017-12-31,972.7974225224243
34691,Pasco,2018-01-31,982.7435627401056
34691,Pasco,2018-02-28,976.919854070515
34691,Pasco,2018-03-31,980.4706803924505
34691,Pasco,2018-04-30,985.6495375104831
34691,Pasco,2018-05-31,993.6826311626021
34691,Pasco,2018-06-30,996.067055359595
34691,Pasco,2018-07-31,999.1225094945163
34691,Pasco,2018-08-31,1009.8367931749644
34691,Pasco,2018-09-30,1016.5356380555199
34691,Pasco,2018-10-31,1015.0419682099022
34691,Pasco,2018-11-30,1016.53266615379
34691,Pasco,2018-12-31,1021.7564370165916
34691,Pasco,2019-01-31,1029.4559641748538
34691,Pasco,2019-02-28,1063.700483358188
34691,Pasco,2019-03-31,1064.4001576618766
34691,Pasco,2019-04-30,1082.280993810719
34691,Pasco,2019-05-31,1062.4211895778305
34691,Pasco,2019-06-30,1064.696990401803
34691,Pasco,2019-07-31,1054.2430893621615
34691,Pasco,2019-08-31,1050.8538260136563
34691,Pasco,2019-09-30,1057.0488125801899
34691,Pasco,2019-10-31,1078.2820563839873
34691,Pasco,2019-11-30,1092.1394143410084
34691,Pasco,2019-12-31,1107.4697051715477
34691,Pasco,2020-01-31,1105.5489969439784
34691,Pasco,2020-02-29,1112.5798854247353
34691,Pasco,2020-03-31,1115.329532873373
34691,Pasco,2020-04-30,1109.6442677026591
34691,Pasco,2020-05-31,1103.2993244734637
34691,Pasco,2020-06-30,1111.2048106448708
34691,Pasco,2020-07-31,1129.2441544892438
34691,Pasco,2020-08-31,1148.9303991685777
34691,Pasco,2020-09-30,1154.5741054665245
34691,Pasco,2020-10-31,1158.5348662979598
34691,Pasco,2020-11-30,1161.9780209350122
34691,Pasco,2020-12-31,1172.9343800063905
34691,Pasco,2021-01-31,1192.5594638606651
34691,Pasco,2021-02-28,1210.3312799759499
34691,Pasco,2021-03-31,1226.9171292338278
34691,Pasco,2021-04-30,1246.675864843217
34691,Pasco,2021-05-31,1292.5484601542587
34691,Pasco,2021-06-30,1315.881527769276
34691,Pasco,2021-07-31,1336.1067248547918
34691,Pasco,2021-08-31,1313.5121668163106
34691,Pasco,2021-09-30,1370.70999831258
34691,Pasco,2021-10-31,1401.8317971809875
34691,Pasco,2021-11-30,1464.7919303486804
34691,Pasco,2021-12-31,1458.5561029884307
34691,Pasco,2022-01-31,1492.253876850751
34691,Pasco,2022-02-28,1500.3459355603068
34691,Pasco,2022-03-31,1503.8858243210252
34691,Pasco,2022-04-30,1517.8605282905216
34691,Pasco,2022-05-31,1551.0503357779278
34691,Pasco,2022-06-30,1582.3801072964654
34691,Pasco,2022-07-31,1589.0455741135643
34691,Pasco,2022-08-31,1587.7299778991403
34691,Pasco,2022-09-30,1605.973050326011
34691,Pasco,2022-10-31,1612.9487880396198
34691,Pasco,2022-11-30,1648.7838794218662
34691,Pasco,2022-12-31,1669.2133267900974
34691,Pasco,2023-01-31,1680.0210829383009
34691,Pasco,2023-02-28,1651.8744619001143
34691,Pasco,2023-03-31,1612.4024088330123
34691,Pasco,2023-04-30,1609.4591594143815
34691,Pasco,2023-05-31,1618.2901262817354
34691,Pasco,2023-06-30,1645.13939083798
34691,Pasco,2023-07-31,1650.3326712811652
34691,Pasco,2023-08-31,1660.5675828974477
34691,Pasco,2023-09-30,1671.7482543787448
34691,Pasco,2023-10-31,1671.3008312317193
34691,Pasco,2023-11-30,1679.9420983066448
34691,Pasco,2023-12-31,1686.093827371367
34691,Pasco,2024-01-31,1684.2631395094902
34691,Pasco,2024-02-29,1671.7730664910364
34691,Pasco,2024-03-31,1676.8042917860096
34691,Pasco,2024-04-30,1700.3696675096858
34691,Pasco,2024-05-31,1703.7214012083882
34691,Pasco,2024-06-30,1696.3559902218917
34691,Pasco,2024-07-31,1692.7527700657126
34691,Pasco,2024-08-31,1710.8011441366336
34691,Pasco,2024-09-30,1700.6909979263576
34691,Pasco,2024-10-31,1693.435309422205
34691,Pasco,2024-11-30,1691.7019486829502
34691,Pasco,2024-12-31,1703.3490000662314
34691,Pasco,2025-01-31,1715.347707300021
34691,Pasco,2025-02-28,1705.6016910875262
34691,Pasco,2025-03-31,1703.8210369884828
34691,Pasco,2025-04-30,1701.7929234737865
34691,Pasco,2025-05-31,1709.9083405992728
34691,Pasco,2025-06-30,1727.7466360500136
34691,Pasco,2025-07-31,1734.177252432063
34691,Pasco,2025-08-31,1742.3393677918607
34691,Pasco,2025-09-30,1746.5816445557246
34691,Pasco,2025-10-31,1728.3132377336758
34691,Pasco,2025-11-30,1702.215049968204
34691,Pasco,2025-12-31,1701.6407106058266
34691,Pasco,2026-01-31,1712.5534828823309
34691,Pasco,2026-02-28,1732.6502261851533
34691,Pasco,2026-03-31,1735.0891378893598
34691,Pasco,2026-04-30,1733.5574900940476
34691,Pasco,2026-05-31,1748.7103205254405
34691,Pasco,2026-06-30,1720.074074074074
34695,Pinellas,2025-01-31,2289.254735767157
34695,Pinellas,2025-02-28,2251.406073440088
34695,Pinellas,2025-03-31,2292.891229800223
34695,Pinellas,2025-04-30,2334.4141203635186
34695,Pinellas,2025-05-31,2404.9664310440216
34695,Pinellas,2025-06-30,2406.821881736371
34695,Pinellas,2025-07-31,2417.805053749888
34695,Pinellas,2025-08-31,2452.373327444828
34695,Pinellas,2025-09-30,2407.2028038603235
34695,Pinellas,2025-10-31,2327.198059213567
34695,Pinellas,2025-11-30,2292.148984274294
34695,Pinellas,2025-12-31,2338.494196582721
34695,Pinellas,2026-01-31,2355.446332301465
34695,Pinellas,2026-02-28,2419.6414825754373
34695,Pinellas,2026-03-31,2461.9199558588853
34695,Pinellas,2026-04-30,2599.068831721547
34695,Pinellas,2026-05-31,2529.7294698961973
34695,Pinellas,2026-06-30,2530.6666666666665
33635,Hillsborough,2022-04-30,1736.7759322313236
33635,Hillsborough,2022-05-31,1759.7690084943279
33635,Hillsborough,2022-06-30,1750.1695692834094
33635,Hillsborough,2022-07-31,1723.4461749288298
33635,Hillsborough,2022-08-31,1654.9070137120245
33635,Hillsborough,2022-09-30,1684.85491420455
33635,Hillsborough,2022-10-31,1749.276363496042
33635,Hillsborough,2022-11-30,1798.8666890187267
33635,Hillsborough,2022-12-31,1789.4514574711352
33635,Hillsborough,2023-01-31,1790.7328953935576
33635,Hillsborough,2023-02-28,1832.646621615708
33635,Hillsborough,2023-03-31,1861.9773643303245
33635,Hillsborough,2023-04-30,1836.308837741216
33635,Hillsborough,2023-05-31,1869.7126848028952
33635,Hillsborough,2023-06-30,1861.3130700358017
33635,Hillsborough,2023-07-31,1891.506060047231
33635,Hillsborough,2023-08-31,1878.1386981829432
33635,Hillsborough,2023-09-30,1894.5682059106882
33635,Hillsborough,2023-10-31,1888.2133694848872
33635,Hillsborough,2023-11-30,1866.1379120335082
33635,Hillsborough,2023-12-31,1860.416183849122
33635,Hillsborough,2024-01-31,1875.4131556141854
33635,Hillsborough,2024-02-29,1875.0660975511782
33635,Hillsborough,2024-03-31,1863.5078308558618
33635,Hillsborough,2024-04-30,1842.7298251549764
33635,Hillsborough,2024-05-31,1872.244351952096
33635,Hillsborough,2024-06-30,1891.969592455355
33635,Hillsborough,2024-07-31,1922.1216926849565
33635,Hillsborough,2024-08-31,1911.515445936785
33635,Hillsborough,2024-09-30,1904.9520475597571
33635,Hillsborough,2024-10-31,1869.2328943855393
33635,Hillsborough,2024-11-30,1864.7894275605915
33635,Hillsborough,2024-12-31,1851.36711191487
33635,Hillsborough,2025-01-31,1885.1305362741114
33635,Hillsborough,2025-02-28,1951.882418674714
33635,Hillsborough,2025-03-31,1992.294123665468
33635,Hillsborough,2025-04-30,2006.8422431760177
33635,Hillsborough,2025-05-31,1934.8940536195287
33635,Hillsborough,2025-06-30,1901.472178042396
33635,Hillsborough,2025-07-31,1879.2251587294586
33635,Hillsborough,2025-08-31,1916.826662809454
33635,Hillsborough,2025-09-30,1938.266602825595
33635,Hillsborough,2025-10-31,1902.208160172917
33635,Hillsborough,2025-11-30,1856.681090057542
33635,Hillsborough,2025-12-31,1837.6628511367405
33635,Hillsborough,2026-01-31,1863.6799138808135
33635,Hillsborough,2026-02-28,1893.0928059692246
33635,Hillsborough,2026-03-31,1890.1473660019724
33635,Hillsborough,2026-04-30,1887.4330943618697
33635,Hillsborough,2026-05-31,1870.778430330073
33635,Hillsborough,2026-06-30,1886.3597402597404
33761,Pinellas,2022-11-30,2017.6725861740426
33761,Pinellas,2022-12-31,1966.9728208587298
33761,Pinellas,2023-01-31,1993.1195182637719
33761,Pinellas,2023-02-28,2003.1692741350391
33761,Pinellas,2023-03-31,2082.89532444005
33761,Pinellas,2023-04-30,2104.674069379049
33761,Pinellas,2023-05-31,2126.3940695624365
33761,Pinellas,2023-06-30,2078.8667819032526
33761,Pinellas,2023-07-31,2069.2564903810885
33761,Pinellas,2023-08-31,2157.7937562009047
33761,Pinellas,2023-09-30,2179.4997044795946
33761,Pinellas,2023-10-31,2152.427277099766
33761,Pinellas,2023-11-30,2087.7228782941506
33761,Pinellas,2023-12-31,2142.8302473399185
33761,Pinellas,2024-01-31,2173.996619352501
33761,Pinellas,2024-02-29,2147.467946622985
33761,Pinellas,2024-03-31,2069.5159604543937
33761,Pinellas,2024-04-30,2088.015555370599
33761,Pinellas,2024-05-31,2122.6249230711214
33761,Pinellas,2024-06-30,2146.3882227281442
33761,Pinellas,2024-07-31,2158.812330028548
33761,Pinellas,2024-08-31,2156.9948104669757
33761,Pinellas,2024-09-30,2166.7735088688714
33761,Pinellas,2024-10-31,2139.837970197076
33761,Pinellas,2024-11-30,2111.790741620024
33761,Pinellas,2024-12-31,2112.404966305876
33761,Pinellas,2025-01-31,2145.630201694631
33761,Pinellas,2025-02-28,2159.1615688728125
33761,Pinellas,2025-03-31,2192.5669334087634
33761,Pinellas,2025-04-30,2183.804005419075
33761,Pinellas,2025-05-31,2208.13215553791
33761,Pinellas,2025-06-30,2226.206761957212
33761,Pinellas,2025-07-31,2234.463316396741
33761,Pinellas,2025-08-31,2247.0180048229513
33761,Pinellas,2025-09-30,2203.7876470123665
33761,Pinellas,2025-11-30,2267.2540014254887
33761,Pinellas,2025-12-31,2227.161362726263
33761,Pinellas,2026-01-31,2191.466169095934
33761,Pinellas,2026-02-28,2117.303154756588
33761,Pinellas,2026-03-31,2163.2841726927386
33761,Pinellas,2026-04-30,2243.233868705184
33761,Pinellas,2026-05-31,2209.603468854385
33761,Pinellas,2026-06-30,2191.85
33609,Hillsborough,2015-01-31,1290.9989553634873
33609,Hillsborough,2015-02-28,1284.911297152058
33609,Hillsborough,2015-03-31,1278.3236606225857
33609,Hillsborough,2015-04-30,1293.9936093323854
33609,Hillsborough,2015-05-31,1299.897761392839
33609,Hillsborough,2015-06-30,1326.0350143999954
33609,Hillsborough,2015-07-31,1330.8887401529867
33609,Hillsborough,2015-08-31,1339.9694916929116
33609,Hillsborough,2015-09-30,1334.376243463487
33609,Hillsborough,2015-10-31,1321.9638926702676
33609,Hillsborough,2015-11-30,1328.1494947900583
33609,Hillsborough,2015-12-31,1341.2255304201967
33609,Hillsborough,2016-01-31,1372.60615248533
33609,Hillsborough,2016-02-29,1379.2140757207687
33609,Hillsborough,2016-03-31,1371.6812722978932
33609,Hillsborough,2016-04-30,1367.6321203135367
33609,Hillsborough,2016-05-31,1360.9848457620265
33609,Hillsborough,2016-06-30,1388.060712480353
33609,Hillsborough,2016-07-31,1392.7404286876892
33609,Hillsborough,2016-08-31,1408.7390336969952
33609,Hillsborough,2016-09-30,1422.2161612128025
33609,Hillsborough,2016-10-31,1430.6432814451807
33609,Hillsborough,2016-11-30,1436.1538526736365
33609,Hillsborough,2016-12-31,1430.180143066332
33609,Hillsborough,2017-01-31,1452.7362632138108
33609,Hillsborough,2017-02-28,1457.2851996717045
33609,Hillsborough,2017-03-31,1464.475139124211
33609,Hillsborough,2017-04-30,1480.0987593543034
33609,Hillsborough,2017-05-31,1488.0564722871586
33609,Hillsborough,2017-06-30,1483.44185449649
33609,Hillsborough,2017-07-31,1465.4973043871469
33609,Hillsborough,2017-08-31,1455.974595123978
33609,Hillsborough,2017-09-30,1451.820801503252
33609,Hillsborough,2017-10-31,1444.3346196057005
33609,Hillsborough,2017-11-30,1448.051695865063
33609,Hillsborough,2017-12-31,1458.3952705685117
33609,Hillsborough,2018-01-31,1465.9129293456933
33609,Hillsborough,2018-02-28,1471.5018457934946
33609,Hillsborough,2018-03-31,1464.24362281171
33609,Hillsborough,2018-04-30,1482.9318340241746
33609,Hillsborough,2018-05-31,1494.2876083029364
33609,Hillsborough,2018-06-30,1542.1659000552368
33609,Hillsborough,2018-07-31,1548.134817102484
33609,Hillsborough,2018-08-31,1568.3118171311914
33609,Hillsborough,2018-09-30,1560.7338590992308
33609,Hillsborough,2018-10-31,1547.1386172129628
33609,Hillsborough,2018-11-30,1545.2501951118188
33609,Hillsborough,2018-12-31,1518.2349688557172
33609,Hillsborough,2019-01-31,1528.7595044997015
33609,Hillsborough,2019-02-28,1534.7372230503106
33609,Hillsborough,2019-03-31,1566.367387826567
33609,Hillsborough,2019-04-30,1598.5052016888376
33609,Hillsborough,2019-05-31,1606.4602800797911
33609,Hillsborough,2019-06-30,1613.966979329556
33609,Hillsborough,2019-07-31,1616.5544974267639
33609,Hillsborough,2019-08-31,1634.2013434694122
33609,Hillsborough,2019-09-30,1626.9665990112705
33609,Hillsborough,2019-10-31,1628.2092556613575
33609,Hillsborough,2019-11-30,1614.8830016955337
33609,Hillsborough,2019-12-31,1618.289607651695
33609,Hillsborough,2020-01-31,1603.3194346370415
33609,Hillsborough,2020-02-29,1605.215389801345
33609,Hillsborough,2020-03-31,1597.8028110443156
33609,Hillsborough,2020-04-30,1618.7933614026285
33609,Hillsborough,2020-05-31,1637.252097643733
33609,Hillsborough,2020-06-30,1665.0164883196533
33609,Hillsborough,2020-07-31,1671.1155153323734
33609,Hillsborough,2020-08-31,1669.033690238066
33609,Hillsborough,2020-09-30,1673.1404474455646
33609,Hillsborough,2020-10-31,1667.3332512246368
33609,Hillsborough,2020-11-30,1655.7786535882174
33609,Hillsborough,2020-12-31,1652.4259973351052
33609,Hillsborough,2021-01-31,1686.5000005304526
33609,Hillsborough,2021-02-28,1730.308406301413
33609,Hillsborough,2021-03-31,1756.500154038454
33609,Hillsborough,2021-04-30,1786.4404163787588
33609,Hillsborough,2021-05-31,1820.539010318665
33609,Hillsborough,2021-06-30,1878.6475626802157
33609,Hillsborough,2021-07-31,1913.15221110738
33609,Hillsborough,2021-08-31,1987.8567051886287
33609,Hillsborough,2021-09-30,1998.1194765215507
33609,Hillsborough,2021-10-31,2012.92634076151
33609,Hillsborough,2021-11-30,2038.6389261779507
33609,Hillsborough,2021-12-31,2084.5564264240875
33609,Hillsborough,2022-01-31,2197.104843654393
33609,Hillsborough,2022-02-28,2214.1758266679567
33609,Hillsborough,2022-03-31,2268.8571801988737
33609,Hillsborough,2022-04-30,2238.4764464234845
33609,Hillsborough,2022-05-31,2293.1454442051995
33609,Hillsborough,2022-06-30,2340.295207784857
33609,Hillsborough,2022-07-31,2369.82574983286
33609,Hillsborough,2022-08-31,2360.546386292673
33609,Hillsborough,2022-09-30,2364.108008436029
33609,Hillsborough,2022-10-31,2353.0140102729497
33609,Hillsborough,2022-11-30,2312.855212343315
33609,Hillsborough,2022-12-31,2295.418172079874
33609,Hillsborough,2023-01-31,2312.830199804903
33609,Hillsborough,2023-02-28,2371.183607025744
33609,Hillsborough,2023-03-31,2383.4950908667797
33609,Hillsborough,2023-04-30,2395.9679244667777
33609,Hillsborough,2023-05-31,2420.1915338474278
33609,Hillsborough,2023-06-30,2463.8718737003705
33609,Hillsborough,2023-07-31,2460.9492560898375
33609,Hillsborough,2023-08-31,2422.185995621947
33609,Hillsborough,2023-09-30,2385.032082884251
33609,Hillsborough,2023-10-31,2443.597381359539
33609,Hillsborough,2023-11-30,2451.7769185160496
33609,Hillsborough,2023-12-31,2434.849130705519
33609,Hillsborough,2024-01-31,2397.7626193962783
33609,Hillsborough,2024-02-29,2389.36169193779
33609,Hillsborough,2024-03-31,2442.460109013916
33609,Hillsborough,2024-04-30,2442.5606952686585
33609,Hillsborough,2024-05-31,2460.1108704424723
33609,Hillsborough,2024-06-30,2421.273016314057
33609,Hillsborough,2024-07-31,2413.9911638944573
33609,Hillsborough,2024-08-31,2421.5895176581125
33609,Hillsborough,2024-09-30,2451.649226350353
33609,Hillsborough,2024-10-31,2456.752619412589
33609,Hillsborough,2024-11-30,2460.014393136302
33609,Hillsborough,2024-12-31,2454.952162458953
33609,Hillsborough,2025-01-31,2456.482914308658
33609,Hillsborough,2025-02-28,2451.360099806536
33609,Hillsborough,2025-03-31,2463.7667010652226
33609,Hillsborough,2025-04-30,2455.606417341954
33609,Hillsborough,2025-05-31,2462.827203242999
33609,Hillsborough,2025-06-30,2459.024268857367
33609,Hillsborough,2025-07-31,2470.5110319575756
33609,Hillsborough,2025-08-31,2487.118369467556
33609,Hillsborough,2025-09-30,2498.0300262373335
33609,Hillsborough,2025-10-31,2507.557696174372
33609,Hillsborough,2025-11-30,2494.218897567476
33609,Hillsborough,2025-12-31,2463.024075374276
33609,Hillsborough,2026-01-31,2450.1803729799717
33609,Hillsborough,2026-02-28,2442.4566858701896
33609,Hillsborough,2026-03-31,2456.1095864772915
33609,Hillsborough,2026-04-30,2465.6877441211323
33609,Hillsborough,2026-05-31,2466.6259006458436
33609,Hillsborough,2026-06-30,2473.767299077734
33637,Hillsborough,2021-11-30,1606.5881769810921
33637,Hillsborough,2021-12-31,1692.374773510017
33637,Hillsborough,2022-01-31,1672.6962553890091
33637,Hillsborough,2022-02-28,1666.3423222117544
33637,Hillsborough,2022-03-31,1642.296045602845
33637,Hillsborough,2022-04-30,1693.9621214543847
33637,Hillsborough,2022-05-31,1716.2497161167214
33637,Hillsborough,2022-06-30,1757.2706878195252
33637,Hillsborough,2022-07-31,1734.0775902977803
33637,Hillsborough,2022-08-31,1752.671162485882
33637,Hillsborough,2022-09-30,1717.0662253600124
33637,Hillsborough,2022-10-31,1722.0942333940015
33637,Hillsborough,2022-11-30,1695.0909136287885
33637,Hillsborough,2022-12-31,1708.2255681227218
33637,Hillsborough,2023-01-31,1723.2111032182418
33637,Hillsborough,2023-02-28,1753.228160209662
33637,Hillsborough,2023-03-31,1762.6874076788724
33637,Hillsborough,2023-04-30,1768.3463134221938
33637,Hillsborough,2023-05-31,1760.6742059656517
33637,Hillsborough,2023-06-30,1783.9047886782305
33637,Hillsborough,2023-07-31,1779.548001167309
33637,Hillsborough,2023-08-31,1791.747390017566
33637,Hillsborough,2023-09-30,1765.4347385563199
33637,Hillsborough,2023-10-31,1745.8544456927161
33637,Hillsborough,2023-11-30,1745.4845342787894
33637,Hillsborough,2023-12-31,1744.8693461692617
33637,Hillsborough,2024-01-31,1762.231403172825
33637,Hillsborough,2024-02-29,1770.523443380001
33637,Hillsborough,2024-03-31,1773.4032327808757
33637,Hillsborough,2024-04-30,1762.649735209607
33637,Hillsborough,2024-05-31,1758.040032427785
33637,Hillsborough,2024-06-30,1752.738995979086
33637,Hillsborough,2024-07-31,1757.197865480673
33637,Hillsborough,2024-08-31,1750.4303208094532
33637,Hillsborough,2024-09-30,1753.6311231978727
33637,Hillsborough,2024-10-31,1740.5778231427696
33637,Hillsborough,2024-11-30,1734.4209935790827
33637,Hillsborough,2024-12-31,1720.018084066882
33637,Hillsborough,2025-01-31,1714.7908283980885
33637,Hillsborough,2025-02-28,1710.3670635717506
33637,Hillsborough,2025-03-31,1729.939525747252
33637,Hillsborough,2025-04-30,1758.943240841504
33637,Hillsborough,2025-05-31,1791.7438369774877
33637,Hillsborough,2025-06-30,1811.1451629141911
33637,Hillsborough,2025-07-31,1804.6431299328528
33637,Hillsborough,2025-08-31,1800.051296953917
33637,Hillsborough,2025-09-30,1803.7318277643665
33637,Hillsborough,2025-10-31,1811.6873012831218
33637,Hillsborough,2025-11-30,1801.9395024963792
33637,Hillsborough,2025-12-31,1787.7475383328506
33637,Hillsborough,2026-01-31,1780.6285047523265
33637,Hillsborough,2026-02-28,1787.681645489132
33637,Hillsborough,2026-03-31,1774.2660083183914
33637,Hillsborough,2026-04-30,1771.8499265648568
33637,Hillsborough,2026-05-31,1756.914699243738
33637,Hillsborough,2026-06-30,1766.7336372136513
33534,Hillsborough,2021-07-31,1721.9190459299714
33534,Hillsborough,2021-08-31,1775.5294173341922
33534,Hillsborough,2021-09-30,1827.926698152587
33534,Hillsborough,2021-10-31,1867.5492924886364
33534,Hillsborough,2021-11-30,1892.4921111673875
33534,Hillsborough,2021-12-31,1857.4320427603063
33534,Hillsborough,2022-01-31,1859.4346939995044
33534,Hillsborough,2022-02-28,1863.0752905937081
33534,Hillsborough,2022-03-31,1869.8844768007077
33534,Hillsborough,2022-04-30,1895.9653504088885
33534,Hillsborough,2022-05-31,1933.2313066080237
33534,Hillsborough,2022-06-30,1963.8727761469486
33534,Hillsborough,2022-07-31,2031.6415200872248
33534,Hillsborough,2022-08-31,2054.4779456980627
33534,Hillsborough,2022-09-30,2040.8383357995501
33534,Hillsborough,2022-10-31,1969.1787945808353
33534,Hillsborough,2022-11-30,1946.4461502334775
33534,Hillsborough,2022-12-31,1960.3205485668736
33534,Hillsborough,2023-01-31,2004.150342328431
33534,Hillsborough,2023-02-28,2006.6577442626028
33534,Hillsborough,2023-03-31,2031.219162582043
33534,Hillsborough,2023-04-30,2037.937143537069
33534,Hillsborough,2023-05-31,2043.9584719654836
33534,Hillsborough,2023-06-30,2062.85351960216
33534,Hillsborough,2023-07-31,2108.3332321540797
33534,Hillsborough,2023-08-31,2193.406373898083
33534,Hillsborough,2023-09-30,2160.6169754927923
33534,Hillsborough,2023-10-31,2101.599110099483
33534,Hillsborough,2023-11-30,2068.2401744747876
33534,Hillsborough,2024-01-31,2152.8134201516036
33534,Hillsborough,2024-02-29,2135.0693321948484
33534,Hillsborough,2024-03-31,2117.4853541159437
33534,Hillsborough,2024-04-30,2145.0451887612157
33534,Hillsborough,2024-05-31,2153.342007586814
33534,Hillsborough,2024-06-30,2195.2965408961672
33534,Hillsborough,2024-07-31,2175.4440445538844
33534,Hillsborough,2024-08-31,2218.007301028235
33534,Hillsborough,2024-09-30,2166.165750338219
33534,Hillsborough,2024-10-31,2214.2059576064566
33534,Hillsborough,2024-11-30,2185.2795302257086
33534,Hillsborough,2024-12-31,2213.507784651613
33534,Hillsborough,2025-01-31,2252.5023890584807
33534,Hillsborough,2025-02-28,2263.07426675349
33534,Hillsborough,2025-03-31,2238.1415767668464
33534,Hillsborough,2025-04-30,2206.2013931449233
33534,Hillsborough,2025-05-31,2202.6990246551086
33534,Hillsborough,2025-06-30,2216.9841896968
33534,Hillsborough,2025-07-31,2194.9703040450463
33534,Hillsborough,2025-08-31,2215.4690923082276
33534,Hillsborough,2025-09-30,2268.1844923195213
33534,Hillsborough,2025-10-31,2328.3525168731394
33534,Hillsborough,2025-11-30,2272.855427894671
33534,Hillsborough,2025-12-31,2350.0955701877533
33534,Hillsborough,2026-01-31,2336.186559889198
33534,Hillsborough,2026-02-28,2499.0642973669
33534,Hillsborough,2026-03-31,2417.8018421136703
33534,Hillsborough,2026-04-30,2363.5189548333037
33534,Hillsborough,2026-05-31,2296.3576561661457
33534,Hillsborough,2026-06-30,2258.1031746031745
33711,Pinellas,2021-10-31,1633.8987521774106
33711,Pinellas,2021-11-30,1709.7835791803234
33711,Pinellas,2021-12-31,1785.2491097294696
33711,Pinellas,2022-01-31,1792.1531029430812
33711,Pinellas,2022-02-28,1844.6430591778253
33711,Pinellas,2022-03-31,1815.4231824015958
33711,Pinellas,2022-04-30,1874.1205956566434
33711,Pinellas,2022-05-31,1861.3493253073736
33711,Pinellas,2022-06-30,1882.7014468528307
33711,Pinellas,2022-07-31,1863.5261977389337
33711,Pinellas,2022-08-31,1918.2424775559803
33711,Pinellas,2022-09-30,1913.6746387010398
33711,Pinellas,2022-10-31,1928.7553466342263
33711,Pinellas,2022-11-30,1907.9213341834065
33711,Pinellas,2022-12-31,1905.9628282816352
33711,Pinellas,2023-01-31,1959.5532918752303
33711,Pinellas,2023-02-28,1951.6943252844512
33711,Pinellas,2023-03-31,2008.0417118531786
33711,Pinellas,2023-04-30,1992.5892278597253
33711,Pinellas,2023-05-31,2013.2614226845174
33711,Pinellas,2023-06-30,2027.0708544667107
33711,Pinellas,2023-07-31,2021.9641633247486
33711,Pinellas,2023-08-31,2028.9813347174647
33711,Pinellas,2023-09-30,2047.338909545974
33711,Pinellas,2023-10-31,2086.343506210901
33711,Pinellas,2023-11-30,2101.7116423355787
33711,Pinellas,2023-12-31,2073.0996589654155
33711,Pinellas,2024-01-31,2027.6495141039
33711,Pinellas,2024-02-29,2006.0389247335777
33711,Pinellas,2024-03-31,2041.7914884378604
33711,Pinellas,2024-04-30,2068.508203281712
33711,Pinellas,2024-05-31,2114.461364090093
33711,Pinellas,2024-06-30,2091.3367147436475
33711,Pinellas,2024-07-31,2132.434856897624
33711,Pinellas,2024-08-31,2122.6153017656725
33711,Pinellas,2024-09-30,2137.4422713395766
33711,Pinellas,2024-10-31,2135.0572726028954
33711,Pinellas,2024-11-30,2146.8118958147625
33711,Pinellas,2024-12-31,2165.879712081451
33711,Pinellas,2025-01-31,2167.046720056459
33711,Pinellas,2025-02-28,2158.087462875821
33711,Pinellas,2025-03-31,2173.7640979419502
33711,Pinellas,2025-04-30,2160.260810513143
33711,Pinellas,2025-05-31,2201.2081242558597
33711,Pinellas,2025-06-30,2217.539250992658
33711,Pinellas,2025-07-31,2242.057054052929
33711,Pinellas,2025-08-31,2213.7590311208082
33711,Pinellas,2025-09-30,2214.848608118202
33711,Pinellas,2025-10-31,2212.9004785609204
33711,Pinellas,2025-11-30,2267.357267736573
33711,Pinellas,2025-12-31,2253.0425963095377
33711,Pinellas,2026-01-31,2231.9598868640473
33711,Pinellas,2026-02-28,2184.431773887941
33711,Pinellas,2026-03-31,2154.288216723863
33711,Pinellas,2026-04-30,2193.2460092319166
33711,Pinellas,2026-05-31,2213.040546241107
33711,Pinellas,2026-06-30,2250.0458266879323
33559,Hillsborough,2023-04-30,2010.8830258914277
33559,Hillsborough,2023-05-31,2060.55211115589
33559,Hillsborough,2023-06-30,2094.8798254580856
33559,Hillsborough,2023-07-31,2075.308305832908
33559,Hillsborough,2023-08-31,2073.056672326562
33559,Hillsborough,2023-09-30,2065.3389965073047
33559,Hillsborough,2023-10-31,2071.4109145555585
33559,Hillsborough,2023-11-30,2049.667792638687
33559,Hillsborough,2023-12-31,2055.052566939536
33559,Hillsborough,2024-01-31,2041.5108908754985
33559,Hillsborough,2024-02-29,2038.8873466533041
33559,Hillsborough,2024-03-31,2026.1504647815668
33559,Hillsborough,2024-04-30,2031.3972490564663
33559,Hillsborough,2024-05-31,2052.5561374618574
33559,Hillsborough,2024-06-30,2070.5177824477237
33559,Hillsborough,2024-07-31,2071.111768827662
33559,Hillsborough,2024-08-31,2053.0870482382197
33559,Hillsborough,2024-09-30,2019.7107501113258
33559,Hillsborough,2024-10-31,2011.7443803784138
33559,Hillsborough,2024-11-30,2008.8636992261575
33559,Hillsborough,2024-12-31,2028.24848442
33559,Hillsborough,2025-01-31,2035.2348089442862
33559,Hillsborough,2025-02-28,2028.5331795782072
33559,Hillsborough,2025-03-31,2014.457473794536
33559,Hillsborough,2025-04-30,2002.6835066648584
33559,Hillsborough,2025-05-31,2022.6781844468799
33559,Hillsborough,2025-06-30,2018.5843127744183
33559,Hillsborough,2025-07-31,2017.6253486598036
33559,Hillsborough,2025-08-31,1974.056111510595
33559,Hillsborough,2025-09-30,1961.7840371101859
33559,Hillsborough,2025-10-31,1937.3407732708924
33559,Hillsborough,2025-11-30,1952.7291888341624
33559,Hillsborough,2025-12-31,1934.9746608546818
33559,Hillsborough,2026-01-31,1946.1269190790922
33559,Hillsborough,2026-02-28,1930.3907696227354
33559,Hillsborough,2026-03-31,1935.1732269617642
33559,Hillsborough,2026-04-30,1931.0139802109513
33559,Hillsborough,2026-05-31,1936.9854100110986
33559,Hillsborough,2026-06-30,1943.0802469135804
33777,Pinellas,2022-11-30,2049.327790384292
33777,Pinellas,2022-12-31,2109.851339456523
33777,Pinellas,2023-01-31,2143.811729685099
33777,Pinellas,2023-02-28,2142.591885056982
33777,Pinellas,2023-03-31,2176.173748821609
33777,Pinellas,2023-04-30,2183.1765015227224
33777,Pinellas,2023-05-31,2210.744725882843
33777,Pinellas,2023-06-30,2179.6012081375084
33777,Pinellas,2023-07-31,2189.9956345793125
33777,Pinellas,2023-08-31,2204.4280627085363
33777,Pinellas,2023-09-30,2221.6645848974
33777,Pinellas,2023-10-31,2221.9264761164613
33777,Pinellas,2023-11-30,2215.101375509181
33777,Pinellas,2023-12-31,2176.508223318899
33777,Pinellas,2024-01-31,2183.4600710245663
33777,Pinellas,2024-02-29,2160.8077578763787
33777,Pinellas,2024-03-31,2229.269758208513
33777,Pinellas,2024-04-30,2241.650108261534
33777,Pinellas,2024-05-31,2289.455077741672
33777,Pinellas,2024-06-30,2279.869929096095
33777,Pinellas,2024-07-31,2279.3757935560957
33777,Pinellas,2024-08-31,2246.405059447095
33777,Pinellas,2024-09-30,2265.9531389921954
33777,Pinellas,2024-10-31,2260.2224417324146
33777,Pinellas,2024-11-30,2349.493976378751
33777,Pinellas,2024-12-31,2372.0662828022637
33777,Pinellas,2025-01-31,2449.718697122226
33777,Pinellas,2025-02-28,2388.447077858325
33777,Pinellas,2025-03-31,2403.5624698229776
33777,Pinellas,2025-04-30,2424.636049564008
33777,Pinellas,2025-05-31,2472.164117574709
33777,Pinellas,2025-06-30,2463.414882553191
33777,Pinellas,2025-07-31,2401.1852469228397
33777,Pinellas,2025-08-31,2373.505152960652
33777,Pinellas,2025-09-30,2369.4684625764876
33777,Pinellas,2025-10-31,2408.137733380465
33777,Pinellas,2025-11-30,2398.7599259161198
33777,Pinellas,2025-12-31,2397.065335171373
33777,Pinellas,2026-01-31,2391.902157833969
33777,Pinellas,2026-02-28,2471.734696900494
33777,Pinellas,2026-03-31,2419.091560030802
33777,Pinellas,2026-04-30,2396.3007904115666
33777,Pinellas,2026-05-31,2388.0896227773883
33777,Pinellas,2026-06-30,2458.8888888888887
33565,Hillsborough,2026-05-31,2603.3495268100037
33565,Hillsborough,2026-06-30,2586.25
34613,Hernando,2025-12-31,2126.17413203319
34613,Hernando,2026-01-31,2026.5351400664438
34613,Hernando,2026-02-28,2038.0426774189755
34613,Hernando,2026-03-31,1997.7570192235346
34613,Hernando,2026-04-30,2011.744892049419
34613,Hernando,2026-05-31,2011.7926726004625
34613,Hernando,2026-06-30,2052.277777777778
33701,Pinellas,2015-01-31,1104.3696680346882
33701,Pinellas,2015-02-28,1103.409319479084
33701,Pinellas,2015-03-31,1128.8734759212186
33701,Pinellas,2015-04-30,1149.4952506903562
33701,Pinellas,2015-05-31,1165.6639855735677
33701,Pinellas,2015-06-30,1178.177545695036
33701,Pinellas,2015-07-31,1183.8808654285565
33701,Pinellas,2015-08-31,1189.5334582196278
33701,Pinellas,2015-09-30,1184.8189164452192
33701,Pinellas,2015-10-31,1192.7564947969172
33701,Pinellas,2015-11-30,1210.0252413931962
33701,Pinellas,2015-12-31,1226.4534018177053
33701,Pinellas,2016-01-31,1229.7343533433555
33701,Pinellas,2016-02-29,1223.9976213862699
33701,Pinellas,2016-03-31,1228.921910216505
33701,Pinellas,2016-04-30,1261.8495782520658
33701,Pinellas,2016-05-31,1284.1972986132855
33701,Pinellas,2016-06-30,1285.4033847273
33701,Pinellas,2016-07-31,1272.8459953912466
33701,Pinellas,2016-08-31,1269.4137626380625
33701,Pinellas,2016-09-30,1277.5404121476597
33701,Pinellas,2016-10-31,1279.6364795904724
33701,Pinellas,2016-11-30,1299.0275510285423
33701,Pinellas,2016-12-31,1320.4152132162478
33701,Pinellas,2017-01-31,1327.4470976415412
33701,Pinellas,2017-02-28,1332.5315669109898
33701,Pinellas,2017-03-31,1323.820258052087
33701,Pinellas,2017-04-30,1330.4295367038617
33701,Pinellas,2017-05-31,1344.706025804929
33701,Pinellas,2017-06-30,1360.8916987584678
33701,Pinellas,2017-07-31,1387.1853390979784
33701,Pinellas,2017-08-31,1375.309815016025
33701,Pinellas,2017-09-30,1385.742154407632
33701,Pinellas,2017-10-31,1377.120937639135
33701,Pinellas,2017-11-30,1392.987327943367
33701,Pinellas,2017-12-31,1426.3641897343323
33701,Pinellas,2018-01-31,1434.6791646863805
33701,Pinellas,2018-02-28,1446.3739891192688
33701,Pinellas,2018-03-31,1411.0936424529639
33701,Pinellas,2018-04-30,1433.175101258621
33701,Pinellas,2018-05-31,1451.4592689203769
33701,Pinellas,2018-06-30,1484.6441532290396
33701,Pinellas,2018-07-31,1500.6563100977132
33701,Pinellas,2018-08-31,1507.2914145162483
33701,Pinellas,2018-09-30,1502.2415729885024
33701,Pinellas,2018-10-31,1492.87459237129
33701,Pinellas,2018-11-30,1489.3997081465864
33701,Pinellas,2018-12-31,1493.7854754015718
33701,Pinellas,2019-01-31,1501.2461901701083
33701,Pinellas,2019-02-28,1506.396246697697
33701,Pinellas,2019-03-31,1509.052431951836
33701,Pinellas,2019-04-30,1502.1587292424992
33701,Pinellas,2019-05-31,1513.2783997774595
33701,Pinellas,2019-06-30,1526.4025843896113
33701,Pinellas,2019-07-31,1541.8706328702192
33701,Pinellas,2019-08-31,1560.8680002802525
33701,Pinellas,2019-09-30,1566.1379001517498
33701,Pinellas,2019-10-31,1584.8657861651216
33701,Pinellas,2019-11-30,1568.0586933171578
33701,Pinellas,2019-12-31,1584.85000518327
33701,Pinellas,2020-01-31,1595.9220413734838
33701,Pinellas,2020-02-29,1614.5723682989073
33701,Pinellas,2020-03-31,1611.02424578831
33701,Pinellas,2020-04-30,1599.510925219999
33701,Pinellas,2020-05-31,1583.86095104772
33701,Pinellas,2020-06-30,1578.7689856320792
33701,Pinellas,2020-07-31,1582.9995830970108
33701,Pinellas,2020-08-31,1605.2771261245696
33701,Pinellas,2020-09-30,1616.8525842271472
33701,Pinellas,2020-10-31,1638.7750906211395
33701,Pinellas,2020-11-30,1652.3690179244954
33701,Pinellas,2020-12-31,1662.9337540142978
33701,Pinellas,2021-01-31,1681.134062365746
33701,Pinellas,2021-02-28,1704.0056559575387
33701,Pinellas,2021-03-31,1732.9123524278568
33701,Pinellas,2021-04-30,1740.656604651964
33701,Pinellas,2021-05-31,1780.1748056101408
33701,Pinellas,2021-06-30,1856.6970433192562
33701,Pinellas,2021-07-31,1916.1402907169752
33701,Pinellas,2021-08-31,1965.8410987718971
33701,Pinellas,2021-09-30,1972.9327258566695
33701,Pinellas,2021-10-31,2035.9551672175876
33701,Pinellas,2021-11-30,2089.2277143009032
33701,Pinellas,2021-12-31,2129.9056838658253
33701,Pinellas,2022-01-31,2150.4996488335223
33701,Pinellas,2022-02-28,2153.393841795299
33701,Pinellas,2022-03-31,2184.567821679568
33701,Pinellas,2022-04-30,2210.6209553191175
33701,Pinellas,2022-05-31,2263.651600325739
33701,Pinellas,2022-06-30,2314.073298963257
33701,Pinellas,2022-07-31,2360.043153990138
33701,Pinellas,2022-08-31,2354.5289250067203
33701,Pinellas,2022-09-30,2338.4887771409294
33701,Pinellas,2022-10-31,2303.3217694072937
33701,Pinellas,2022-11-30,2327.4780035999543
33701,Pinellas,2022-12-31,2342.8321624538876
33701,Pinellas,2023-01-31,2364.3372253151683
33701,Pinellas,2023-02-28,2346.8389273320754
33701,Pinellas,2023-03-31,2346.820476697941
33701,Pinellas,2023-04-30,2358.871068475898
33701,Pinellas,2023-05-31,2364.5320662309823
33701,Pinellas,2023-06-30,2365.1995960283725
33701,Pinellas,2023-07-31,2353.0367486194446
33701,Pinellas,2023-08-31,2363.669869315651
33701,Pinellas,2023-09-30,2369.506756578291
33701,Pinellas,2023-10-31,2384.217868260904
33701,Pinellas,2023-11-30,2356.6195317216007
33701,Pinellas,2023-12-31,2363.772983315419
33701,Pinellas,2024-01-31,2360.823026049836
33701,Pinellas,2024-02-29,2387.607890517215
33701,Pinellas,2024-03-31,2399.267681408179
33701,Pinellas,2024-04-30,2398.0345889114296
33701,Pinellas,2024-05-31,2389.4579940390367
33701,Pinellas,2024-06-30,2353.4012649191463
33701,Pinellas,2024-07-31,2353.3452257899885
33701,Pinellas,2024-08-31,2361.0775975144443
33701,Pinellas,2024-09-30,2382.5810408579055
33701,Pinellas,2024-10-31,2424.9358487047593
33701,Pinellas,2024-11-30,2445.346732207703
33701,Pinellas,2024-12-31,2468.21516903402
33701,Pinellas,2025-01-31,2470.405559176437
33701,Pinellas,2025-02-28,2488.90565690458
33701,Pinellas,2025-03-31,2508.9193519177343
33701,Pinellas,2025-04-30,2498.9519712449587
33701,Pinellas,2025-05-31,2466.6940298526415
33701,Pinellas,2025-06-30,2440.1115154282475
33701,Pinellas,2025-07-31,2419.924232576888
33701,Pinellas,2025-08-31,2407.7962173030905
33701,Pinellas,2025-09-30,2392.0837607779386
33701,Pinellas,2025-10-31,2411.489468425899
33701,Pinellas,2025-11-30,2432.0069712766162
33701,Pinellas,2025-12-31,2448.0704104854194
33701,Pinellas,2026-01-31,2415.0081192884522
33701,Pinellas,2026-02-28,2427.101439491311
33701,Pinellas,2026-03-31,2417.9245830363197
33701,Pinellas,2026-04-30,2453.3642794744746
33701,Pinellas,2026-05-31,2445.0181337308304
33701,Pinellas,2026-06-30,2479.0514996115
33759,Pinellas,2021-11-30,1798.068803275406
33759,Pinellas,2021-12-31,1889.5764937759902
33759,Pinellas,2022-01-31,1953.6266103630821
33759,Pinellas,2022-02-28,1972.2539665407235
33759,Pinellas,2022-03-31,2002.7056352550499
33759,Pinellas,2022-04-30,1997.2782503558315
33759,Pinellas,2022-05-31,2024.753431505738
33759,Pinellas,2022-06-30,2015.7977829196986
33759,Pinellas,2022-07-31,2036.818896253896
33759,Pinellas,2022-08-31,2031.9809053716044
33759,Pinellas,2022-09-30,1989.567047343297
33759,Pinellas,2022-10-31,1957.9932892380684
33759,Pinellas,2022-11-30,1967.4290473762892
33759,Pinellas,2022-12-31,1992.9042107696414
33759,Pinellas,2023-01-31,2011.8492677163597
33759,Pinellas,2023-02-28,2008.1645840526
33759,Pinellas,2023-03-31,2029.2408712282522
33759,Pinellas,2023-04-30,2042.242432567677
33759,Pinellas,2023-05-31,2052.7052015888544
33759,Pinellas,2023-06-30,2048.0436576483767
33759,Pinellas,2023-07-31,2050.797969333461
33759,Pinellas,2023-08-31,2035.0913844094302
33759,Pinellas,2023-09-30,2026.1683537975678
33759,Pinellas,2023-10-31,1988.8188159884671
33759,Pinellas,2023-11-30,2002.8726847860637
33759,Pinellas,2023-12-31,1984.3899291057553
33759,Pinellas,2024-01-31,1989.1749006955226
33759,Pinellas,2024-02-29,1965.9943721444893
33759,Pinellas,2024-03-31,1972.4154569209418
33759,Pinellas,2024-04-30,1977.2311295924992
33759,Pinellas,2024-05-31,1994.644535740904
33759,Pinellas,2024-06-30,2016.0717229527716
33759,Pinellas,2024-07-31,2046.065361083165
33759,Pinellas,2024-08-31,2038.3392927408659
33759,Pinellas,2024-09-30,2042.2765235117465
33759,Pinellas,2024-10-31,2050.5464023543195
33759,Pinellas,2024-11-30,2071.6651601325457
33759,Pinellas,2024-12-31,2081.0577058843173
33759,Pinellas,2025-01-31,2070.14642269293
33759,Pinellas,2025-02-28,2088.2211842199604
33759,Pinellas,2025-03-31,2085.101449122324
33759,Pinellas,2025-04-30,2083.6320250465055
33759,Pinellas,2025-05-31,2069.6018941048146
33759,Pinellas,2025-06-30,2059.6329413157378
33759,Pinellas,2025-07-31,2056.4259221838734
33759,Pinellas,2025-08-31,2026.194977962473
33759,Pinellas,2025-09-30,2009.8632823519147
33759,Pinellas,2025-10-31,1957.7213974547578
33759,Pinellas,2025-11-30,1944.572010309568
33759,Pinellas,2025-12-31,1925.522943004516
33759,Pinellas,2026-01-31,1915.8120433481517
33759,Pinellas,2026-02-28,1938.0514672461024
33759,Pinellas,2026-03-31,1971.7796711722199
33759,Pinellas,2026-04-30,2040.1135253566551
33759,Pinellas,2026-05-31,2054.214279581898
33759,Pinellas,2026-06-30,2052.30345656049
33704,Pinellas,2015-09-30,884.4972698750852
33704,Pinellas,2015-10-31,897.2949650618439
33704,Pinellas,2015-11-30,892.2278296586475
33704,Pinellas,2015-12-31,931.3125508130138
33704,Pinellas,2016-01-31,938.4515115955729
33704,Pinellas,2016-02-29,993.7613808123148
33704,Pinellas,2016-03-31,989.990913967323
33704,Pinellas,2016-04-30,1009.6853887088896
33704,Pinellas,2016-05-31,996.9933749080908
33704,Pinellas,2016-06-30,970.1852225877049
33704,Pinellas,2016-07-31,965.1428785079272
33704,Pinellas,2016-08-31,954.4004277808822
33704,Pinellas,2016-09-30,954.8603645898114
33704,Pinellas,2016-10-31,947.0448167962481
33704,Pinellas,2016-11-30,971.5793353913463
33704,Pinellas,2016-12-31,991.0509206218848
33704,Pinellas,2017-01-31,1019.1551994772179
33704,Pinellas,2017-02-28,995.6252286964886
33704,Pinellas,2017-03-31,1022.7879301614538
33704,Pinellas,2017-04-30,1019.3915151959742
33704,Pinellas,2017-05-31,1047.0099060715809
33704,Pinellas,2017-06-30,1079.4253629863188
33704,Pinellas,2017-07-31,1089.6847320534905
33704,Pinellas,2017-08-31,1083.4977876122325
33704,Pinellas,2017-09-30,1049.2219883368498
33704,Pinellas,2017-10-31,1062.3647833578814
33704,Pinellas,2017-11-30,1073.753183063346
33704,Pinellas,2017-12-31,1088.6189725950637
33704,Pinellas,2018-01-31,1094.951663654093
33704,Pinellas,2018-02-28,1093.42220583591
33704,Pinellas,2018-03-31,1103.277721818501
33704,Pinellas,2018-04-30,1117.2277423198268
33704,Pinellas,2018-05-31,1119.084059180832
33704,Pinellas,2018-06-30,1102.5180203716047
33704,Pinellas,2018-07-31,1120.072299203243
33704,Pinellas,2018-08-31,1162.5640287999834
33704,Pinellas,2018-09-30,1189.2267930732567
33704,Pinellas,2018-10-31,1172.7993754424679
33704,Pinellas,2018-11-30,1160.0413390679205
33704,Pinellas,2018-12-31,1154.3861523620012
33704,Pinellas,2019-01-31,1122.3634200174104
33704,Pinellas,2019-02-28,1135.5674412443166
33704,Pinellas,2019-03-31,1146.901022313239
33704,Pinellas,2019-04-30,1210.5724438974964
33704,Pinellas,2019-05-31,1226.5587140101563
33704,Pinellas,2019-06-30,1239.728087772944
33704,Pinellas,2019-07-31,1237.9278447474003
33704,Pinellas,2019-08-31,1231.9851212691872
33704,Pinellas,2019-09-30,1245.8030085611426
33704,Pinellas,2019-10-31,1246.2371076848685
33704,Pinellas,2019-11-30,1252.7678910638854
33704,Pinellas,2019-12-31,1293.3549851176444
33704,Pinellas,2020-01-31,1300.0654232634142
33704,Pinellas,2020-02-29,1319.8499661720768
33704,Pinellas,2020-03-31,1277.3838214223358
33704,Pinellas,2020-04-30,1288.574303446801
33704,Pinellas,2020-05-31,1288.7438320902152
33704,Pinellas,2020-06-30,1285.7268054283008
33704,Pinellas,2020-07-31,1289.1293449414507
33704,Pinellas,2020-08-31,1286.6163939451942
33704,Pinellas,2020-09-30,1302.4412766645776
33704,Pinellas,2020-10-31,1324.3783760136755
33704,Pinellas,2020-11-30,1330.3147250974644
33704,Pinellas,2020-12-31,1344.962568985873
33704,Pinellas,2021-01-31,1353.8596192172538
33704,Pinellas,2021-02-28,1410.7404540279454
33704,Pinellas,2021-03-31,1467.8911289267683
33704,Pinellas,2021-04-30,1497.5241144007325
33704,Pinellas,2021-05-31,1491.509147303421
33704,Pinellas,2021-06-30,1476.5851567423174
33704,Pinellas,2021-07-31,1497.6494396407754
33704,Pinellas,2021-08-31,1534.5873469456299
33704,Pinellas,2021-09-30,1579.2323004033474
33704,Pinellas,2021-10-31,1651.9658767807448
33704,Pinellas,2021-11-30,1689.2480222475272
33704,Pinellas,2021-12-31,1767.5046013355077
33704,Pinellas,2022-01-31,1755.0311859447993
33704,Pinellas,2022-02-28,1784.686645137881
33704,Pinellas,2022-03-31,1767.3569148727627
33704,Pinellas,2022-04-30,1776.8915051971967
33704,Pinellas,2022-05-31,1786.9001270404979
33704,Pinellas,2022-06-30,1825.303572357375
33704,Pinellas,2022-07-31,1815.6121533710223
33704,Pinellas,2022-08-31,1832.9304492440615
33704,Pinellas,2022-09-30,1813.8489696907327
33704,Pinellas,2022-10-31,1862.966805004325
33704,Pinellas,2022-11-30,1908.9577346657313
33704,Pinellas,2022-12-31,1920.4664024876652
33704,Pinellas,2023-01-31,1908.0836302472994
33704,Pinellas,2023-02-28,1869.8880966918198
33704,Pinellas,2023-03-31,1881.9265633363545
33704,Pinellas,2023-04-30,1912.1400301728816
33704,Pinellas,2023-05-31,1902.498034262346
33704,Pinellas,2023-06-30,1926.8972448848037
33704,Pinellas,2023-07-31,1934.0884776533683
33704,Pinellas,2023-08-31,1986.2556289987128
33704,Pinellas,2023-09-30,2001.462147806916
33704,Pinellas,2023-10-31,2006.1909401049008
33704,Pinellas,2023-11-30,2002.6426409248193
33704,Pinellas,2023-12-31,2020.5309488734042
33704,Pinellas,2024-01-31,2037.2136580558133
33704,Pinellas,2024-02-29,2053.7119910266106
33704,Pinellas,2024-03-31,2020.733297763024
33704,Pinellas,2024-04-30,1998.3757951003208
33704,Pinellas,2024-05-31,2008.5392980760262
33704,Pinellas,2024-06-30,2017.7622327889094
33704,Pinellas,2024-07-31,2059.9677741197406
33704,Pinellas,2024-08-31,2062.5571521521365
33704,Pinellas,2024-09-30,2091.3785354152146
33704,Pinellas,2024-10-31,2080.5669391256447
33704,Pinellas,2024-11-30,2087.0156633855368
33704,Pinellas,2024-12-31,2078.1322349630295
33704,Pinellas,2025-01-31,2106.095411922149
33704,Pinellas,2025-02-28,2131.866658113905
33704,Pinellas,2025-03-31,2136.6689994341714
33704,Pinellas,2025-04-30,2121.4924984219647
33704,Pinellas,2025-05-31,2096.9202996727645
33704,Pinellas,2025-06-30,2106.428394209214
33704,Pinellas,2025-07-31,2170.1478518285685
33704,Pinellas,2025-08-31,2225.6431077868956
33704,Pinellas,2025-09-30,2224.8842003611194
33704,Pinellas,2025-10-31,2172.3164257895405
33704,Pinellas,2025-11-30,2126.3852845852007
33704,Pinellas,2025-12-31,2152.3525613047427
33704,Pinellas,2026-01-31,2176.135707344389
33704,Pinellas,2026-02-28,2191.804091442881
33704,Pinellas,2026-03-31,2204.979611533307
33704,Pinellas,2026-04-30,2183.8260412997156
33704,Pinellas,2026-05-31,2185.3164572374676
33704,Pinellas,2026-06-30,2186.5126262626263
33523,Pasco,2026-06-30,1832.9166666666665
33773,Pinellas,2021-08-31,1780.9625993346108
33773,Pinellas,2021-09-30,1863.437905196118
33773,Pinellas,2021-10-31,1867.4873793252473
33773,Pinellas,2021-11-30,1874.2516995359963
33773,Pinellas,2021-12-31,1851.6127805911506
33773,Pinellas,2022-01-31,1820.9152405911143
33773,Pinellas,2022-02-28,1839.306378393501
33773,Pinellas,2022-03-31,1879.5395306982023
33773,Pinellas,2022-04-30,1938.376943182282
33773,Pinellas,2022-05-31,1976.941039485912
33773,Pinellas,2022-06-30,1999.5875337854116
33773,Pinellas,2022-07-31,2038.8762988043716
33773,Pinellas,2022-08-31,2069.7252460789064
33773,Pinellas,2022-10-31,2017.143530111839
33773,Pinellas,2022-11-30,1960.511431045527
33773,Pinellas,2022-12-31,1954.8281053496526
33773,Pinellas,2023-01-31,1992.5246096070061
33773,Pinellas,2023-02-28,2008.4653512307934
33773,Pinellas,2023-03-31,2013.497309216483
33773,Pinellas,2023-04-30,1963.564898926789
33773,Pinellas,2023-05-31,2002.9857067789499
33773,Pinellas,2023-06-30,2034.1409588777185
33773,Pinellas,2023-07-31,2070.2531642061667
33773,Pinellas,2023-08-31,2040.4274774243172
33773,Pinellas,2023-09-30,2030.176426384282
33773,Pinellas,2023-10-31,2003.6641003187153
33773,Pinellas,2023-11-30,2005.625741555172
33773,Pinellas,2023-12-31,1996.7625139300756
33773,Pinellas,2024-01-31,2008.145743540584
33773,Pinellas,2024-02-29,1999.9817878236731
33773,Pinellas,2024-03-31,1949.7249817001928
33773,Pinellas,2024-04-30,2010.5238962263384
33773,Pinellas,2024-05-31,2029.1017972934978
33773,Pinellas,2024-06-30,2071.2563196779597
33773,Pinellas,2024-07-31,2011.0792228258256
33773,Pinellas,2024-08-31,2029.1377109531454
33773,Pinellas,2024-09-30,2073.593899245649
33773,Pinellas,2024-10-31,2137.6480997362473
33773,Pinellas,2024-11-30,2169.2216272342475
33773,Pinellas,2024-12-31,2208.152900309664
33773,Pinellas,2025-01-31,2228.77716672285
33773,Pinellas,2025-02-28,2235.668665992654
33773,Pinellas,2025-03-31,2245.3363737161276
33773,Pinellas,2025-04-30,2255.874727288679
33773,Pinellas,2025-05-31,2232.254899097188
33773,Pinellas,2025-06-30,2187.437364253177
33773,Pinellas,2025-07-31,2149.737484545684
33773,Pinellas,2025-08-31,2151.7475570388197
33773,Pinellas,2025-09-30,2157.6539355610407
33773,Pinellas,2025-10-31,2176.642166747363
33773,Pinellas,2025-11-30,2177.130800151392
33773,Pinellas,2025-12-31,2216.53824122981
33773,Pinellas,2026-01-31,2212.597038388939
33773,Pinellas,2026-02-28,2216.6040706660956
33773,Pinellas,2026-03-31,2169.467008033982
33773,Pinellas,2026-04-30,2202.0404997838637
33773,Pinellas,2026-05-31,2233.0401215737593
33773,Pinellas,2026-06-30,2268.4166666666665
33605,Hillsborough,2015-01-31,817.1682677509763
33605,Hillsborough,2015-02-28,826.8247139348862
33605,Hillsborough,2015-03-31,836.7990148978906
33605,Hillsborough,2015-04-30,843.8241647317647
33605,Hillsborough,2015-05-31,866.243219485766
33605,Hillsborough,2015-06-30,876.1130439156948
33605,Hillsborough,2015-07-31,889.4076402955322
33605,Hillsborough,2015-08-31,869.0603127890078
33605,Hillsborough,2015-09-30,850.0624820363432
33605,Hillsborough,2015-10-31,855.2266828316643
33605,Hillsborough,2015-11-30,852.3879271017643
33605,Hillsborough,2015-12-31,860.2328580028183
33605,Hillsborough,2016-01-31,856.422514098955
33605,Hillsborough,2016-02-29,871.578449556787
33605,Hillsborough,2016-03-31,883.9959985972605
33605,Hillsborough,2016-04-30,881.1871732443095
33605,Hillsborough,2016-05-31,887.4774226791666
33605,Hillsborough,2016-06-30,893.3505879564657
33605,Hillsborough,2016-07-31,904.9362547059691
33605,Hillsborough,2016-08-31,921.1209294879608
33605,Hillsborough,2016-09-30,923.5739936438724
33605,Hillsborough,2016-10-31,919.7566120209261
33605,Hillsborough,2016-11-30,901.5120063970485
33605,Hillsborough,2016-12-31,900.0023468737688
33605,Hillsborough,2017-01-31,914.4256131487804
33605,Hillsborough,2017-02-28,926.2735179691796
33605,Hillsborough,2017-03-31,953.6677503200907
33605,Hillsborough,2017-04-30,961.8931060199536
33605,Hillsborough,2017-05-31,977.0570647208235
33605,Hillsborough,2017-06-30,989.0339360263326
33605,Hillsborough,2017-07-31,989.1612615353273
33605,Hillsborough,2017-08-31,988.3719278940812
33605,Hillsborough,2017-10-31,984.1407400784009
33605,Hillsborough,2017-11-30,990.2561814616387
33605,Hillsborough,2017-12-31,995.2546324448568
33605,Hillsborough,2018-01-31,997.9706025998864
33605,Hillsborough,2018-02-28,996.7934149943561
33605,Hillsborough,2018-03-31,1003.1748656920147
33605,Hillsborough,2018-04-30,1011.5445190676295
33605,Hillsborough,2018-05-31,1028.7952484335083
33605,Hillsborough,2018-06-30,1053.159789231716
33605,Hillsborough,2018-07-31,1052.9349854311208
33605,Hillsborough,2018-08-31,1061.3239060180438
33605,Hillsborough,2018-09-30,1062.8514168348945
33605,Hillsborough,2018-10-31,1051.5436579659086
33605,Hillsborough,2018-11-30,1051.7562331431498
33605,Hillsborough,2018-12-31,1051.8355446790895
33605,Hillsborough,2019-01-31,1091.890409590218
33605,Hillsborough,2019-02-28,1105.481830885789
33605,Hillsborough,2019-03-31,1104.3053592294666
33605,Hillsborough,2019-04-30,1103.5905918066
33605,Hillsborough,2019-05-31,1108.3226113091373
33605,Hillsborough,2019-06-30,1117.3447355121682
33605,Hillsborough,2019-07-31,1132.3945149473307
33605,Hillsborough,2019-08-31,1129.1188372689917
33605,Hillsborough,2019-09-30,1139.5693486523169
33605,Hillsborough,2019-10-31,1124.8444773953506
33605,Hillsborough,2019-11-30,1135.2430373073018
33605,Hillsborough,2019-12-31,1133.2001630212185
33605,Hillsborough,2020-01-31,1147.2356642282339
33605,Hillsborough,2020-02-29,1158.0022536590668
33605,Hillsborough,2020-03-31,1162.9312172773125
33605,Hillsborough,2020-04-30,1162.7786987184925
33605,Hillsborough,2020-05-31,1157.199164811267
33605,Hillsborough,2020-06-30,1156.0752789003811
33605,Hillsborough,2020-07-31,1164.5019833984168
33605,Hillsborough,2020-08-31,1168.1554616968986
33605,Hillsborough,2020-09-30,1191.2612411150824
33605,Hillsborough,2020-10-31,1214.82649711059
33605,Hillsborough,2020-11-30,1217.7017837677824
33605,Hillsborough,2020-12-31,1235.0289634165695
33605,Hillsborough,2021-01-31,1221.3244889086254
33605,Hillsborough,2021-02-28,1249.5915434851986
33605,Hillsborough,2021-03-31,1252.9706285586217
33605,Hillsborough,2021-04-30,1267.013883796319
33605,Hillsborough,2021-05-31,1306.7314987911852
33605,Hillsborough,2021-06-30,1345.3311478170938
33605,Hillsborough,2021-07-31,1399.7709323530976
33605,Hillsborough,2021-08-31,1448.339801857497
33605,Hillsborough,2021-09-30,1501.5575486677349
33605,Hillsborough,2021-10-31,1561.9822838312728
33605,Hillsborough,2021-11-30,1576.8674238991025
33605,Hillsborough,2021-12-31,1535.223395068525
33605,Hillsborough,2022-01-31,1518.5177009165243
33605,Hillsborough,2022-02-28,1503.822836306962
33605,Hillsborough,2022-03-31,1549.5646027602788
33605,Hillsborough,2022-04-30,1600.3096550907771
33605,Hillsborough,2022-05-31,1642.463584833873
33605,Hillsborough,2022-06-30,1673.0592913280743
33605,Hillsborough,2022-07-31,1681.905097408265
33605,Hillsborough,2022-08-31,1713.9465859241748
33605,Hillsborough,2022-09-30,1729.820821190094
33605,Hillsborough,2022-10-31,1729.5136815667468
33605,Hillsborough,2022-11-30,1703.3727579541983
33605,Hillsborough,2022-12-31,1720.9837756759773
33605,Hillsborough,2023-01-31,1717.6935415526527
33605,Hillsborough,2023-02-28,1724.52831942743
33605,Hillsborough,2023-03-31,1703.3925113116125
33605,Hillsborough,2023-04-30,1715.2967390745828
33605,Hillsborough,2023-05-31,1723.507632302629
33605,Hillsborough,2023-06-30,1726.7005692790508
33605,Hillsborough,2023-07-31,1736.8702833600873
33605,Hillsborough,2023-08-31,1791.2762554193368
33605,Hillsborough,2023-09-30,1816.8357106314597
33605,Hillsborough,2023-10-31,1863.0285872601658
33605,Hillsborough,2023-11-30,1840.2689063955352
33605,Hillsborough,2023-12-31,1846.3811207758254
33605,Hillsborough,2024-01-31,1809.9961655158575
33605,Hillsborough,2024-02-29,1793.2460599931196
33605,Hillsborough,2024-03-31,1764.4497729892837
33605,Hillsborough,2024-04-30,1766.8817797063175
33605,Hillsborough,2024-05-31,1759.8190129946724
33605,Hillsborough,2024-06-30,1794.7064240849766
33605,Hillsborough,2024-07-31,1818.5439437975986
33605,Hillsborough,2024-08-31,1850.8168898781373
33605,Hillsborough,2024-09-30,1877.8398204797022
33605,Hillsborough,2024-10-31,1892.3587050314777
33605,Hillsborough,2024-11-30,1912.5547575287032
33605,Hillsborough,2024-12-31,1890.539806542508
33605,Hillsborough,2025-01-31,1891.7856597779469
33605,Hillsborough,2025-02-28,1862.1579488195332
33605,Hillsborough,2025-03-31,1880.4364851317366
33605,Hillsborough,2025-04-30,1865.6828234601778
33605,Hillsborough,2025-05-31,1886.6679958024026
33605,Hillsborough,2025-06-30,1879.3256495870112
33605,Hillsborough,2025-07-31,1883.1285592448205
33605,Hillsborough,2025-08-31,1903.9203846599094
33605,Hillsborough,2025-09-30,1913.4632267309867
33605,Hillsborough,2025-10-31,1897.0525776769134
33605,Hillsborough,2025-11-30,1879.233526530469
33605,Hillsborough,2025-12-31,1866.8361396634648
33605,Hillsborough,2026-01-31,1866.1186574650574
33605,Hillsborough,2026-02-28,1854.592989921079
33605,Hillsborough,2026-03-31,1885.2985172259498
33605,Hillsborough,2026-04-30,1921.1555207870815
33605,Hillsborough,2026-05-31,1934.6265163443115
33605,Hillsborough,2026-06-30,1919.6917989417989
33760,Pinellas,2019-03-31,963.4652764659863
33760,Pinellas,2019-04-30,967.0780880318468
33760,Pinellas,2019-05-31,969.7499547549164
33760,Pinellas,2019-06-30,976.7937116892956
33760,Pinellas,2019-07-31,994.2352353617619
33760,Pinellas,2019-08-31,987.1837319667936
33760,Pinellas,2019-09-30,992.0221503285094
33760,Pinellas,2019-10-31,1002.8212928376138
33760,Pinellas,2019-11-30,1011.4993298480365
33760,Pinellas,2019-12-31,1009.445259623649
33760,Pinellas,2020-01-31,1010.7828571167173
33760,Pinellas,2020-02-29,1021.4755827831871
33760,Pinellas,2020-03-31,1033.2991181840068
33760,Pinellas,2020-04-30,1032.2219962146478
33760,Pinellas,2020-05-31,1029.8232430058044
33760,Pinellas,2020-06-30,1023.6575296569773
33760,Pinellas,2020-07-31,1043.755699860329
33760,Pinellas,2020-08-31,1058.2423335148521
33760,Pinellas,2020-09-30,1076.7244089458177
33760,Pinellas,2020-10-31,1071.4420625550974
33760,Pinellas,2020-11-30,1074.179706991955
33760,Pinellas,2020-12-31,1089.4617596608373
33760,Pinellas,2021-01-31,1090.933226185805
33760,Pinellas,2021-02-28,1116.0885920638148
33760,Pinellas,2021-03-31,1114.2850661413104
33760,Pinellas,2021-04-30,1167.2185235382374
33760,Pinellas,2021-05-31,1218.2785625995268
33760,Pinellas,2021-06-30,1285.092613332832
33760,Pinellas,2021-07-31,1331.652615670258
33760,Pinellas,2021-08-31,1377.7644963939078
33760,Pinellas,2021-09-30,1363.0820352385388
33760,Pinellas,2021-10-31,1361.2862386916968
33760,Pinellas,2021-11-30,1364.524325573305
33760,Pinellas,2021-12-31,1416.7045433999372
33760,Pinellas,2022-01-31,1460.2753800578278
33760,Pinellas,2022-02-28,1470.7082075899468
33760,Pinellas,2022-03-31,1499.3172170375262
33760,Pinellas,2022-04-30,1501.4436245488243
33760,Pinellas,2022-05-31,1493.736035339993
33760,Pinellas,2022-06-30,1500.0441166245218
33760,Pinellas,2022-07-31,1490.6032515205482
33760,Pinellas,2022-08-31,1501.9956892324458
33760,Pinellas,2022-09-30,1481.5168482360955
33760,Pinellas,2022-10-31,1540.429023756885
33760,Pinellas,2022-11-30,1536.4018333678991
33760,Pinellas,2022-12-31,1539.6755726864556
33760,Pinellas,2023-01-31,1517.3284417550367
33760,Pinellas,2023-02-28,1534.750715238003
33760,Pinellas,2023-03-31,1601.094305168152
33760,Pinellas,2023-04-30,1609.2938988762035
33760,Pinellas,2023-05-31,1632.509444910236
33760,Pinellas,2023-06-30,1572.0335687850047
33760,Pinellas,2023-07-31,1525.4108582206964
33760,Pinellas,2023-08-31,1515.9196563801245
33760,Pinellas,2023-09-30,1544.3276722549363
33760,Pinellas,2023-10-31,1561.320234807125
33760,Pinellas,2023-11-30,1523.7450089446866
33760,Pinellas,2023-12-31,1509.403687998766
33760,Pinellas,2024-01-31,1517.2190601606196
33760,Pinellas,2024-02-29,1549.970227081378
33760,Pinellas,2024-03-31,1527.3226647412537
33760,Pinellas,2024-04-30,1521.0601045733738
33760,Pinellas,2024-05-31,1526.7147445392193
33760,Pinellas,2024-06-30,1565.9372240993155
33760,Pinellas,2024-07-31,1572.5171165946165
33760,Pinellas,2024-08-31,1573.2638130342007
33760,Pinellas,2024-09-30,1546.6507316580892
33760,Pinellas,2024-10-31,1538.573151477423
33760,Pinellas,2024-11-30,1519.380457782964
33760,Pinellas,2024-12-31,1526.3738193054642
33760,Pinellas,2025-01-31,1559.867350714727
33760,Pinellas,2025-02-28,1589.4687910310652
33760,Pinellas,2025-03-31,1606.2913036953678
33760,Pinellas,2025-04-30,1597.651648477684
33760,Pinellas,2025-05-31,1611.0517464955021
33760,Pinellas,2025-06-30,1609.2503722222013
33760,Pinellas,2025-07-31,1598.875802644595
33760,Pinellas,2025-08-31,1562.5339805571684
33760,Pinellas,2025-09-30,1550.238291826391
33760,Pinellas,2025-10-31,1508.3534420781982
33760,Pinellas,2025-11-30,1513.099968303208
33760,Pinellas,2025-12-31,1502.2072283698315
33760,Pinellas,2026-01-31,1548.066274375487
33760,Pinellas,2026-02-28,1526.1830988153238
33760,Pinellas,2026-03-31,1496.6687555242574
33760,Pinellas,2026-04-30,1497.1365344574729
33760,Pinellas,2026-05-31,1530.435953762354
33760,Pinellas,2026-06-30,1582.077380952381
34685,Pinellas,2023-04-30,1884.3006358692808
34685,Pinellas,2023-05-31,1862.948374756603
34685,Pinellas,2023-06-30,1855.1180762310178
34685,Pinellas,2023-07-31,1827.842378940676
34685,Pinellas,2023-08-31,1841.3998061657321
34685,Pinellas,2023-09-30,1825.1504612896204
34685,Pinellas,2023-10-31,1798.4268544941465
34685,Pinellas,2023-11-30,1775.9004416003731
34685,Pinellas,2023-12-31,1795.0178825699709
34685,Pinellas,2024-01-31,1830.0297024225558
34685,Pinellas,2024-02-29,1882.0493428867655
34685,Pinellas,2024-03-31,1887.383234514311
34685,Pinellas,2024-04-30,1881.2054043677042
34685,Pinellas,2024-05-31,1847.6037483308096
34685,Pinellas,2024-06-30,1839.9463033573177
34685,Pinellas,2024-07-31,1841.2221913297142
34685,Pinellas,2024-08-31,1850.700208371436
34685,Pinellas,2024-09-30,1857.874598701735
34685,Pinellas,2024-10-31,1872.9179467817144
34685,Pinellas,2024-11-30,1932.6131951617335
34685,Pinellas,2024-12-31,1964.5856835610687
34685,Pinellas,2025-01-31,1995.049476724496
34685,Pinellas,2025-02-28,1993.8793032410117
34685,Pinellas,2025-03-31,2004.5286759596024
34685,Pinellas,2025-04-30,2022.91208008803
34685,Pinellas,2025-05-31,2040.131211600647
34685,Pinellas,2025-06-30,2068.3975336113867
34685,Pinellas,2025-07-31,2033.5113193368163
34685,Pinellas,2025-08-31,1965.4967791842814
34685,Pinellas,2025-09-30,1939.8228530188298
34685,Pinellas,2025-10-31,1939.354211102975
34685,Pinellas,2025-11-30,1940.9508181142544
34685,Pinellas,2025-12-31,1940.7085551095738
34685,Pinellas,2026-01-31,1939.0804483003253
34685,Pinellas,2026-02-28,1961.6004654402757
34685,Pinellas,2026-03-31,1942.0232822569728
34685,Pinellas,2026-04-30,1928.067086385259
34685,Pinellas,2026-05-31,1916.5057723269128
34685,Pinellas,2026-06-30,1922.1405945419103
33716,Pinellas,2017-12-31,1198.5834531737041
33716,Pinellas,2018-01-31,1212.421322472022
33716,Pinellas,2018-02-28,1233.3234155370249
33716,Pinellas,2018-03-31,1251.1190874512
33716,Pinellas,2018-04-30,1251.5289707038116
33716,Pinellas,2018-05-31,1266.6498270611182
33716,Pinellas,2018-06-30,1288.0785230491713
33716,Pinellas,2018-07-31,1315.4085731530743
33716,Pinellas,2018-08-31,1318.837728944569
33716,Pinellas,2018-09-30,1315.1629921445003
33716,Pinellas,2018-10-31,1300.1340478343864
33716,Pinellas,2018-11-30,1294.1371322336083
33716,Pinellas,2018-12-31,1285.673778499633
33716,Pinellas,2019-01-31,1289.8464526372488
33716,Pinellas,2019-02-28,1287.964034648536
33716,Pinellas,2019-03-31,1269.943981219582
33716,Pinellas,2019-04-30,1277.8381124580667
33716,Pinellas,2019-05-31,1297.4099878216484
33716,Pinellas,2019-06-30,1328.5002924236535
33716,Pinellas,2019-07-31,1340.99508715082
33716,Pinellas,2019-08-31,1331.0245985204751
33716,Pinellas,2019-09-30,1318.6459772053604
33716,Pinellas,2019-10-31,1305.236178358512
33716,Pinellas,2019-11-30,1304.0636662448794
33716,Pinellas,2019-12-31,1320.8663902070668
33716,Pinellas,2020-01-31,1331.3072807225767
33716,Pinellas,2020-02-29,1336.4738384954944
33716,Pinellas,2020-03-31,1323.7423763319641
33716,Pinellas,2020-04-30,1299.1313807046163
33716,Pinellas,2020-05-31,1294.6317455527694
33716,Pinellas,2020-06-30,1291.9510273557053
33716,Pinellas,2020-07-31,1309.561064739325
33716,Pinellas,2020-08-31,1328.3398273459375
33716,Pinellas,2020-09-30,1330.9371823830322
33716,Pinellas,2020-10-31,1322.7025373479016
33716,Pinellas,2020-11-30,1321.2236601230027
33716,Pinellas,2020-12-31,1369.1193507695705
33716,Pinellas,2021-01-31,1400.7735766128285
33716,Pinellas,2021-02-28,1419.984967924601
33716,Pinellas,2021-03-31,1412.0526080530021
33716,Pinellas,2021-04-30,1428.6319749837005
33716,Pinellas,2021-05-31,1457.911797626848
33716,Pinellas,2021-06-30,1489.8879214379297
33716,Pinellas,2021-07-31,1542.1631324611728
33716,Pinellas,2021-08-31,1607.5781731678003
33716,Pinellas,2021-09-30,1662.947266080673
33716,Pinellas,2021-10-31,1697.4067176828632
33716,Pinellas,2021-11-30,1699.6386184954497
33716,Pinellas,2021-12-31,1721.516969672663
33716,Pinellas,2022-01-31,1750.5507903120088
33716,Pinellas,2022-02-28,1766.0768956710635
33716,Pinellas,2022-03-31,1767.0795990828994
33716,Pinellas,2022-04-30,1766.4246084365757
33716,Pinellas,2022-05-31,1785.5090948857433
33716,Pinellas,2022-06-30,1814.9223576763845
33716,Pinellas,2022-07-31,1835.5172945506938
33716,Pinellas,2022-08-31,1829.6872376686633
33716,Pinellas,2022-09-30,1799.7495502529512
33716,Pinellas,2022-10-31,1771.3829447944893
33716,Pinellas,2022-11-30,1774.5335437729746
33716,Pinellas,2022-12-31,1783.4223128430563
33716,Pinellas,2023-01-31,1794.9841450446797
33716,Pinellas,2023-02-28,1797.257291497542
33716,Pinellas,2023-03-31,1811.7594804022915
33716,Pinellas,2023-04-30,1808.6334078672032
33716,Pinellas,2023-05-31,1814.6205398016184
33716,Pinellas,2023-06-30,1788.685347917349
33716,Pinellas,2023-07-31,1796.6965658168094
33716,Pinellas,2023-08-31,1781.542703132306
33716,Pinellas,2023-09-30,1776.2049545717744
33716,Pinellas,2023-10-31,1757.007906236364
33716,Pinellas,2023-11-30,1737.3865625881206
33716,Pinellas,2023-12-31,1738.8953189090528
33716,Pinellas,2024-01-31,1746.306054375065
33716,Pinellas,2024-02-29,1762.0048320519302
33716,Pinellas,2024-03-31,1756.964391733074
33716,Pinellas,2024-04-30,1738.79061390531
33716,Pinellas,2024-05-31,1725.1832674261568
33716,Pinellas,2024-06-30,1722.8848428945757
33716,Pinellas,2024-07-31,1716.4942801291324
33716,Pinellas,2024-08-31,1716.7438985885788
33716,Pinellas,2024-09-30,1717.6069366103115
33716,Pinellas,2024-10-31,1738.9156769229926
33716,Pinellas,2024-11-30,1763.2856795634852
33716,Pinellas,2024-12-31,1792.8869254364283
33716,Pinellas,2025-01-31,1809.9425713973224
33716,Pinellas,2025-02-28,1825.8015764517384
33716,Pinellas,2025-03-31,1822.505330181919
33716,Pinellas,2025-04-30,1809.0238212697511
33716,Pinellas,2025-05-31,1773.6526462758761
33716,Pinellas,2025-06-30,1776.7033324721026
33716,Pinellas,2025-07-31,1764.3897105035865
33716,Pinellas,2025-08-31,1761.1778560946168
33716,Pinellas,2025-09-30,1717.4006335748302
33716,Pinellas,2025-10-31,1706.6800324351027
33716,Pinellas,2025-11-30,1709.3022041141048
33716,Pinellas,2025-12-31,1730.2077662245808
33716,Pinellas,2026-01-31,1740.8581782549088
33716,Pinellas,2026-02-28,1737.4219772652334
33716,Pinellas,2026-03-31,1743.734186868794
33716,Pinellas,2026-04-30,1750.9328132979883
33716,Pinellas,2026-05-31,1760.8727461158974
33716,Pinellas,2026-06-30,1749.999793012088
33602,Hillsborough,2016-05-31,1540.4670201841643
33602,Hillsborough,2016-06-30,1567.363724487333
33602,Hillsborough,2016-07-31,1561.451672871837
33602,Hillsborough,2016-08-31,1598.5178568498898
33602,Hillsborough,2016-09-30,1573.3782616852181
33602,Hillsborough,2016-10-31,1567.3921473692221
33602,Hillsborough,2016-11-30,1566.682577427735
33602,Hillsborough,2016-12-31,1622.0407015494006
33602,Hillsborough,2017-01-31,1658.6456200665689
33602,Hillsborough,2017-02-28,1705.12370140988
33602,Hillsborough,2017-03-31,1709.675684200637
33602,Hillsborough,2017-04-30,1704.4794330306281
33602,Hillsborough,2017-05-31,1700.6363047605175
33602,Hillsborough,2017-06-30,1696.9370042822973
33602,Hillsborough,2017-07-31,1699.7258028278195
33602,Hillsborough,2017-08-31,1681.1117137435713
33602,Hillsborough,2017-09-30,1686.3320895943916
33602,Hillsborough,2017-10-31,1684.779909387438
33602,Hillsborough,2017-11-30,1695.0978316806807
33602,Hillsborough,2017-12-31,1715.7006597892232
33602,Hillsborough,2018-01-31,1726.7530993715523
33602,Hillsborough,2018-02-28,1742.2613915365737
33602,Hillsborough,2018-03-31,1739.1319410311512
33602,Hillsborough,2018-04-30,1760.0159793088733
33602,Hillsborough,2018-05-31,1775.2751126663209
33602,Hillsborough,2018-06-30,1793.6456504753728
33602,Hillsborough,2018-07-31,1791.256631017904
33602,Hillsborough,2018-08-31,1785.5611959441833
33602,Hillsborough,2018-09-30,1764.7506176394577
33602,Hillsborough,2018-10-31,1771.743009711611
33602,Hillsborough,2018-11-30,1789.42783095951
33602,Hillsborough,2018-12-31,1799.9745399963754
33602,Hillsborough,2019-01-31,1809.0496922248724
33602,Hillsborough,2019-02-28,1788.9079150202233
33602,Hillsborough,2019-03-31,1813.3614204838507
33602,Hillsborough,2019-04-30,1827.6249436562218
33602,Hillsborough,2019-05-31,1847.7858106202982
33602,Hillsborough,2019-06-30,1846.4503303405083
33602,Hillsborough,2019-07-31,1849.9206215196282
33602,Hillsborough,2019-08-31,1865.135834845417
33602,Hillsborough,2019-09-30,1866.5330134568242
33602,Hillsborough,2019-10-31,1858.6446645506808
33602,Hillsborough,2019-11-30,1851.4246793420718
33602,Hillsborough,2019-12-31,1853.456701670855
33602,Hillsborough,2020-01-31,1866.9966342596172
33602,Hillsborough,2020-02-29,1868.0735039875194
33602,Hillsborough,2020-03-31,1876.3548428175698
33602,Hillsborough,2020-04-30,1850.7380341468495
33602,Hillsborough,2020-05-31,1834.4014797145871
33602,Hillsborough,2020-06-30,1825.5375693813921
33602,Hillsborough,2020-07-31,1836.4551062755856
33602,Hillsborough,2020-08-31,1864.217118103875
33602,Hillsborough,2020-09-30,1873.4728823841517
33602,Hillsborough,2020-10-31,1887.1324351777255
33602,Hillsborough,2020-11-30,1897.1961201851946
33602,Hillsborough,2020-12-31,1920.485753689413
33602,Hillsborough,2021-01-31,1929.4256528569338
33602,Hillsborough,2021-02-28,1923.9771132406229
33602,Hillsborough,2021-03-31,1953.756533007748
33602,Hillsborough,2021-04-30,2012.5888913983815
33602,Hillsborough,2021-05-31,2096.280325845408
33602,Hillsborough,2021-06-30,2160.1377528929793
33602,Hillsborough,2021-07-31,2219.103081486706
33602,Hillsborough,2021-08-31,2315.6325116197077
33602,Hillsborough,2021-09-30,2363.869619560333
33602,Hillsborough,2021-10-31,2401.8002092126912
33602,Hillsborough,2021-11-30,2389.109418432869
33602,Hillsborough,2021-12-31,2414.308659952436
33602,Hillsborough,2022-01-31,2433.9964823011424
33602,Hillsborough,2022-02-28,2427.7221572260464
33602,Hillsborough,2022-03-31,2450.9982876972012
33602,Hillsborough,2022-04-30,2495.7359250531654
33602,Hillsborough,2022-05-31,2536.372003291719
33602,Hillsborough,2022-06-30,2585.2960196095723
33602,Hillsborough,2022-07-31,2590.3974207740484
33602,Hillsborough,2022-08-31,2597.5272114554546
33602,Hillsborough,2022-09-30,2559.811720451059
33602,Hillsborough,2022-10-31,2545.2584632245776
33602,Hillsborough,2022-11-30,2553.127567523341
33602,Hillsborough,2022-12-31,2549.821481009943
33602,Hillsborough,2023-01-31,2549.496852348211
33602,Hillsborough,2023-02-28,2552.691105931538
33602,Hillsborough,2023-03-31,2583.8797016964418
33602,Hillsborough,2023-04-30,2594.5093180258827
33602,Hillsborough,2023-05-31,2603.4020764243824
33602,Hillsborough,2023-06-30,2601.474396147082
33602,Hillsborough,2023-07-31,2612.764980952129
33602,Hillsborough,2023-08-31,2614.5045174238644
33602,Hillsborough,2023-09-30,2602.5646163976544
33602,Hillsborough,2023-10-31,2588.037652700351
33602,Hillsborough,2023-11-30,2571.9402748152434
33602,Hillsborough,2023-12-31,2543.9997303223618
33602,Hillsborough,2024-01-31,2538.7113549528567
33602,Hillsborough,2024-02-29,2548.996542994955
33602,Hillsborough,2024-03-31,2614.7403680489047
33602,Hillsborough,2024-04-30,2620.6832425617968
33602,Hillsborough,2024-05-31,2628.9501963873745
33602,Hillsborough,2024-06-30,2605.5311371465527
33602,Hillsborough,2024-07-31,2624.284819516903
33602,Hillsborough,2024-08-31,2628.241025098272
33602,Hillsborough,2024-09-30,2617.307927342453
33602,Hillsborough,2024-10-31,2606.864715105
33602,Hillsborough,2024-11-30,2603.3843642714987
33602,Hillsborough,2024-12-31,2607.355389492779
33602,Hillsborough,2025-01-31,2635.295008815696
33602,Hillsborough,2025-02-28,2660.8859485497105
33602,Hillsborough,2025-03-31,2689.9380779333032
33602,Hillsborough,2025-04-30,2708.881516081014
33602,Hillsborough,2025-05-31,2716.683925725645
33602,Hillsborough,2025-06-30,2700.6181585658924
33602,Hillsborough,2025-07-31,2685.8581100682086
33602,Hillsborough,2025-08-31,2675.2651607140074
33602,Hillsborough,2025-09-30,2688.865602482186
33602,Hillsborough,2025-10-31,2674.316462169183
33602,Hillsborough,2025-11-30,2663.1502932238395
33602,Hillsborough,2025-12-31,2640.402958381115
33602,Hillsborough,2026-01-31,2625.3424901987773
33602,Hillsborough,2026-02-28,2634.647943297082
33602,Hillsborough,2026-03-31,2634.7495945528135
33602,Hillsborough,2026-04-30,2659.807107742073
33602,Hillsborough,2026-05-31,2655.253094626847
33602,Hillsborough,2026-06-30,2678.747361879045
33706,Pinellas,2015-03-31,1033.8472049173402
33706,Pinellas,2015-04-30,1063.137307374971
33706,Pinellas,2015-05-31,1081.8212095923259
33706,Pinellas,2015-06-30,1092.8969929095495
33706,Pinellas,2015-07-31,1093.6229559451053
33706,Pinellas,2015-08-31,1109.9143912808825
33706,Pinellas,2015-09-30,1117.8264680887303
33706,Pinellas,2015-10-31,1116.4930355380666
33706,Pinellas,2015-11-30,1156.71012921573
33706,Pinellas,2015-12-31,1168.788000235808
33706,Pinellas,2016-01-31,1171.2710874831598
33706,Pinellas,2016-02-29,1150.9624537947052
33706,Pinellas,2016-03-31,1166.9205844785206
33706,Pinellas,2016-04-30,1177.9398381129793
33706,Pinellas,2016-05-31,1158.5826364980535
33706,Pinellas,2016-06-30,1167.2936187010698
33706,Pinellas,2016-07-31,1170.2423276920479
33706,Pinellas,2016-08-31,1169.7676572479986
33706,Pinellas,2016-09-30,1186.4191115346325
33706,Pinellas,2016-10-31,1207.4823559801134
33706,Pinellas,2016-11-30,1239.8214597728274
33706,Pinellas,2016-12-31,1231.1964961039278
33706,Pinellas,2017-01-31,1262.6569346814235
33706,Pinellas,2017-02-28,1270.7899199198662
33706,Pinellas,2017-03-31,1266.1222574968526
33706,Pinellas,2017-04-30,1265.9509106085113
33706,Pinellas,2017-05-31,1252.5778030171996
33706,Pinellas,2017-06-30,1280.1929940923212
33706,Pinellas,2017-08-31,1255.714018593295
33706,Pinellas,2017-09-30,1240.854711494781
33706,Pinellas,2017-10-31,1277.2442964625864
33706,Pinellas,2017-11-30,1308.1492193833517
33706,Pinellas,2017-12-31,1302.0238016958688
33706,Pinellas,2018-01-31,1345.4265934063424
33706,Pinellas,2018-02-28,1372.3726092186212
33706,Pinellas,2018-03-31,1416.6864511396434
33706,Pinellas,2018-04-30,1389.9978897238284
33706,Pinellas,2018-05-31,1371.1759932233942
33706,Pinellas,2018-06-30,1372.084160561295
33706,Pinellas,2018-07-31,1353.7989583998028
33706,Pinellas,2018-08-31,1349.2449921103216
33706,Pinellas,2018-09-30,1315.6548361054602
33706,Pinellas,2018-10-31,1343.5923887381757
33706,Pinellas,2018-11-30,1352.073580907583
33706,Pinellas,2018-12-31,1410.0844970667308
33706,Pinellas,2019-01-31,1430.286207616597
33706,Pinellas,2019-02-28,1516.1495343988722
33706,Pinellas,2019-03-31,1498.852563061223
33706,Pinellas,2019-04-30,1481.322112586141
33706,Pinellas,2019-05-31,1437.4134452481524
33706,Pinellas,2019-06-30,1460.1272993278753
33706,Pinellas,2019-07-31,1483.3976384918733
33706,Pinellas,2019-08-31,1468.063717938025
33706,Pinellas,2019-09-30,1433.6746001758163
33706,Pinellas,2019-10-31,1426.7971704957301
33706,Pinellas,2019-11-30,1442.1099480199011
33706,Pinellas,2019-12-31,1510.2391543607541
33706,Pinellas,2020-01-31,1558.9207268380935
33706,Pinellas,2020-02-29,1564.2598754004664
33706,Pinellas,2020-03-31,1524.2610257197882
33706,Pinellas,2020-04-30,1467.3194367741119
33706,Pinellas,2020-05-31,1469.0947093553498
33706,Pinellas,2020-06-30,1503.9646846101602
33706,Pinellas,2020-07-31,1514.2220855421874
33706,Pinellas,2020-08-31,1538.5116072928859
33706,Pinellas,2020-09-30,1556.5797701417137
33706,Pinellas,2020-10-31,1610.1201442263364
33706,Pinellas,2020-11-30,1642.1241393729724
33706,Pinellas,2020-12-31,1683.94186518077
33706,Pinellas,2021-01-31,1695.9224972495708
33706,Pinellas,2021-02-28,1687.3451896778274
33706,Pinellas,2021-03-31,1634.530392917025
33706,Pinellas,2021-04-30,1631.4957241008863
33706,Pinellas,2021-05-31,1712.731309414141
33706,Pinellas,2021-06-30,1828.772037949365
33706,Pinellas,2021-07-31,1927.2811025507522
33706,Pinellas,2021-08-31,1954.7943783772778
33706,Pinellas,2021-09-30,1934.2721765619556
33706,Pinellas,2021-10-31,1939.591652360232
33706,Pinellas,2021-11-30,1988.169703359
33706,Pinellas,2021-12-31,2137.1377650705826
33706,Pinellas,2022-01-31,2244.673523790417
33706,Pinellas,2022-02-28,2208.0246333776813
33706,Pinellas,2022-03-31,2143.191160872825
33706,Pinellas,2022-04-30,2108.1593033351032
33706,Pinellas,2022-05-31,2128.3151266032705
33706,Pinellas,2022-06-30,2147.380651418108
33706,Pinellas,2022-07-31,2106.555860416395
33706,Pinellas,2022-08-31,2132.970318156492
33706,Pinellas,2022-09-30,2175.8167168310133
33706,Pinellas,2022-10-31,2316.7258664145306
33706,Pinellas,2022-11-30,2407.21823330064
33706,Pinellas,2022-12-31,2460.5866204422573
33706,Pinellas,2023-01-31,2502.896309572655
33706,Pinellas,2023-02-28,2482.7603200544754
33706,Pinellas,2023-03-31,2448.85554234397
33706,Pinellas,2023-04-30,2377.2451967051707
33706,Pinellas,2023-05-31,2340.412687492894
33706,Pinellas,2023-06-30,2326.5134161456676
33706,Pinellas,2023-07-31,2301.362879044425
33706,Pinellas,2023-08-31,2336.0238568432715
33706,Pinellas,2023-09-30,2364.1823798379114
33706,Pinellas,2023-10-31,2415.71837068852
33706,Pinellas,2023-11-30,2438.5710914796196
33706,Pinellas,2023-12-31,2494.4043698663254
33706,Pinellas,2024-01-31,2509.7876349121193
33706,Pinellas,2024-02-29,2507.163993927922
33706,Pinellas,2024-03-31,2456.762914805549
33706,Pinellas,2024-04-30,2473.189171449179
33706,Pinellas,2024-05-31,2465.9298035293687
33706,Pinellas,2024-06-30,2453.498005403871
33706,Pinellas,2024-07-31,2381.83043269052
33706,Pinellas,2024-08-31,2365.845940281273
33706,Pinellas,2024-09-30,2368.725587197185
33706,Pinellas,2024-10-31,2461.707425423401
33706,Pinellas,2024-11-30,2532.784416253899
33706,Pinellas,2024-12-31,2585.079269968033
33706,Pinellas,2025-01-31,2580.6908095729545
33706,Pinellas,2025-02-28,2586.3217358310862
33706,Pinellas,2025-03-31,2579.8342095172493
33706,Pinellas,2025-04-30,2561.1901872274743
33706,Pinellas,2025-05-31,2491.500572050952
33706,Pinellas,2025-06-30,2503.3796587571574
33706,Pinellas,2025-07-31,2452.3889455821813
33706,Pinellas,2025-08-31,2472.874921969517
33706,Pinellas,2025-09-30,2437.2924892428177
33706,Pinellas,2025-10-31,2466.128470095751
33706,Pinellas,2025-11-30,2511.2854274554
33706,Pinellas,2025-12-31,2569.454465087818
33706,Pinellas,2026-01-31,2630.64919729611
33706,Pinellas,2026-02-28,2624.4385454170592
33706,Pinellas,2026-03-31,2563.2928397969577
33706,Pinellas,2026-04-30,2506.886788969593
33706,Pinellas,2026-05-31,2515.0229465736793
33706,Pinellas,2026-06-30,2523.5185185185187
33616,Hillsborough,2015-01-31,1026.2959693040734
33616,Hillsborough,2015-02-28,1050.6576943391708
33616,Hillsborough,2015-03-31,1047.2475418847393
33616,Hillsborough,2015-04-30,1039.8074731357838
33616,Hillsborough,2015-05-31,1030.6342225507597
33616,Hillsborough,2015-06-30,1038.33078669261
33616,Hillsborough,2015-07-31,1031.875072280713
33616,Hillsborough,2015-08-31,1044.0856484640485
33616,Hillsborough,2015-09-30,1037.0030648925226
33616,Hillsborough,2015-10-31,1037.4548236427122
33616,Hillsborough,2015-11-30,1042.3894982839952
33616,Hillsborough,2015-12-31,1058.370042384842
33616,Hillsborough,2016-01-31,1069.5802401215196
33616,Hillsborough,2016-02-29,1079.8110328488272
33616,Hillsborough,2016-03-31,1100.3795655345714
33616,Hillsborough,2016-04-30,1120.0271812705764
33616,Hillsborough,2016-05-31,1121.6524552789203
33616,Hillsborough,2016-06-30,1114.168250473884
33616,Hillsborough,2016-07-31,1089.0135996560314
33616,Hillsborough,2016-08-31,1097.2401283605468
33616,Hillsborough,2016-09-30,1099.6412225277302
33616,Hillsborough,2016-10-31,1161.0011696966144
33616,Hillsborough,2016-11-30,1166.1133475547065
33616,Hillsborough,2016-12-31,1156.3829803668152
33616,Hillsborough,2017-01-31,1147.7837976156648
33616,Hillsborough,2017-02-28,1143.127358251774
33616,Hillsborough,2017-03-31,1172.413392272177
33616,Hillsborough,2017-04-30,1178.9769091699213
33616,Hillsborough,2017-05-31,1201.837787369834
33616,Hillsborough,2017-06-30,1217.9344135891258
33616,Hillsborough,2017-07-31,1208.0665717009686
33616,Hillsborough,2017-08-31,1220.575168445432
33616,Hillsborough,2017-09-30,1218.3474836315754
33616,Hillsborough,2017-10-31,1228.6452628180195
33616,Hillsborough,2017-11-30,1233.3994150778285
33616,Hillsborough,2017-12-31,1240.8801573548265
33616,Hillsborough,2018-01-31,1244.5393396492743
33616,Hillsborough,2018-02-28,1244.5933500365863
33616,Hillsborough,2018-03-31,1260.3100847468777
33616,Hillsborough,2018-04-30,1272.7878612655525
33616,Hillsborough,2018-05-31,1278.323953282658
33616,Hillsborough,2018-06-30,1259.1176495937598
33616,Hillsborough,2018-07-31,1278.4311584680759
33616,Hillsborough,2018-08-31,1281.8385751142896
33616,Hillsborough,2018-09-30,1305.0509873757546
33616,Hillsborough,2018-10-31,1292.7857052427805
33616,Hillsborough,2018-11-30,1293.969467627761
33616,Hillsborough,2018-12-31,1303.4871759637488
33616,Hillsborough,2019-01-31,1314.848929206101
33616,Hillsborough,2019-02-28,1335.2151439451159
33616,Hillsborough,2019-03-31,1354.2398326434509
33616,Hillsborough,2019-04-30,1361.1849984891546
33616,Hillsborough,2019-05-31,1374.1206610407403
33616,Hillsborough,2019-06-30,1376.2413182855732
33616,Hillsborough,2019-07-31,1378.6920534177063
33616,Hillsborough,2019-08-31,1377.1868089668283
33616,Hillsborough,2019-09-30,1369.694418277934
33616,Hillsborough,2019-10-31,1376.7584035016891
33616,Hillsborough,2019-11-30,1369.5675877045467
33616,Hillsborough,2019-12-31,1397.2228462800929
33616,Hillsborough,2020-01-31,1395.9152716518279
33616,Hillsborough,2020-02-29,1415.3113124191298
33616,Hillsborough,2020-03-31,1419.3387366434088
33616,Hillsborough,2020-04-30,1411.9378876111612
33616,Hillsborough,2020-05-31,1396.0575778322664
33616,Hillsborough,2020-06-30,1379.096809658209
33616,Hillsborough,2020-07-31,1442.0373749913929
33616,Hillsborough,2020-08-31,1473.5049158658244
33616,Hillsborough,2020-09-30,1490.007342711721
33616,Hillsborough,2020-10-31,1468.4987569469172
33616,Hillsborough,2020-11-30,1465.1798747985854
33616,Hillsborough,2020-12-31,1478.2031505634443
33616,Hillsborough,2021-01-31,1493.7988644491963
33616,Hillsborough,2021-02-28,1510.8299550373886
33616,Hillsborough,2021-03-31,1524.973938946054
33616,Hillsborough,2021-04-30,1547.5554870945232
33616,Hillsborough,2021-05-31,1575.5892225819885
33616,Hillsborough,2021-06-30,1633.054858528212
33616,Hillsborough,2021-07-31,1722.8341149821272
33616,Hillsborough,2021-08-31,1826.5627709520338
33616,Hillsborough,2021-09-30,1890.7727656047525
33616,Hillsborough,2021-10-31,1911.8076804347825
33616,Hillsborough,2021-11-30,1916.631652351443
33616,Hillsborough,2021-12-31,1920.3860934627185
33616,Hillsborough,2022-01-31,1928.164998483645
33616,Hillsborough,2022-02-28,1955.522230289853
33616,Hillsborough,2022-03-31,1976.1940200829408
33616,Hillsborough,2022-04-30,1997.0275953061885
33616,Hillsborough,2022-05-31,2017.9189844558261
33616,Hillsborough,2022-06-30,2049.611399593474
33616,Hillsborough,2022-07-31,2067.2006928560695
33616,Hillsborough,2022-08-31,2079.6863365453037
33616,Hillsborough,2022-09-30,2080.0921553494804
33616,Hillsborough,2022-10-31,2049.41670296353
33616,Hillsborough,2022-11-30,2026.6820021851038
33616,Hillsborough,2022-12-31,2036.5767676472235
33616,Hillsborough,2023-01-31,2073.9976673321717
33616,Hillsborough,2023-02-28,2050.268593501897
33616,Hillsborough,2023-03-31,2047.0117364247392
33616,Hillsborough,2023-04-30,2029.598664533093
33616,Hillsborough,2023-05-31,2087.269895112241
33616,Hillsborough,2023-06-30,2122.85748420839
33616,Hillsborough,2023-07-31,2191.296087571134
33616,Hillsborough,2023-08-31,2206.484315275022
33616,Hillsborough,2023-09-30,2196.6371502912725
33616,Hillsborough,2023-10-31,2150.6114594277315
33616,Hillsborough,2023-11-30,2122.070628336916
33616,Hillsborough,2023-12-31,2095.0398516718924
33616,Hillsborough,2024-01-31,2091.296911903905
33616,Hillsborough,2024-02-29,2129.7508480852293
33616,Hillsborough,2024-03-31,2163.164813343325
33616,Hillsborough,2024-04-30,2181.3599370060138
33616,Hillsborough,2024-05-31,2184.327617435183
33616,Hillsborough,2024-06-30,2170.6907267042848
33616,Hillsborough,2024-07-31,2176.858980042528
33616,Hillsborough,2024-08-31,2174.7670852108354
33616,Hillsborough,2024-09-30,2184.9795186853094
33616,Hillsborough,2024-10-31,2193.341747412118
33616,Hillsborough,2024-11-30,2205.9293284023047
33616,Hillsborough,2024-12-31,2213.279691164842
33616,Hillsborough,2025-01-31,2230.675850056641
33616,Hillsborough,2025-02-28,2248.515516350267
33616,Hillsborough,2025-03-31,2276.5559039305663
33616,Hillsborough,2025-04-30,2297.3048483071993
33616,Hillsborough,2025-05-31,2304.316958759549
33616,Hillsborough,2025-06-30,2305.276745944901
33616,Hillsborough,2025-07-31,2307.6265002920754
33616,Hillsborough,2025-08-31,2328.7461867005677
33616,Hillsborough,2025-09-30,2305.953617221066
33616,Hillsborough,2025-10-31,2292.8058583878164
33616,Hillsborough,2025-11-30,2250.1928019933966
33616,Hillsborough,2025-12-31,2230.34805320801
33616,Hillsborough,2026-01-31,2215.9788720603274
33616,Hillsborough,2026-02-28,2188.873511175189
33616,Hillsborough,2026-03-31,2210.256286080125
33616,Hillsborough,2026-04-30,2215.690867217276
33616,Hillsborough,2026-05-31,2258.3891530215756
33616,Hillsborough,2026-06-30,2281.676130268199
33778,Pinellas,2025-02-28,2398.358971046363
33778,Pinellas,2025-03-31,2392.9950108187563
33778,Pinellas,2025-04-30,2332.325494114706
33778,Pinellas,2025-05-31,2314.2256584045517
33778,Pinellas,2025-06-30,2415.9385823864263
33778,Pinellas,2025-07-31,2487.0938296538834
33778,Pinellas,2025-08-31,2508.1692107523013
33778,Pinellas,2025-09-30,2547.071458000886
33778,Pinellas,2025-10-31,2517.8869771459053
33778,Pinellas,2025-11-30,2586.6060651074517
33778,Pinellas,2025-12-31,2496.796509235609
33778,Pinellas,2026-01-31,2416.47847845118
33778,Pinellas,2026-02-28,2376.932954193151
33778,Pinellas,2026-03-31,2379.177879606192
33778,Pinellas,2026-04-30,2438.8118546462056
33778,Pinellas,2026-05-31,2428.5933617622004
33778,Pinellas,2026-06-30,2427.785185185185
33765,Pinellas,2022-01-31,1518.9754646176143
33765,Pinellas,2022-02-28,1517.542469229959
33765,Pinellas,2022-03-31,1521.9016464836186
33765,Pinellas,2022-04-30,1536.7558788126348
33765,Pinellas,2022-05-31,1581.5796792700696
33765,Pinellas,2022-06-30,1607.4131574343967
33765,Pinellas,2022-07-31,1624.0896524465081
33765,Pinellas,2022-08-31,1621.5677172281423
33765,Pinellas,2022-09-30,1628.9302860707471
33765,Pinellas,2022-10-31,1629.3869367447467
33765,Pinellas,2022-11-30,1629.7703504980916
33765,Pinellas,2022-12-31,1592.1384173842255
33765,Pinellas,2023-01-31,1612.8719372242374
33765,Pinellas,2023-02-28,1605.4107567788062
33765,Pinellas,2023-03-31,1605.9134217537771
33765,Pinellas,2023-04-30,1554.4442307165039
33765,Pinellas,2023-05-31,1540.2745874250816
33765,Pinellas,2023-06-30,1560.9332411814196
33765,Pinellas,2023-07-31,1577.7622372523642
33765,Pinellas,2023-08-31,1598.5144145892539
33765,Pinellas,2023-09-30,1620.2258125531878
33765,Pinellas,2023-10-31,1619.2935926725725
33765,Pinellas,2023-11-30,1612.4015282985697
33765,Pinellas,2023-12-31,1610.5133528582596
33765,Pinellas,2024-01-31,1630.5528694767163
33765,Pinellas,2024-02-29,1627.3743829969917
33765,Pinellas,2024-03-31,1631.4704835537384
33765,Pinellas,2024-04-30,1616.3969596501188
33765,Pinellas,2024-05-31,1626.361827222926
33765,Pinellas,2024-06-30,1616.219082597448
33765,Pinellas,2024-07-31,1618.379406968228
33765,Pinellas,2024-08-31,1614.8746155929698
33765,Pinellas,2024-09-30,1610.6019487567053
33765,Pinellas,2024-10-31,1613.6316324922277
33765,Pinellas,2024-11-30,1637.0522433189317
33765,Pinellas,2024-12-31,1665.7467998787424
33765,Pinellas,2025-01-31,1691.829966085065
33765,Pinellas,2025-02-28,1705.9046913191914
33765,Pinellas,2025-03-31,1709.482935056263
33765,Pinellas,2025-04-30,1688.7205206833037
33765,Pinellas,2025-05-31,1654.7418026828989
33765,Pinellas,2025-06-30,1628.9280305704535
33765,Pinellas,2025-07-31,1642.1774393139397
33765,Pinellas,2025-08-31,1649.6150269298635
33765,Pinellas,2025-09-30,1656.2305362361972
33765,Pinellas,2025-10-31,1638.2957856868798
33765,Pinellas,2025-11-30,1629.6705221213617
33765,Pinellas,2025-12-31,1607.960855259478
33765,Pinellas,2026-01-31,1608.152924946401
33765,Pinellas,2026-02-28,1609.6288960121478
33765,Pinellas,2026-03-31,1628.242416256354
33765,Pinellas,2026-04-30,1621.9468613546653
33765,Pinellas,2026-05-31,1625.588594800204
33765,Pinellas,2026-06-30,1616.8260582010582
34669,Pasco,2025-12-31,2054.016257758707
34669,Pasco,2026-01-31,2027.370683362319
34669,Pasco,2026-02-28,1981.2543320858165
34669,Pasco,2026-03-31,1858.0208590387713
34669,Pasco,2026-06-30,2276.3333333333335
33708,Pinellas,2021-07-31,1698.289076046986
33708,Pinellas,2021-08-31,1789.4551228467656
33708,Pinellas,2021-09-30,1776.7883857580416
33708,Pinellas,2021-10-31,1869.5465030481746
33708,Pinellas,2021-11-30,1843.996030923835
33708,Pinellas,2021-12-31,1902.766349230904
33708,Pinellas,2022-01-31,1937.3977443450078
33708,Pinellas,2022-02-28,2047.0201181164268
33708,Pinellas,2022-03-31,2072.830291542097
33708,Pinellas,2022-04-30,2110.724655857939
33708,Pinellas,2022-05-31,2118.9175962356085
33708,Pinellas,2022-06-30,2123.9921448221794
33708,Pinellas,2022-07-31,2157.2840913179175
33708,Pinellas,2022-08-31,2138.000586591938
33708,Pinellas,2022-09-30,2135.395980275677
33708,Pinellas,2022-10-31,2147.1523950729943
33708,Pinellas,2022-11-30,2195.546489755463
33708,Pinellas,2022-12-31,2256.8345014014617
33708,Pinellas,2023-01-31,2270.613643743394
33708,Pinellas,2023-02-28,2298.882441619463
33708,Pinellas,2023-03-31,2294.7933589221316
33708,Pinellas,2023-04-30,2299.3329412532285
33708,Pinellas,2023-05-31,2274.9982371691754
33708,Pinellas,2023-06-30,2206.9779263015917
33708,Pinellas,2023-07-31,2174.399816941127
33708,Pinellas,2023-08-31,2174.1921169519633
33708,Pinellas,2023-09-30,2193.091044025414
33708,Pinellas,2023-10-31,2191.48127346769
33708,Pinellas,2023-11-30,2188.92743798119
33708,Pinellas,2023-12-31,2229.4597491882914
33708,Pinellas,2024-01-31,2255.5892013094553
33708,Pinellas,2024-02-29,2302.14367148105
33708,Pinellas,2024-03-31,2300.8166997788717
33708,Pinellas,2024-04-30,2315.726073043258
33708,Pinellas,2024-05-31,2297.565648596963
33708,Pinellas,2024-06-30,2257.844964242214
33708,Pinellas,2024-07-31,2247.6459220686893
33708,Pinellas,2024-08-31,2244.4382566192216
33708,Pinellas,2024-09-30,2267.2709167241674
33708,Pinellas,2024-10-31,2266.2814031165076
33708,Pinellas,2024-11-30,2281.3160697695985
33708,Pinellas,2024-12-31,2288.275232390974
33708,Pinellas,2025-01-31,2334.9054023717845
33708,Pinellas,2025-02-28,2359.5497630624523
33708,Pinellas,2025-03-31,2390.4008581481357
33708,Pinellas,2025-04-30,2378.0270972429144
33708,Pinellas,2025-05-31,2370.6776591462426
33708,Pinellas,2025-06-30,2369.801088988897
33708,Pinellas,2025-07-31,2341.9823572910545
33708,Pinellas,2025-08-31,2301.06459218665
33708,Pinellas,2025-09-30,2248.9103508216112
33708,Pinellas,2025-10-31,2206.3550965748113
33708,Pinellas,2025-11-30,2210.3915959938445
33708,Pinellas,2025-12-31,2246.181787335162
33708,Pinellas,2026-01-31,2264.396806785585
33708,Pinellas,2026-02-28,2293.582407010859
33708,Pinellas,2026-03-31,2324.4984884508826
33708,Pinellas,2026-04-30,2364.960677800929
33708,Pinellas,2026-05-31,2361.8390504227627
33708,Pinellas,2026-06-30,2292.5906593406594
34604,Hernando,2024-08-31,1688.8693450334877
34604,Hernando,2024-11-30,1792.2347153895132
34604,Hernando,2024-12-31,1742.535217748584
34604,Hernando,2025-01-31,1724.7908534527778
34604,Hernando,2025-02-28,1694.036832647114
34604,Hernando,2025-03-31,1696.8664191279645
34604,Hernando,2025-04-30,1704.7363105319528
34604,Hernando,2025-05-31,1737.6158837104858
34604,Hernando,2025-06-30,1717.7592794069064
34604,Hernando,2025-07-31,1714.409601811658
34604,Hernando,2025-08-31,1706.694933661067
34604,Hernando,2025-09-30,1729.677825329151
34604,Hernando,2025-10-31,1762.554924244236
34604,Hernando,2025-12-31,1756.0606688122932
34604,Hernando,2026-01-31,1712.5208502839694
34604,Hernando,2026-02-28,1686.5702226261092
34604,Hernando,2026-03-31,1688.6410011634366
34604,Hernando,2026-04-30,1692.861911963785
34604,Hernando,2026-05-31,1705.8396601575264
34604,Hernando,2026-06-30,1731.3777777777777
33592,Hillsborough,2026-02-28,2062.117379011648
33592,Hillsborough,2026-03-31,2083.5670367205767
33592,Hillsborough,2026-04-30,2016.0853514180603
33592,Hillsborough,2026-05-31,2033.4921978088473
33592,Hillsborough,2026-06-30,1895.6000000000001
34690,Pasco,2022-05-31,1427.8586871595635
34690,Pasco,2022-06-30,1452.4048862729148
34690,Pasco,2022-07-31,1452.95262521795
34690,Pasco,2022-08-31,1435.628028135492
34690,Pasco,2022-09-30,1449.6569504647887
34690,Pasco,2022-11-30,1479.2882828978534
34690,Pasco,2022-12-31,1449.1369873392052
34690,Pasco,2023-01-31,1456.1942965402939
34690,Pasco,2023-02-28,1468.2313989349454
34690,Pasco,2023-03-31,1478.6328250416652
34690,Pasco,2023-04-30,1457.304113592786
34690,Pasco,2023-05-31,1436.8355717833942
34690,Pasco,2023-06-30,1460.1945886896042
34690,Pasco,2023-07-31,1475.7853766571245
34690,Pasco,2023-08-31,1495.8240689627778
34690,Pasco,2023-09-30,1501.521903310697
34690,Pasco,2023-10-31,1512.8676060499138
34690,Pasco,2023-11-30,1511.3016070557617
34690,Pasco,2023-12-31,1491.1309940419753
34690,Pasco,2024-01-31,1496.0025156813192
34690,Pasco,2024-02-29,1506.0853344268257
34690,Pasco,2024-03-31,1507.491651181665
34690,Pasco,2024-04-30,1507.1562858273855
34690,Pasco,2024-05-31,1514.4680195121382
34690,Pasco,2024-06-30,1551.5862900545028
34690,Pasco,2024-07-31,1560.8442107528845
34690,Pasco,2024-08-31,1551.978811868715
34690,Pasco,2024-09-30,1534.4971736722493
34690,Pasco,2024-10-31,1535.0657687739545
34690,Pasco,2024-11-30,1524.7240482541633
34690,Pasco,2024-12-31,1515.5453853110832
34690,Pasco,2025-01-31,1527.2319898218736
34690,Pasco,2025-02-28,1541.2730992313277
34690,Pasco,2025-03-31,1571.5070834513597
34690,Pasco,2025-04-30,1556.3981002673559
34690,Pasco,2025-05-31,1554.8637259466948
34690,Pasco,2025-06-30,1544.769699672726
34690,Pasco,2025-07-31,1576.1314659529971
34690,Pasco,2025-08-31,1607.0565474349805
34690,Pasco,2025-09-30,1605.3218373505558
34690,Pasco,2025-10-31,1599.7600148546005
34690,Pasco,2025-11-30,1557.2970667623717
34690,Pasco,2025-12-31,1576.5702967218135
34690,Pasco,2026-01-31,1513.682527548011
34690,Pasco,2026-02-28,1524.9760899585503
34690,Pasco,2026-03-31,1526.1392257510618
34690,Pasco,2026-04-30,1572.9284775707717
34690,Pasco,2026-05-31,1613.783287718249
34690,Pasco,2026-06-30,1591.8690476190477
34602,Hernando,2026-05-31,1861.1178928031131
34602,Hernando,2026-06-30,1850.0
34637,Pasco,2026-01-31,2540.8916437284925
34637,Pasco,2026-02-28,2682.4972893167014
34637,Pasco,2026-03-31,2718.282178871394
34637,Pasco,2026-04-30,2592.4840787207913
34637,Pasco,2026-05-31,2581.4752821608517
34637,Pasco,2026-06-30,2592.222222222222
33548,Hillsborough,2024-04-30,2159.472362484189
33548,Hillsborough,2024-05-31,2176.679119522471
33548,Hillsborough,2024-06-30,2209.764212595851
33548,Hillsborough,2024-07-31,2125.2971488644685
33548,Hillsborough,2024-08-31,2109.723358210635
33548,Hillsborough,2024-09-30,2108.3826488253076
33548,Hillsborough,2024-10-31,2141.6167013874
33548,Hillsborough,2024-11-30,2149.163519805105
33548,Hillsborough,2024-12-31,2156.2328510006123
33548,Hillsborough,2025-01-31,2202.520003191785
33548,Hillsborough,2025-02-28,2178.1000238223173
33548,Hillsborough,2025-03-31,2187.6530516516277
33548,Hillsborough,2025-04-30,2169.862325914069
33548,Hillsborough,2025-05-31,2234.3996794755976
33548,Hillsborough,2025-06-30,2278.1883500078825
33548,Hillsborough,2025-07-31,2288.243123630752
33548,Hillsborough,2025-08-31,2276.108662024262
33548,Hillsborough,2025-09-30,2268.5245153141395
33548,Hillsborough,2025-10-31,2268.240609784413
33548,Hillsborough,2025-11-30,2295.522596787385
33548,Hillsborough,2025-12-31,2316.7462385988065
33548,Hillsborough,2026-01-31,2346.775508134955
33548,Hillsborough,2026-02-28,2326.2371676671496
33548,Hillsborough,2026-03-31,2267.7257583677906
33548,Hillsborough,2026-04-30,2240.11118474332
33548,Hillsborough,2026-05-31,2233.482113388386
33548,Hillsborough,2026-06-30,2232.25
33767,Pinellas,2022-01-31,3150.967208527007
33767,Pinellas,2022-02-28,3120.3442752473675
33767,Pinellas,2022-03-31,3163.3720409356347
33767,Pinellas,2022-04-30,3096.9972290141245
33767,Pinellas,2022-05-31,3087.8034008894024
33767,Pinellas,2022-06-30,3052.6020666142213
33767,Pinellas,2022-07-31,3141.9097281721265
33767,Pinellas,2022-08-31,3249.1855277862587
33767,Pinellas,2022-09-30,3150.605044826436
33767,Pinellas,2022-10-31,3190.781396138318
33767,Pinellas,2022-11-30,3198.134337936417
33767,Pinellas,2022-12-31,3419.103962001088
33767,Pinellas,2023-01-31,3436.824186958538
33767,Pinellas,2023-02-28,3427.610790091259
33767,Pinellas,2023-03-31,3336.0444380146528
33767,Pinellas,2023-04-30,3397.021204502475
33767,Pinellas,2023-05-31,3500.309800296096
33767,Pinellas,2023-06-30,3478.45673536118
33767,Pinellas,2023-07-31,3471.9874452851723
33767,Pinellas,2023-08-31,3466.7176139805706
33767,Pinellas,2023-09-30,3568.148114495935
33767,Pinellas,2023-10-31,3536.73463445219
33767,Pinellas,2023-11-30,3497.0241882850232
33767,Pinellas,2023-12-31,3426.623311683984
33767,Pinellas,2024-01-31,3421.0877150116635
33767,Pinellas,2024-02-29,3457.5355019574213
33767,Pinellas,2024-03-31,3469.9361740065738
33767,Pinellas,2024-04-30,3477.173219613936
33767,Pinellas,2024-05-31,3536.9026520783755
33767,Pinellas,2024-06-30,3611.218200923071
33767,Pinellas,2024-07-31,3669.014698136021
33767,Pinellas,2024-08-31,3667.5134618666093
33767,Pinellas,2024-09-30,3654.388727790706
33767,Pinellas,2024-10-31,3597.1745383949665
33767,Pinellas,2024-11-30,3575.56176055462
33767,Pinellas,2024-12-31,3587.143599867102
33767,Pinellas,2025-01-31,3623.4897037692726
33767,Pinellas,2025-02-28,3626.688320170656
33767,Pinellas,2025-03-31,3607.2817217567363
33767,Pinellas,2025-04-30,3576.2424577197053
33767,Pinellas,2025-05-31,3535.5683504864824
33767,Pinellas,2025-06-30,3579.328208117123
33767,Pinellas,2025-07-31,3565.954833276323
33767,Pinellas,2025-08-31,3542.541545985714
33767,Pinellas,2025-09-30,3567.152680204149
33767,Pinellas,2025-10-31,3627.866388731705
33767,Pinellas,2025-11-30,3729.6235355942244
33767,Pinellas,2025-12-31,3730.819490955225
33767,Pinellas,2026-01-31,3733.846765162205
33767,Pinellas,2026-02-28,3670.2456660684234
33767,Pinellas,2026-03-31,3700.116309437543
33767,Pinellas,2026-04-30,3779.1060819582203
33767,Pinellas,2026-05-31,3815.2691562260584
33767,Pinellas,2026-06-30,3716.1904761904766
33762,Pinellas,2023-05-31,1757.4888547840433
33762,Pinellas,2023-06-30,1786.7685028690005
33762,Pinellas,2023-07-31,1784.9402751957496
33762,Pinellas,2023-08-31,1761.9764904192396
33762,Pinellas,2023-09-30,1783.184695812603
33762,Pinellas,2023-10-31,1766.541005384301
33762,Pinellas,2023-11-30,1774.2842743551935
33762,Pinellas,2023-12-31,1754.0192249491208
33762,Pinellas,2024-01-31,1775.7118147205356
33762,Pinellas,2024-02-29,1797.0240229759627
33762,Pinellas,2024-03-31,1776.0753040665354
33762,Pinellas,2024-04-30,1776.2535644892794
33762,Pinellas,2024-05-31,1747.2576985337964
33762,Pinellas,2024-06-30,1751.3241654976337
33762,Pinellas,2024-07-31,1749.5836742279985
33762,Pinellas,2024-08-31,1769.812044456865
33762,Pinellas,2024-09-30,1751.855532258592
33762,Pinellas,2024-10-31,1753.969302136212
33762,Pinellas,2024-11-30,1741.9324584883793
33762,Pinellas,2024-12-31,1766.6582415231567
33762,Pinellas,2025-01-31,1772.991415652581
33762,Pinellas,2025-02-28,1816.716860176921
33762,Pinellas,2025-03-31,1847.2133412243365
33762,Pinellas,2025-04-30,1859.4393472474999
33762,Pinellas,2025-05-31,1864.0280480162774
33762,Pinellas,2025-06-30,1848.5391409264657
33762,Pinellas,2025-07-31,1848.8804379764636
33762,Pinellas,2025-08-31,1818.8775523608156
33762,Pinellas,2025-09-30,1805.9293636217903
33762,Pinellas,2025-10-31,1789.359278232051
33762,Pinellas,2025-11-30,1809.787444058727
33762,Pinellas,2025-12-31,1805.0876247770175
33762,Pinellas,2026-01-31,1846.4349531123696
33762,Pinellas,2026-02-28,1811.9157401450968
33762,Pinellas,2026-03-31,1820.8121732013094
33762,Pinellas,2026-04-30,1815.9024684826913
33762,Pinellas,2026-05-31,1824.6523243884178
33762,Pinellas,2026-06-30,1834.1944444444443
33715,Pinellas,2026-01-31,2654.7054232952
33715,Pinellas,2026-02-28,3008.6718587421824
33715,Pinellas,2026-03-31,3224.7656641342023
33715,Pinellas,2026-04-30,3302.0334013085835
33715,Pinellas,2026-05-31,2950.9600960964203
33715,Pinellas,2026-06-30,2778.3333333333335
33576,Pasco,2025-03-31,2094.800065496202
33576,Pasco,2025-04-30,2109.6971336220313
33576,Pasco,2025-05-31,2093.888922152915
33576,Pasco,2025-06-30,2093.855890841616
33576,Pasco,2025-07-31,2074.215243281783
33576,Pasco,2025-08-31,2099.0360535852583
33576,Pasco,2025-09-30,2109.8866390929466
33576,Pasco,2025-10-31,2123.462507228004
33576,Pasco,2025-11-30,2097.931993511357
33576,Pasco,2025-12-31,2109.962257310535
33576,Pasco,2026-01-31,2119.841326254796
33576,Pasco,2026-02-28,2127.307825572639
33576,Pasco,2026-03-31,2116.511262493422
33576,Pasco,2026-04-30,2093.9641124789077
33576,Pasco,2026-05-31,2109.9842550649782
33576,Pasco,2026-06-30,2099.090909090909
